grid_id,imp_percent,imp_score,flood_score,green_score,greenview_index,storwater_managed,treecountestimate,overall_score
1,43.00793632,4,0,,,0,0,1.333333333
2,54.20534991,3,1,,,0,0,1.333333333
3,54.06893778,3,1,,,0,0,1.333333333
4,79.20314775,2,1,0,17.94623512,156800,196,1
5,94.98525888,0,1,,,0,0,0.333333333
6,93.08160274,0,1,,,0,0,0.333333333
7,82.45613198,0,0,,,0,0,0
8,52.80578858,3,3,2,9.366145833,11200,14,2.666666667
9,,0,5,,,0,0,1.666666667
10,86.89702166,0,0,,,0,0,0
11,,0,4,,,0,0,1.333333333
12,89.48522369,0,3,,,0,0,1
13,94.69985233,0,3,0,8.467565104,89600,112,1
14,99.87399737,0,0,,,0,0,0
15,30.86054399,4,0,,,0,0,1.333333333
16,87.39234064,0,3,5,27.606875,36800,46,2.666666667
17,78.95122817,2,3,,,0,0,1.666666667
18,,0,0,,,0,0,0
19,79.64485372,2,3,3,13.960625,112000,140,2.666666667
20,80.81944254,0,3,0,18.15527462,158400,198,1
21,87.65063636,0,1,2,11.57549479,44800,56,1
22,86.96169393,0,1,5,31.88533854,172800,216,2
23,98.8986995,0,0,,,0,0,0
24,91.15400566,0,3,0,18.76777083,288000,360,1
25,37.73465559,4,0,,,0,0,1.333333333
26,89.9337695,0,1,0,16.85759115,89600,112,0.333333333
27,82.74187196,0,3,,,0,0,1
28,83.71106906,0,0,3,12.49679688,44800,56,1
29,92.6569651,0,3,,,0,0,1
30,68.8286068,2,0,,,0,0,0.666666667
31,93.52407132,0,3,,,0,0,1
32,82.88380802,0,1,,,0,0,0.333333333
33,79.83989197,2,1,,,0,0,1
34,90.52442706,0,0,5,21.96116186,187200,234,1.666666667
35,94.40644645,0,3,,,0,0,1
36,89.19212212,0,3,0,5.998923611,38400,48,1
37,80.71133417,0,0,,,0,0,0
38,93.67190607,0,3,,,0,0,1
39,88.3529701,0,3,5,29.3934375,18400,23,2.666666667
40,83.72624926,0,3,0,16.6019401,89600,112,1
41,96.48538206,0,3,3,12.62189732,156800,196,2
42,21.1889905,5,0,0,6.5165625,6400,8,1.666666667
43,64.18388438,3,1,,,0,0,1.333333333
44,89.40845207,0,3,3,14.41088542,22400,28,2
45,96.34844588,0,1,,,0,0,0.333333333
46,68.20575867,2,1,5,29.16967448,147200,184,2.666666667
47,79.03637147,2,3,3,15.51484954,100800,126,2.666666667
48,99.47187501,0,3,2,9.969708333,112000,140,1.666666667
49,89.10328869,0,1,,,0,0,0.333333333
50,92.19468379,0,3,,,0,0,1
51,,0,5,,,0,0,1.666666667
52,69.58134653,2,3,,,0,0,1.666666667
53,5.286219066,5,0,,,0,0,1.666666667
54,79.69226654,2,1,,,0,0,1
55,78.76959249,2,0,,,0,0,0.666666667
56,49.44736899,4,0,,,0,0,1.333333333
57,90.58663608,0,0,,,0,0,0
58,75.70137673,2,0,0,16.93886642,190400,238,0.666666667
59,95.80007482,0,3,2,11.21894792,112000,140,1.666666667
60,84.58440891,0,3,,,0,0,1
61,88.82947196,0,3,2,9.512604167,44800,56,1.666666667
62,,0,5,,,0,0,1.666666667
63,67.89556285,2,0,,,0,0,0.666666667
64,78.41862987,2,0,,,0,0,0.666666667
65,78.61569903,2,0,,,0,0,0.666666667
66,,0,0,,,0,0,0
67,22.5942371,5,0,,,0,0,1.666666667
68,88.57199582,0,3,0,17.83846354,44800,56,1
69,92.08899858,0,3,0,16.83003064,190400,238,1
70,93.11488421,0,3,0,2.529214744,31200,39,1
71,81.12602916,0,3,0,16.93080729,134400,168,1
72,81.95934138,0,3,,,0,0,1
73,41.57256746,4,0,,,0,0,1.333333333
74,7.671556851,5,0,,,0,0,1.666666667
75,63.42208303,3,1,0,16.44980469,89600,112,1.333333333
76,,0,4,,,0,0,1.333333333
77,90.16741563,0,1,2,10.17166667,11200,14,1
78,4.256171756,5,1,5,23.79419271,57600,72,3.666666667
79,93.59668049,0,3,,,0,0,1
80,99.13182878,0,0,,,0,0,0
81,86.65472728,0,3,3,12.18571759,201600,252,2
82,43.31741347,4,0,,,0,0,1.333333333
83,83.83456095,0,0,2,10.32839015,123200,154,0.666666667
84,55.70561851,3,3,,,0,0,2
85,,0,0,,,0,0,0
86,,0,0,,,0,0,0
87,,0,4,,,0,0,1.333333333
88,56.24785812,3,0,,,0,0,1
89,90.93547158,0,0,,,0,0,0
90,60.0830456,3,3,,,0,0,2
91,84.81289682,0,3,,,0,0,1
92,86.56586981,0,3,,,0,0,1
93,89.34796782,0,3,3,15.14062153,336000,420,2
94,90.56494295,0,3,,,0,0,1
95,54.86965591,3,0,3,13.04191964,78400,98,2
96,94.64949415,0,0,,,0,0,0
97,76.7785844,2,3,,,0,0,1.666666667
98,96.02353048,0,0,,,0,0,0
99,100,0,0,,,0,0,0
100,,0,0,,,0,0,0
101,79.02262854,2,3,2,10.97566667,168000,210,2.333333333
102,63.93555901,3,0,,,0,0,1
103,17.28554757,5,0,,,0,0,1.666666667
104,92.40456759,0,1,0,19.00497396,57600,72,0.333333333
105,92.50411836,0,1,3,12.88649306,67200,84,1.333333333
106,88.26171172,0,1,2,8.711885417,112000,140,1
107,76.10892724,2,1,0,17.015625,11200,14,1
108,83.01197863,0,0,0,17.49033333,56000,70,0
109,36.64851089,4,0,,,0,0,1.333333333
110,61.58083736,3,0,,,0,0,1
111,68.52402142,2,0,,,0,0,0.666666667
112,38.01392163,4,0,,,0,0,1.333333333
113,73.14891691,2,0,,,0,0,0.666666667
114,7.850938558,5,0,5,31.41208333,64800,81,3.333333333
115,37.63877776,4,1,,,0,0,1.666666667
116,94.53755883,0,3,0,3.216996528,28800,36,1
117,78.17128684,2,3,,,0,0,1.666666667
118,99.63061365,0,0,,,0,0,0
119,86.31797964,0,3,,,0,0,1
120,,0,4,,,0,0,1.333333333
121,96.98866792,0,1,,,0,0,0.333333333
122,75.35323814,2,0,,,0,0,0.666666667
123,99.82168436,0,0,,,0,0,0
124,50.71813815,3,0,,,0,0,1
125,89.35910897,0,1,,,0,0,0.333333333
126,42.95687836,4,0,,,0,0,1.333333333
127,50.99677974,3,0,,,0,0,1
128,89.55705947,0,3,,,0,0,1
129,75.92894236,2,0,3,13.88916667,22400,28,1.666666667
130,94.31098542,0,3,,,0,0,1
131,93.55882943,0,3,0,18.0975,14400,18,1
132,94.47537625,0,1,0,3.08046875,19200,24,0.333333333
133,72.76804581,2,0,0,8.375,11200,14,0.666666667
134,82.2739359,0,0,0,16.30628472,33600,42,0
135,83.47737466,0,3,5,25.4284375,18400,23,2.666666667
136,89.43293967,0,3,,,0,0,1
137,95.98539742,0,3,0,6.981056548,44800,56,1
138,84.05216219,0,1,2,10.56777778,33600,42,1
139,91.14993191,0,3,2,10.59980903,201600,252,1.666666667
140,50.52735599,3,0,,,0,0,1
141,7.150703848,5,3,,,0,0,2.666666667
142,91.62243139,0,3,3,16.21052885,145600,182,2
143,71.52542203,2,1,0,19.27213542,28800,36,1
144,85.85129763,0,3,2,12.01175347,67200,84,1.666666667
145,78.89217852,2,3,0,17.08194661,179200,224,1.666666667
146,37.9687452,4,1,0,2.439354167,12000,15,1.666666667
147,92.82303843,0,3,,,0,0,1
148,83.42323274,0,3,,,0,0,1
149,93.68913459,0,3,0,6.835958333,32000,40,1
150,100,0,0,,,0,0,0
151,63.74422212,3,0,,,0,0,1
152,99.26894505,0,0,,,0,0,0
153,90.84450348,0,3,3,13.9996875,156800,196,2
154,88.65774062,0,3,5,33.27552083,86400,108,2.666666667
155,66.53841721,2,3,3,14.63104167,33600,42,2.666666667
156,88.84548907,0,3,3,12.49915923,156800,196,2
157,95.22918457,0,3,,,0,0,1
158,92.76194539,0,3,3,15.97135417,44800,56,2
159,78.10947656,2,3,,,0,0,1.666666667
160,,0,4,,,0,0,1.333333333
161,3.257529175,5,1,,,0,0,2
162,94.21542237,0,3,,,0,0,1
163,97.05956422,0,1,0,7.708611111,19200,24,0.333333333
164,0.083010197,5,0,,,0,0,1.666666667
165,89.92534528,0,3,3,16.22607008,123200,154,2
166,93.53224036,0,3,0,8.231365741,100800,126,1
167,83.62756707,0,3,3,14.73725694,134400,168,2
168,90.16100042,0,3,0,20.28368304,201600,252,1
169,90.00780811,0,3,,,0,0,1
170,91.23056731,0,3,0,18.71809028,216000,270,1
171,92.16999871,0,0,,,0,0,0
172,99.46917292,0,0,,,0,0,0
173,62.5475882,3,1,,,0,0,1.333333333
174,93.98381219,0,1,5,23.95795139,43200,54,2
175,35.98930094,4,0,,,0,0,1.333333333
176,50.26083864,3,3,,,0,0,2
177,79.65707397,2,1,5,24.34445833,92000,115,2.666666667
178,,0,4,,,0,0,1.333333333
179,91.99306917,0,3,3,12.19895139,336000,420,2
180,,0,4,,,0,0,1.333333333
181,42.61771815,4,0,,,0,0,1.333333333
182,36.3059885,4,0,,,0,0,1.333333333
183,,0,4,,,0,0,1.333333333
184,,0,0,,,0,0,0
185,86.18209954,0,1,0,18.3840625,57600,72,0.333333333
186,42.41797459,4,1,,,0,0,1.666666667
187,87.04905092,0,3,0,5.906605903,76800,96,1
188,90.44868348,0,3,,,0,0,1
189,85.14101474,0,3,,,0,0,1
190,9.154250732,5,1,,,0,0,2
191,92.48677979,0,3,3,15.17578869,78400,98,2
192,,0,0,,,0,0,0
193,49.48008,4,0,,,0,0,1.333333333
194,99.7218023,0,3,,,0,0,1
195,93.30904554,0,3,,,0,0,1
196,88.90817219,0,0,,,0,0,0
197,93.45500831,0,3,0,8.296895833,280000,350,1
198,3.606506543,5,0,,,0,0,1.666666667
199,37.75250567,4,0,,,0,0,1.333333333
200,73.80300009,2,1,3,14.40003646,224000,280,2
201,91.95401352,0,0,,,0,0,0
202,,0,5,,,0,0,1.666666667
203,73.74412456,2,3,5,24.39622917,92000,115,3.333333333
204,65.23839218,2,3,,,0,0,1.666666667
205,92.90437494,0,3,,,0,0,1
206,68.39233851,2,1,,,0,0,1
207,93.05666943,0,0,,,0,0,0
208,86.74898854,0,3,,,0,0,1
209,73.17412269,2,1,5,26.78816406,294400,368,2.666666667
210,92.6979743,0,1,2,10.04151515,123200,154,1
211,58.82814937,3,1,,,0,0,1.333333333
212,92.58136007,0,3,,,0,0,1
213,95.78744925,0,3,0,8.529175347,268800,336,1
214,97.68422999,0,1,2,9.35000947,246400,308,1
215,99.79930546,0,1,,,0,0,0.333333333
216,46.72229063,4,0,,,0,0,1.333333333
217,47.33433628,4,3,3,14.73371094,89600,112,3.333333333
218,100,0,0,,,0,0,0
219,,0,4,,,0,0,1.333333333
220,77.33322405,2,1,0,16.86427083,22400,28,1
221,20.50806938,5,0,,,0,0,1.666666667
222,46.83720024,4,0,,,0,0,1.333333333
223,93.29547998,0,0,0,16.6184375,11200,14,0
224,91.23905887,0,3,3,12.85760417,11200,14,2
225,81.27361294,0,1,0,3.779583333,2400,3,0.333333333
226,44.21921654,4,3,3,14.96995833,56000,70,3.333333333
227,93.29330653,0,0,,,0,0,0
228,16.17443919,5,0,,,0,0,1.666666667
229,74.75588432,2,1,5,22.69478807,417600,522,2.666666667
230,73.77633112,2,0,,,0,0,0.666666667
231,27.60642597,5,3,5,21.69760417,57600,72,4.333333333
232,92.61115162,0,3,,,0,0,1
233,42.03063422,4,3,2,12.07973958,89600,112,3
234,12.33494338,5,0,,,0,0,1.666666667
235,92.63213035,0,1,3,12.18277778,67200,84,1.333333333
236,73.5529144,2,3,3,13.46322917,22400,28,2.666666667
237,18.15041079,5,3,,,0,0,2.666666667
238,40.69608777,4,0,,,0,0,1.333333333
239,,0,5,,,0,0,1.666666667
240,85.51179171,0,3,0,8.151041667,67200,84,1
241,87.51530964,0,3,,,0,0,1
242,98.6913477,0,0,0,7.2956875,96000,120,0
243,64.20754635,3,1,,,0,0,1.333333333
244,92.79955772,0,0,5,24.06822917,184000,230,1.666666667
245,21.62798273,5,0,,,0,0,1.666666667
246,88.66690105,0,1,,,0,0,0.333333333
247,54.59929617,3,3,,,0,0,2
248,85.48977443,0,3,,,0,0,1
249,71.21004069,2,3,5,47.74939583,800000,1000,3.333333333
250,88.39328383,0,3,,,0,0,1
251,48.5108076,4,0,,,0,0,1.333333333
252,30.48041384,4,0,,,0,0,1.333333333
253,84.26341241,0,0,,,0,0,0
254,,0,5,,,0,0,1.666666667
255,62.64325729,3,3,,,0,0,2
256,96.93752197,0,3,0,3.542268519,21600,27,1
257,93.01431731,0,0,2,9.676372549,190400,238,0.666666667
258,84.43438523,0,3,0,20.2715625,14400,18,1
259,91.0115119,0,3,,,0,0,1
260,99.77421915,0,0,,,0,0,0
261,86.81239716,0,3,,,0,0,1
262,70.64917949,2,0,2,12.16453125,22400,28,1.333333333
263,66.08576458,2,0,,,0,0,0.666666667
264,7.174315213,5,3,,,0,0,2.666666667
265,59.71940679,3,3,,,0,0,2
266,27.20121768,5,0,,,0,0,1.666666667
267,95.50223075,0,3,0,3.849479167,9600,12,1
268,91.63934474,0,1,,,0,0,0.333333333
269,,0,5,,,0,0,1.666666667
270,17.108226,5,0,,,0,0,1.666666667
271,86.39520666,0,3,,,0,0,1
272,32.03887099,4,0,,,0,0,1.333333333
273,82.98626162,0,3,,,0,0,1
274,,0,0,,,0,0,0
275,86.45577763,0,0,5,24.27802083,110400,138,1.666666667
276,78.00311693,2,1,3,14.46525391,179200,224,2
277,89.81376723,0,3,3,15.49502083,56000,70,2
278,85.6003289,0,3,,,0,0,1
279,,0,4,,,0,0,1.333333333
280,,0,4,,,0,0,1.333333333
281,,0,4,,,0,0,1.333333333
282,94.62180107,0,0,,,0,0,0
283,91.20104538,0,0,,,0,0,0
284,33.84750768,4,1,,,0,0,1.666666667
285,86.16681585,0,3,,,0,0,1
286,75.75736856,2,0,,,0,0,0.666666667
287,92.4123221,0,3,,,0,0,1
288,84.50946296,0,1,,,0,0,0.333333333
289,87.47074625,0,3,3,16.22539388,358400,448,2
290,81.53716081,0,3,,,0,0,1
291,92.91988801,0,3,0,16.32855903,67200,84,1
292,95.21006247,0,3,,,0,0,1
293,32.88897663,4,1,,,0,0,1.666666667
294,98.84952126,0,3,,,0,0,1
295,37.34859859,4,0,,,0,0,1.333333333
296,1.572238886,5,0,,,0,0,1.666666667
297,82.30433054,0,0,0,6.923142361,76800,96,0
298,92.61040931,0,3,,,0,0,1
299,87.54112074,0,3,2,9.238697917,67200,84,1.666666667
300,40.60169089,4,0,,,0,0,1.333333333
301,89.33228879,0,0,,,0,0,0
302,96.87461197,0,1,,,0,0,0.333333333
303,98.19325489,0,0,,,0,0,0
304,78.6516727,2,1,,,0,0,1
305,95.82405242,0,0,,,0,0,0
306,92.91408378,0,3,,,0,0,1
307,82.38799587,0,3,,,0,0,1
308,95.02564714,0,1,,,0,0,0.333333333
309,59.64777033,3,1,,,0,0,1.333333333
310,95.62963654,0,3,0,6.904780093,57600,72,1
311,87.31363908,0,3,2,11.72833333,11200,14,1.666666667
312,28.45377143,5,1,,,0,0,2
313,98.68326374,0,1,0,18.66319444,43200,54,0.333333333
314,90.40067467,0,3,,,0,0,1
315,87.86906921,0,3,0,3.840229167,12000,15,1
316,95.96107563,0,0,,,0,0,0
317,99.15084044,0,0,,,0,0,0
318,74.32827672,2,3,,,0,0,1.666666667
319,81.45413028,0,1,5,23.80340278,129600,162,2
320,59.45644996,3,3,,,0,0,2
321,89.68622019,0,3,0,18.04797554,331200,414,1
322,8.631267909,5,1,,,0,0,2
323,,0,0,,,0,0,0
324,38.69792577,4,0,,,0,0,1.333333333
325,84.48285854,0,0,0,6.543153409,70400,88,0
326,73.03711471,2,1,3,13.62820313,89600,112,2
327,67.26907003,2,3,,,0,0,1.666666667
328,,0,4,,,0,0,1.333333333
329,88.32952331,0,3,0,17.89458333,11200,14,1
330,79.82352475,2,0,,,0,0,0.666666667
331,46.59483237,4,3,,,0,0,2.333333333
332,94.4848654,0,3,0,3.650166667,12000,15,1
333,85.47972576,0,3,2,11.00875,134400,168,1.666666667
334,90.09528048,0,3,,,0,0,1
335,67.24794439,2,1,0,8.425729167,22400,28,1
336,52.3965787,3,1,5,23.01734375,316800,396,3
337,92.51089005,0,3,2,11.04408565,100800,126,1.666666667
338,,0,4,,,0,0,1.333333333
339,100,0,1,,,0,0,0.333333333
340,82.76914851,0,3,3,12.80253472,33600,42,2
341,20.06425401,5,5,0,6.702213542,25600,32,3.333333333
342,92.86743701,0,3,5,23.0684375,43200,54,2.666666667
343,88.84353072,0,3,,,0,0,1
344,82.41877738,0,3,0,16.96069444,33600,42,1
345,88.21211075,0,3,2,8.955416667,22400,28,1.666666667
346,99.8836201,0,0,,,0,0,0
347,,0,4,,,0,0,1.333333333
348,14.5323697,5,3,,,0,0,2.666666667
349,90.74837753,0,3,,,0,0,1
350,9.658352932,5,5,,,0,0,3.333333333
351,99.90047239,0,3,,,0,0,1
352,,0,0,,,0,0,0
353,96.78995508,0,0,,,0,0,0
354,91.40051715,0,3,0,3.790208333,33600,42,1
355,82.71802039,0,3,,,0,0,1
356,90.24688165,0,3,0,18.70408565,129600,162,1
357,86.09626896,0,3,3,13.47483631,78400,98,2
358,81.26385142,0,3,,,0,0,1
359,,0,4,,,0,0,1.333333333
360,94.92019173,0,1,0,2.720844907,21600,27,0.333333333
361,96.75686762,0,1,3,13.60885417,112000,140,1.333333333
362,39.72591093,4,3,3,16.22479167,145600,182,3.333333333
363,93.63691481,0,1,0,8.334348958,89600,112,0.333333333
364,95.63761904,0,3,0,8.262458333,56000,70,1
365,87.75613722,0,0,,,0,0,0
366,93.06437165,0,3,3,12.50784722,134400,168,2
367,86.26793011,0,1,2,9.662297794,190400,238,1
368,87.92166565,0,1,2,10.78434028,33600,42,1
369,99.1912809,0,0,,,0,0,0
370,3.496831875,5,0,,,0,0,1.666666667
371,92.66011426,0,3,0,4.320104167,6400,8,1
372,94.99003142,0,0,0,19.96673611,86400,108,0
373,90.99327403,0,3,0,8.611145833,100800,126,1
374,9.299788182,5,0,,,0,0,1.666666667
375,22.27843675,5,3,,,0,0,2.666666667
376,32.47472811,4,0,,,0,0,1.333333333
377,87.31459497,0,3,2,8.910351563,89600,112,1.666666667
378,92.16046608,0,3,0,2.866958333,12000,15,1
379,93.61930377,0,3,0,8.185520833,89600,112,1
380,65.42126903,2,0,,,0,0,0.666666667
381,85.85479059,0,3,,,0,0,1
382,71.28380764,2,3,0,7.087083333,25600,32,1.666666667
383,91.2901587,0,3,,,0,0,1
384,56.3149196,3,0,,,0,0,1
385,93.60245196,0,3,,,0,0,1
386,97.33042582,0,3,2,9.755245098,190400,238,1.666666667
387,92.93302782,0,3,2,11.81136905,78400,98,1.666666667
388,93.44914467,0,1,2,12.09052083,44800,56,1
389,92.36170913,0,3,,,0,0,1
390,95.5063605,0,1,3,12.18145833,67200,84,1.333333333
391,94.47752744,0,3,3,12.17759615,145600,182,2
392,82.97242357,0,3,,,0,0,1
393,62.37350303,3,0,5,27.60259766,294400,368,2.666666667
394,,0,0,,,0,0,0
395,95.80360414,0,3,,,0,0,1
396,57.19776146,3,0,,,0,0,1
397,34.04660498,4,0,,,0,0,1.333333333
398,93.91096755,0,3,,,0,0,1
399,93.99879964,0,0,,,0,0,0
400,73.24735706,2,0,,,0,0,0.666666667
401,96.15049305,0,3,,,0,0,1
402,93.68843605,0,1,0,20.81781994,403200,504,0.333333333
403,87.71063598,0,3,2,8.744270833,89600,112,1.666666667
404,86.71148533,0,0,,,0,0,0
405,,0,4,,,0,0,1.333333333
406,97.62782255,0,3,,,0,0,1
407,60.3763886,3,3,5,23.68625,144000,180,3.666666667
408,2.505332325,5,0,,,0,0,1.666666667
409,72.44800416,2,3,,,0,0,1.666666667
410,0.190063685,5,4,,,0,0,3
411,0.365368662,5,3,,,0,0,2.666666667
412,16.34527823,5,0,,,0,0,1.666666667
413,93.03155896,0,3,0,7.380270833,32000,40,1
414,90.1451577,0,3,3,14.79228125,112000,140,2
415,93.38640021,0,1,,,0,0,0.333333333
416,25.46060565,5,0,,,0,0,1.666666667
417,73.07076122,2,3,5,37.09204167,216000,270,3.333333333
418,,0,5,,,0,0,1.666666667
419,13.52914939,5,3,,,0,0,2.666666667
420,78.83833894,2,1,5,24.016875,73600,92,2.666666667
421,78.36691254,2,3,5,27.48239583,18400,23,3.333333333
422,91.31674838,0,0,0,19.98522917,72000,90,0
423,0.811330423,5,3,,,0,0,2.666666667
424,9.544906957,5,0,,,0,0,1.666666667
425,99.22724602,0,1,,,0,0,0.333333333
426,4.879779452,5,0,,,0,0,1.666666667
427,91.12992661,0,3,0,20.72614583,14400,18,1
428,61.75829157,3,1,5,33.27352083,324000,405,3
429,87.08963362,0,0,,,0,0,0
430,85.71253129,0,0,,,0,0,0
431,85.81473109,0,3,5,21.58652778,129600,162,2.666666667
432,87.2707863,0,3,,,0,0,1
433,81.31131417,0,3,3,12.79472083,280000,350,2
434,92.68878921,0,3,,,0,0,1
435,94.38116498,0,3,0,5.5578125,25600,32,1
436,30.85810347,4,0,,,0,0,1.333333333
437,84.72785777,0,0,,,0,0,0
438,74.23343604,2,0,,,0,0,0.666666667
439,85.99701118,0,3,5,24.46380208,110400,138,2.666666667
440,89.23686496,0,1,,,0,0,0.333333333
441,89.8805857,0,3,,,0,0,1
442,92.12620351,0,3,0,17.59473958,67200,84,1
443,80.39897003,0,3,0,18.51097917,144000,180,1
444,97.10062579,0,1,3,13.70932292,22400,28,1.333333333
445,87.77633891,0,3,,,0,0,1
446,90.26864107,0,3,2,10.6853125,156800,196,1.666666667
447,79.09886409,2,1,,,0,0,1
448,95.34744995,0,3,,,0,0,1
449,84.18796503,0,3,5,62.21932292,128000,160,2.666666667
450,75.35585473,2,3,5,28.16533854,73600,92,3.333333333
451,91.02757754,0,3,0,20.03097222,43200,54,1
452,91.97531648,0,0,,,0,0,0
453,67.33268982,2,3,,,0,0,1.666666667
454,97.17834725,0,0,,,0,0,0
455,79.14784986,2,0,2,11.70520833,112000,140,1.333333333
456,68.48700759,2,3,0,17.87262587,268800,336,1.666666667
457,98.01231422,0,3,2,11.65604861,168000,210,1.666666667
458,92.22275632,0,3,3,14.65167468,145600,182,2
459,63.71330364,3,3,5,25.60899306,110400,138,3.666666667
460,85.95425433,0,1,,,0,0,0.333333333
461,95.27124187,0,3,,,0,0,1
462,85.59413707,0,1,,,0,0,0.333333333
463,68.17680846,2,3,0,16.70915509,100800,126,1.666666667
464,99.70383253,0,1,,,0,0,0.333333333
465,85.66371497,0,3,0,16.65213235,190400,238,1
466,49.21943125,4,3,0,19.84513889,43200,54,2.333333333
467,82.19969484,0,3,0,19.40497396,172800,216,1
468,90.92724023,0,3,0,20.63539435,201600,252,1
469,87.62151995,0,1,,,0,0,0.333333333
470,93.73549377,0,0,,,0,0,0
471,,0,4,,,0,0,1.333333333
472,94.82684938,0,3,3,12.26704545,123200,154,2
473,24.72304092,5,0,,,0,0,1.666666667
474,,0,4,,,0,0,1.333333333
475,86.67740941,0,3,3,16.11320833,112000,140,2
476,70.67341004,2,3,,,0,0,1.666666667
477,92.43181101,0,3,3,14.66673611,67200,84,2
478,89.13803044,0,3,,,0,0,1
479,92.70377394,0,3,,,0,0,1
480,79.45065349,2,3,,,0,0,1.666666667
481,95.96693301,0,3,0,6.666892361,76800,96,1
482,93.80909986,0,1,3,15.32208333,11200,14,1.333333333
483,80.891967,0,3,,,0,0,1
484,66.0417777,2,1,0,4.919541667,32000,40,1
485,97.60256705,0,3,0,16.77958333,11200,14,1
486,73.45444285,2,1,,,0,0,1
487,90.89133925,0,0,,,0,0,0
488,92.93597451,0,0,0,16.29864583,22400,28,0
489,83.80358436,0,3,5,28.98177083,55200,69,2.666666667
490,82.94713459,0,3,,,0,0,1
491,78.68786851,2,1,,,0,0,1
492,99.99955615,0,0,,,0,0,0
493,81.22247403,0,3,,,0,0,1
494,61.94256657,3,1,,,0,0,1.333333333
495,81.48795859,0,0,2,10.79285985,123200,154,0.666666667
496,89.47464184,0,3,5,22.021875,14400,18,2.666666667
497,93.93756814,0,3,0,8.597256944,33600,42,1
498,50.25264805,3,5,,,0,0,2.666666667
499,83.19285432,0,3,5,26.38145833,184000,230,2.666666667
500,90.58621108,0,1,,,0,0,0.333333333
501,93.94359338,0,3,0,4.681102431,76800,96,1
502,97.30199161,0,3,3,12.17434245,179200,224,2
503,90.80000578,0,3,0,5.455729167,25600,32,1
504,90.50145701,0,1,,,0,0,0.333333333
505,,0,4,,,0,0,1.333333333
506,94.59294743,0,1,2,10.79596726,78400,98,1
507,54.95270582,3,3,,,0,0,2
508,79.39492115,2,0,2,9.417541667,56000,70,1.333333333
509,60.41849166,3,3,2,10.51766667,56000,70,2.666666667
510,89.2207309,0,3,0,8.060350379,123200,154,1
511,79.41158347,2,3,0,18.07491898,129600,162,1.666666667
512,86.1027573,0,3,2,11.8243125,168000,210,1.666666667
513,85.81549115,0,0,,,0,0,0
514,85.17135315,0,0,,,0,0,0
515,51.65511226,3,3,,,0,0,2
516,91.96234817,0,3,0,6.836380208,102400,128,1
517,28.05488974,5,3,,,0,0,2.666666667
518,94.166975,0,3,,,0,0,1
519,83.28336656,0,1,,,0,0,0.333333333
520,90.60703464,0,3,3,13.62520833,145600,182,2
521,44.39335418,4,1,,,0,0,1.666666667
522,24.01009947,5,3,,,0,0,2.666666667
523,38.16299078,4,1,5,26.25389358,680800,851,3.333333333
524,91.72261866,0,1,,,0,0,0.333333333
525,92.91022734,0,3,5,22.73770833,14400,18,2.666666667
526,89.32701805,0,0,,,0,0,0
527,70.68230246,2,0,,,0,0,0.666666667
528,53.62113955,3,3,2,11.7435016,145600,182,2.666666667
529,96.33339314,0,3,2,10.22661458,22400,28,1.666666667
530,94.77894917,0,3,2,8.7584375,11200,14,1.666666667
531,,0,4,,,0,0,1.333333333
532,77.19009493,2,3,,,0,0,1.666666667
533,81.58997112,0,1,5,30.9125,21600,27,2
534,40.79089044,4,0,0,19.85548177,115200,144,1.333333333
535,88.99265868,0,3,,,0,0,1
536,62.86472381,3,1,,,0,0,1.333333333
537,64.00609066,3,3,,,0,0,2
538,93.66385306,0,3,2,9.677044271,89600,112,1.666666667
539,84.0030474,0,3,,,0,0,1
540,31.70926247,4,3,0,7.285972222,19200,24,2.333333333
541,79.94939894,2,1,,,0,0,1
542,97.41860403,0,1,2,11.35247768,156800,196,1
543,95.06102248,0,3,,,0,0,1
544,90.13785759,0,3,0,17.9085119,156800,196,1
545,95.12894163,0,3,5,23.08015625,57600,72,2.666666667
546,88.5449771,0,3,3,16.14677083,11200,14,2
547,32.17544264,4,1,5,31.56904356,475200,594,3.333333333
548,0.748653309,5,0,,,0,0,1.666666667
549,44.13263504,4,1,,,0,0,1.666666667
550,87.52019346,0,3,,,0,0,1
551,88.47756293,0,3,0,8.16952381,156800,196,1
552,83.12063139,0,3,5,28.80161458,257600,322,2.666666667
553,89.88935337,0,1,0,16.46928125,112000,140,0.333333333
554,61.74804637,3,3,,,0,0,2
555,91.06547003,0,3,2,9.963229167,134400,168,1.666666667
556,96.09993653,0,3,2,8.770094697,123200,154,1.666666667
557,98.76173432,0,1,,,0,0,0.333333333
558,93.21152552,0,3,,,0,0,1
559,,0,0,,,0,0,0
560,40.87012102,4,0,,,0,0,1.333333333
561,91.77002918,0,3,3,15.02657853,145600,182,2
562,73.41152392,2,3,,,0,0,1.666666667
563,84.19929838,0,1,,,0,0,0.333333333
564,81.43782696,0,0,,,0,0,0
565,,0,5,,,0,0,1.666666667
566,94.89134514,0,3,0,18.0067661,316800,396,1
567,24.04158421,5,0,0,17.89033854,89600,112,1.666666667
568,,0,0,,,0,0,0
569,45.55432995,4,3,,,0,0,2.333333333
570,6.486300191,5,1,,,0,0,2
571,53.79469074,3,3,,,0,0,2
572,93.44472288,0,0,3,12.42820313,44800,56,1
573,90.62954707,0,3,2,11.25199561,212800,266,1.666666667
574,50.46711196,3,1,,,0,0,1.333333333
575,90.93593304,0,3,,,0,0,1
576,96.5204406,0,0,,,0,0,0
577,,0,4,,,0,0,1.333333333
578,100,0,0,,,0,0,0
579,90.70950104,0,3,0,5.167447917,76800,96,1
580,85.30951629,0,0,2,8.8205,112000,140,0.666666667
581,95.62001328,0,3,0,5.684743056,96000,120,1
582,58.61622854,3,0,,,0,0,1
583,89.0799844,0,3,3,15.621375,56000,70,2
584,93.19523339,0,3,2,11.38927083,78400,98,1.666666667
585,100,0,3,,,0,0,1
586,95.58482747,0,3,,,0,0,1
587,56.86043429,3,0,5,21.43876603,187200,234,2.666666667
588,88.02118504,0,3,5,23.56131667,360000,450,2.666666667
589,68.04638189,2,3,0,16.90828125,67200,84,1.666666667
590,93.02404677,0,3,,,0,0,1
591,68.56003181,2,0,0,16.24413194,67200,84,0.666666667
592,71.50733045,2,1,,,0,0,1
593,,0,4,,,0,0,1.333333333
594,91.77908655,0,3,3,13.06431944,168000,210,2
595,28.13485742,5,5,,,0,0,3.333333333
596,91.0898373,0,3,2,10.52728299,134400,168,1.666666667
597,92.63363929,0,1,,,0,0,0.333333333
598,92.93389491,0,1,,,0,0,0.333333333
599,87.63814306,0,1,,,0,0,0.333333333
600,,0,5,,,0,0,1.666666667
601,94.07008301,0,3,,,0,0,1
602,87.0172384,0,1,,,0,0,0.333333333
603,,0,4,,,0,0,1.333333333
604,,0,0,,,0,0,0
605,99.11537479,0,0,,,0,0,0
606,2.630672076,5,4,,,0,0,3
607,90.4576734,0,3,,,0,0,1
608,89.14914651,0,1,,,0,0,0.333333333
609,93.06823692,0,0,,,0,0,0
610,,0,5,,,0,0,1.666666667
611,80.35758156,0,3,,,0,0,1
612,86.12079774,0,3,0,5.692643229,102400,128,1
613,64.28298262,3,3,5,22.15171875,28800,36,3.666666667
614,92.73511271,0,3,0,16.92878472,100800,126,1
615,84.29291604,0,3,3,15.94098958,134400,168,2
616,91.39003383,0,3,,,0,0,1
617,74.56397084,2,0,5,27.47423611,55200,69,2.333333333
618,84.32587973,0,3,,,0,0,1
619,43.58220268,4,0,,,0,0,1.333333333
620,90.46658874,0,3,2,10.80121528,33600,42,1.666666667
621,96.94534093,0,1,2,11.92130556,168000,210,1
622,76.10869952,2,3,0,19.49501302,115200,144,1.666666667
623,97.61656648,0,3,,,0,0,1
624,0.640621408,5,3,,,0,0,2.666666667
625,98.81621087,0,0,0,16.7296875,11200,14,0
626,68.83700457,2,0,,,0,0,0.666666667
627,95.69842166,0,3,,,0,0,1
628,72.67337251,2,1,,,0,0,1
629,93.40011136,0,1,,,0,0,0.333333333
630,87.90531253,0,3,0,7.683528646,51200,64,1
631,82.48378367,0,3,0,7.129322917,38400,48,1
632,91.47225921,0,3,2,9.315856481,100800,126,1.666666667
633,89.02652103,0,0,0,20.48246528,129600,162,0
634,87.36016928,0,1,,,0,0,0.333333333
635,65.18578288,2,3,,,0,0,1.666666667
636,40.63622182,4,0,,,0,0,1.333333333
637,44.99295503,4,0,,,0,0,1.333333333
638,89.72241732,0,0,,,0,0,0
639,91.33507534,0,3,,,0,0,1
640,71.03598687,2,1,,,0,0,1
641,81.86352153,0,3,,,0,0,1
642,59.93027258,3,0,0,5.80921875,51200,64,1
643,76.53432172,2,0,,,0,0,0.666666667
644,42.15305738,4,0,,,0,0,1.333333333
645,75.16197848,2,0,,,0,0,0.666666667
646,87.10773614,0,3,2,9.073731061,123200,154,1.666666667
647,88.11337544,0,0,,,0,0,0
648,90.80298707,0,3,,,0,0,1
649,86.5751219,0,3,3,13.79453125,112000,140,2
650,,0,4,,,0,0,1.333333333
651,83.59658012,0,1,,,0,0,0.333333333
652,18.97903961,5,1,,,0,0,2
653,65.65759217,2,3,,,0,0,1.666666667
654,87.42849058,0,3,2,11.08682292,44800,56,1.666666667
655,17.89141071,5,1,5,30.42644676,388800,486,3.666666667
656,63.9156499,3,3,,,0,0,2
657,94.40510633,0,3,,,0,0,1
658,93.97965668,0,3,2,10.22565104,44800,56,1.666666667
659,95.3429071,0,3,,,0,0,1
660,,0,4,,,0,0,1.333333333
661,,0,4,,,0,0,1.333333333
662,64.99112566,3,3,,,0,0,2
663,92.42828974,0,3,2,11.07075,56000,70,1.666666667
664,94.63962683,0,3,0,7.555442708,25600,32,1
665,,0,4,,,0,0,1.333333333
666,87.39657283,0,0,0,5.850520833,19200,24,0
667,90.36566945,0,3,0,18.336875,28800,36,1
668,85.79239122,0,3,,,0,0,1
669,86.31806811,0,1,2,9.6065625,22400,28,1
670,72.21819288,2,3,,,0,0,1.666666667
671,82.48205879,0,3,,,0,0,1
672,,0,0,,,0,0,0
673,96.03613158,0,3,,,0,0,1
674,59.13386608,3,0,,,0,0,1
675,88.60684429,0,1,2,10.11875,11200,14,1
676,92.27938796,0,3,,,0,0,1
677,91.93584931,0,3,2,9.229739583,22400,28,1.666666667
678,5.057327341,5,1,,,0,0,2
679,93.48010054,0,3,2,11.59454861,67200,84,1.666666667
680,95.69868768,0,3,0,5.9590625,19200,24,1
681,90.25681081,0,3,,,0,0,1
682,60.74600434,3,0,,,0,0,1
683,86.12838384,0,3,0,8.608177083,112000,140,1
684,62.02541015,3,3,0,20.98705729,57600,72,2
685,91.90059018,0,3,3,14.58201389,33600,42,2
686,80.32063373,0,0,5,21.87736111,43200,54,1.666666667
687,90.75469899,0,3,,,0,0,1
688,91.56188611,0,3,,,0,0,1
689,92.7609489,0,3,0,18.95392708,144000,180,1
690,84.82722681,0,0,,,0,0,0
691,92.11738452,0,0,0,20.30327083,360000,450,0
692,14.27490848,5,3,,,0,0,2.666666667
693,87.65600223,0,3,2,9.456770833,44800,56,1.666666667
694,87.73898089,0,3,0,16.92578704,100800,126,1
695,94.03317774,0,3,3,12.57619444,168000,210,2
696,59.24670359,3,3,5,24.59227564,239200,299,3.666666667
697,,0,4,,,0,0,1.333333333
698,78.6448656,2,0,3,14.04331495,190400,238,1.666666667
699,87.13921947,0,3,3,14.71630435,257600,322,2
700,94.96702309,0,3,,,0,0,1
701,68.60584659,2,3,,,0,0,1.666666667
702,99.8720376,0,0,,,0,0,0
703,76.87775187,2,0,,,0,0,0.666666667
704,81.79524171,0,3,0,17.01136285,134400,168,1
705,26.78808952,5,1,5,23.45428571,100800,126,3.666666667
706,93.12583985,0,0,,,0,0,0
707,61.71926756,3,0,3,14.27911458,44800,56,2
708,62.50681095,3,0,0,4.8215625,6400,8,1
709,54.57065269,3,3,5,25.20961174,202400,253,3.666666667
710,88.64041815,0,3,,,0,0,1
711,73.38268788,2,0,,,0,0,0.666666667
712,90.86885957,0,1,3,12.51291667,11200,14,1.333333333
713,96.79981987,0,3,2,11.04845703,179200,224,1.666666667
714,89.87976772,0,3,,,0,0,1
715,80.43605577,0,3,,,0,0,1
716,91.98001727,0,3,,,0,0,1
717,57.99204926,3,0,2,9.281970486,134400,168,1.666666667
718,14.24744856,5,0,,,0,0,1.666666667
719,98.65327034,0,1,,,0,0,0.333333333
720,77.5642298,2,3,0,20.25016098,158400,198,1.666666667
721,39.79247432,4,0,,,0,0,1.333333333
722,92.71433678,0,3,2,12.14317057,179200,224,1.666666667
723,82.54880902,0,3,,,0,0,1
724,71.15719943,2,1,,,0,0,1
725,82.8373608,0,0,,,0,0,0
726,87.6920888,0,3,2,11.0396875,67200,84,1.666666667
727,22.73434773,5,3,,,0,0,2.666666667
728,92.2262383,0,3,,,0,0,1
729,60.45575043,3,3,5,27.42882246,423200,529,3.666666667
730,92.13084919,0,3,0,7.301895833,32000,40,1
731,90.2090826,0,3,,,0,0,1
732,83.88358916,0,3,,,0,0,1
733,92.79135438,0,3,0,7.556302083,76800,96,1
734,,0,0,,,0,0,0
735,10.29386504,5,0,5,32.14917708,216000,270,3.333333333
736,83.38192341,0,3,,,0,0,1
737,85.10824231,0,1,,,0,0,0.333333333
738,19.48385145,5,0,,,0,0,1.666666667
739,92.11294076,0,3,5,35.57190972,64800,81,2.666666667
740,95.15009316,0,3,0,6.648663194,115200,144,1
741,84.56414992,0,1,2,10.79222917,56000,70,1
742,,0,4,,,0,0,1.333333333
743,97.62483337,0,3,0,5.760958333,32000,40,1
744,99.33724043,0,3,,,0,0,1
745,92.19694585,0,3,,,0,0,1
746,69.42567711,2,1,0,17.31510417,22400,28,1
747,77.02594896,2,0,,,0,0,0.666666667
748,19.1097293,5,0,5,24.92972222,55200,69,3.333333333
749,82.36403343,0,1,,,0,0,0.333333333
750,90.63911713,0,1,5,22.773,72000,90,2
751,,0,4,,,0,0,1.333333333
752,64.14866618,3,0,,,0,0,1
753,21.19064115,5,3,,,0,0,2.666666667
754,24.47098774,5,3,5,24.72010417,18400,23,4.333333333
755,,0,5,,,0,0,1.666666667
756,65.29071468,2,1,5,31.75305208,216000,270,2.666666667
757,60.50751873,3,3,,,0,0,2
758,92.72611346,0,3,3,13.04136619,291200,364,2
759,94.47943876,0,3,3,15.44227083,56000,70,2
760,91.59518178,0,3,,,0,0,1
761,38.87974927,4,3,5,23.60445076,158400,198,4
762,96.77288898,0,3,,,0,0,1
763,87.55329309,0,3,,,0,0,1
764,86.93341604,0,3,5,21.47490885,230400,288,2.666666667
765,15.18851257,5,3,5,44.16914583,120000,150,4.333333333
766,43.06042795,4,3,,,0,0,2.333333333
767,76.58295495,2,0,,,0,0,0.666666667
768,65.24438457,2,1,,,0,0,1
769,12.54998474,5,0,,,0,0,1.666666667
770,,0,4,,,0,0,1.333333333
771,91.07240258,0,3,5,21.71523148,129600,162,2.666666667
772,93.643241,0,3,,,0,0,1
773,93.12867145,0,3,3,13.85469742,235200,294,2
774,28.72035958,5,0,2,9.535520833,11200,14,2.333333333
775,,0,4,,,0,0,1.333333333
776,68.30866256,2,3,5,30.7309375,410400,513,3.333333333
777,85.27872875,0,3,3,13.88266026,145600,182,2
778,94.1408677,0,3,,,0,0,1
779,81.08391353,0,3,3,12.88111458,112000,140,2
780,88.13231022,0,3,0,16.75011285,134400,168,1
781,87.04259561,0,3,,,0,0,1
782,89.97507578,0,3,,,0,0,1
783,,0,4,,,0,0,1.333333333
784,98.81018063,0,3,,,0,0,1
785,88.48569678,0,3,5,23.50024306,86400,108,2.666666667
786,59.847727,3,1,5,24.55166667,55200,69,3
787,92.60003673,0,3,5,30.09975694,64800,81,2.666666667
788,93.54159874,0,3,2,11.8034375,112000,140,1.666666667
789,63.18601893,3,0,,,0,0,1
790,84.78137395,0,0,0,6.754479167,6400,8,0
791,84.84959087,0,1,,,0,0,0.333333333
792,91.92741706,0,3,3,13.7360119,156800,196,2
793,5.313732707,5,0,,,0,0,1.666666667
794,83.779717,0,1,,,0,0,0.333333333
795,92.99631642,0,3,,,0,0,1
796,89.84042209,0,3,0,7.493770833,32000,40,1
797,6.482112296,5,3,,,0,0,2.666666667
798,84.09875098,0,1,5,21.478125,57600,72,2
799,91.50434836,0,0,,,0,0,0
800,60.74831256,3,3,5,32.62081667,540000,675,3.666666667
801,97.93859013,0,0,,,0,0,0
802,79.63333006,2,1,,,0,0,1
803,91.60518837,0,3,,,0,0,1
804,100,0,3,,,0,0,1
805,84.2954585,0,3,3,13.76967593,302400,378,2
806,62.58471094,3,0,,,0,0,1
807,,0,5,,,0,0,1.666666667
808,,0,4,,,0,0,1.333333333
809,88.39411096,0,3,,,0,0,1
810,97.79890028,0,0,,,0,0,0
811,93.58006181,0,1,3,14.10064583,112000,140,1.333333333
812,95.0933065,0,3,0,5.381041667,6400,8,1
813,57.8073227,3,0,,,0,0,1
814,92.79083598,0,3,0,20.63888542,144000,180,1
815,89.5971146,0,0,0,19.87375,86400,108,0
816,56.46421067,3,0,,,0,0,1
817,88.90039919,0,3,5,25.19454496,349600,437,2.666666667
818,0.441415196,5,3,,,0,0,2.666666667
819,94.42899556,0,3,0,5.783802083,38400,48,1
820,85.49309679,0,0,,,0,0,0
821,95.78685814,0,3,3,12.33801215,134400,168,2
822,83.51187608,0,1,5,25.916875,55200,69,2
823,,0,4,,,0,0,1.333333333
824,9.597020353,5,3,,,0,0,2.666666667
825,92.68833856,0,3,2,10.08754808,145600,182,1.666666667
826,85.03043637,0,3,0,18.56286458,57600,72,1
827,84.4160132,0,1,,,0,0,0.333333333
828,93.26272226,0,1,0,8.026429398,201600,252,0.333333333
829,71.0067313,2,0,0,3.095729167,7200,9,0.666666667
830,90.67201331,0,3,0,17.02359375,22400,28,1
831,36.12599381,4,1,,,0,0,1.666666667
832,93.72145395,0,3,2,11.91849826,134400,168,1.666666667
833,,0,0,,,0,0,0
834,91.37765908,0,3,3,13.70119391,145600,182,2
835,86.33903288,0,0,,,0,0,0
836,,0,0,,,0,0,0
