OBJECTID,Join_Count,TARGET_FID,Id,GeoID,PntNum,panoID,panoDate,greenView,greensum,Shape_Length,Shape_Area,greencount,treecountestimate,stormwater_managed,greenpercentile,greenscore
1,0,0,0,1,,,,,,2530.759036,385934.2149,#DIV/0!,0,0,#N/A,#N/A
2,0,1,0,2,,,,,,2655.53569,444097.0676,#DIV/0!,0,0,#N/A,#N/A
3,0,2,0,3,,,,,,2721.468967,450465.3712,#DIV/0!,0,0,#N/A,#N/A
4,14,3,0,4,2903,WSQk224-IF1cVMdEvW5zXg,2018-07,17.94623512,251.2472917,2721.46831,450465.1845,14,196,156800,0.700581395,0
5,0,4,0,5,,,,,,2721.46831,450465.1845,#DIV/0!,0,0,#N/A,#N/A
6,0,5,0,6,,,,,,2721.46831,450465.1845,#DIV/0!,0,0,#N/A,#N/A
7,0,6,0,7,,,,,,1415.468543,83295.57084,#DIV/0!,0,0,#N/A,#N/A
8,1,7,0,8,606,x_gx280atFkxcGgSUzZT8w,2018-07,9.366145833,9.366145833,2721.46831,450465.1845,1,14,11200,0.238372093,2
9,0,8,0,9,,,,,,1309.558507,47396.62977,#DIV/0!,0,0,#N/A,#N/A
10,0,9,0,10,,,,,,2721.46831,450465.1845,#DIV/0!,0,0,#N/A,#N/A
11,0,10,0,11,,,,,,149.2815312,887.257409,#DIV/0!,0,0,#N/A,#N/A
12,0,11,0,12,,,,,,2721.468967,450465.3712,#DIV/0!,0,0,#N/A,#N/A
13,8,12,0,13,672,IpvCNoYIljPD3VVcbG3JbA,2018-08,8.467565104,67.74052083,2721.46831,450465.1845,8,112,89600,0.186046512,0
14,0,13,0,14,,,,,,2721.46831,450465.1845,#DIV/0!,0,0,#N/A,#N/A
15,0,14,0,15,,,,,,2721.46831,450465.1845,#DIV/0!,0,0,#N/A,#N/A
16,2,15,0,16,1221,NxWIekTNybIxxrfICQSbpw,2018-07,27.606875,55.21375,2721.468967,450465.3712,2,46,36800,0.936046512,5
17,0,16,0,17,,,,,,2721.46831,450465.1845,#DIV/0!,0,0,#N/A,#N/A
18,0,17,0,18,,,,,,914.6784015,30384.36605,#DIV/0!,0,0,#N/A,#N/A
19,10,18,0,19,1638,85mbZI0S69bjRBj-fyV5XA,2018-07,13.960625,139.60625,2721.46831,450465.1845,10,140,112000,0.505813953,3
20,11,19,0,20,143,pxMAA3dkDJm9Qd083-CM2w,2018-07,18.15527462,199.7080208,2413.56607,309834.8004,11,198,158400,0.715116279,0
21,4,20,0,21,412,pHr5uAhGhk23rGaQw8DLeg,2018-07,11.57549479,46.30197917,2721.468967,450465.3712,4,56,44800,0.354651163,2
22,8,21,0,22,1966,o66erXW1ABFZ9r86dlZBMQ,2018-07,31.88533854,255.0827083,2721.46831,450465.1845,8,216,172800,0.973837209,5
23,0,22,0,23,,,,,,2721.46831,450465.1845,#DIV/0!,0,0,#N/A,#N/A
24,20,23,0,24,145,JBgImsr87xeoeWg326OAbQ,2018-07,18.76777083,375.3554167,2721.46831,450465.1845,20,360,288000,0.738372093,0
25,0,24,0,25,,,,,,2463.549582,297712.7507,#DIV/0!,0,0,#N/A,#N/A
26,8,25,0,26,172,EQhgLrZndzCORUSvcA-jAQ,2018-07,16.85759115,134.8607292,2721.46831,450465.1845,8,112,89600,0.64244186,0
27,0,26,0,27,,,,,,2648.504427,442705.5587,#DIV/0!,0,0,#N/A,#N/A
28,4,27,0,28,354,DEMTyUDt6wuBwDjjMjNx7Q,2018-07,12.49679688,49.9871875,2721.468967,450465.3712,4,56,44800,0.427325581,3
29,0,28,0,29,,,,,,2721.46831,450465.1845,#DIV/0!,0,0,#N/A,#N/A
30,0,29,0,30,,,,,,493.0264369,9440.835233,#DIV/0!,0,0,#N/A,#N/A
31,0,30,0,31,,,,,,2721.46831,450465.1845,#DIV/0!,0,0,#N/A,#N/A
32,0,31,0,32,,,,,,2721.46831,450465.1845,#DIV/0!,0,0,#N/A,#N/A
33,0,32,0,33,,,,,,2642.651228,365700.1943,#DIV/0!,0,0,#N/A,#N/A
34,13,33,0,34,2922,4Fke7cwNHjjrbctQNkG_eA,2018-07,21.96116186,285.4951042,1573.853255,140615.8497,13,234,187200,0.822674419,5
35,0,34,0,35,,,,,,2721.468967,450465.3712,#DIV/0!,0,0,#N/A,#N/A
36,6,35,0,36,2037,GA82V3SbCPcB6MmXkOQZzw,2018-07,5.998923611,35.99354167,2721.46831,450465.1845,6,48,38400,0.087209302,0
37,0,36,0,37,,,,,,2721.468967,450465.3712,#DIV/0!,0,0,#N/A,#N/A
38,0,37,0,38,,,,,,2721.46831,450465.1845,#DIV/0!,0,0,#N/A,#N/A
39,1,38,0,39,1483,hGAeERR7accA4AL6sJkIcQ,2018-07,29.3934375,29.3934375,2721.46831,450465.1845,1,23,18400,0.950581395,5
40,8,39,0,40,948,AjH--dd21qvi3LbQpK4lbQ,2018-07,16.6019401,132.8155208,2721.46831,450465.1845,8,112,89600,0.619186047,0
41,14,40,0,41,893,aW_Y3Vv-WmoAdGWeNVCcfw,2018-07,12.62189732,176.7065625,2721.46831,450465.1845,14,196,156800,0.441860465,3
42,1,41,0,42,1199,cbPU5GaAEeeL0U1vFsae3w,2018-07,6.5165625,6.5165625,2721.46831,450465.1845,1,8,6400,0.090116279,0
43,0,42,0,43,,,,,,2721.468966,450465.4443,#DIV/0!,0,0,#N/A,#N/A
44,2,43,0,44,1016,S_RPtl-QxT6THSx1ZqsgKQ,2018-07,14.41088542,28.82177083,2721.468967,450465.3712,2,28,22400,0.523255814,3
45,0,44,0,45,,,,,,2721.46831,450465.1845,#DIV/0!,0,0,#N/A,#N/A
46,8,45,0,46,490,XIGLs5Z2l2Jm58VUebZCJw,2018-07,29.16967448,233.3573958,2225.529111,243001.3311,8,184,147200,0.947674419,5
47,9,46,0,47,2024,oPJIE8n6Pe2MJzQYHyuztQ,2018-10,15.51484954,139.6336458,2221.606393,276746.6099,9,126,100800,0.572674419,3
48,10,47,0,48,470,1xmhTDxe9zOBQVDuFsjCEg,2018-07,9.969708333,99.69708333,2721.46831,450465.1845,10,140,112000,0.270348837,2
49,0,48,0,49,,,,,,2721.46831,450465.1845,#DIV/0!,0,0,#N/A,#N/A
50,0,49,0,50,,,,,,2721.468966,450465.4443,#DIV/0!,0,0,#N/A,#N/A
51,0,50,0,51,,,,,,1318.895719,73722.55427,#DIV/0!,0,0,#N/A,#N/A
52,0,51,0,52,,,,,,1801.489417,97197.82719,#DIV/0!,0,0,#N/A,#N/A
53,0,52,0,53,,,,,,2575.823724,401994.8427,#DIV/0!,0,0,#N/A,#N/A
54,0,53,0,54,,,,,,2530.676225,366275.2638,#DIV/0!,0,0,#N/A,#N/A
55,0,54,0,55,,,,,,2721.46831,450465.1845,#DIV/0!,0,0,#N/A,#N/A
56,0,55,0,56,,,,,,2721.46831,450465.1845,#DIV/0!,0,0,#N/A,#N/A
57,0,56,0,57,,,,,,2721.46831,450465.1845,#DIV/0!,0,0,#N/A,#N/A
58,17,57,0,58,343,Q-6GcaB7X1bvLesOFdEwVQ,2018-07,16.93886642,287.9607292,2721.46831,450465.1845,17,238,190400,0.659883721,0
59,10,58,0,59,2596,DOHsTdIwxwbK0-xMWFyJmg,2018-07,11.21894792,112.1894792,2721.46831,450465.1845,10,140,112000,0.343023256,2
60,0,59,0,60,,,,,,2721.46831,450465.1845,#DIV/0!,0,0,#N/A,#N/A
61,4,60,0,61,448,SVPm7JFd0hPzMKLUQWh-jA,2018-07,9.512604167,38.05041667,2721.46831,450465.1845,4,56,44800,0.247093023,2
62,0,61,0,62,,,,,,1282.209054,71308.45739,#DIV/0!,0,0,#N/A,#N/A
63,0,62,0,63,,,,,,2721.46831,450465.1845,#DIV/0!,0,0,#N/A,#N/A
64,0,63,0,64,,,,,,2678.476634,447643.6715,#DIV/0!,0,0,#N/A,#N/A
65,0,64,0,65,,,,,,2721.468967,450465.3712,#DIV/0!,0,0,#N/A,#N/A
66,0,65,0,66,,,,,,175.0590664,1142.011217,#DIV/0!,0,0,#N/A,#N/A
67,0,66,0,67,,,,,,2721.46831,450465.1845,#DIV/0!,0,0,#N/A,#N/A
68,4,67,0,68,111,vOzEW0OiziN4o51DCfNSBA,2018-07,17.83846354,71.35385417,2721.46831,450465.1845,4,56,44800,0.686046512,0
69,17,68,0,69,662,FJt2b6xO6uZ8FrEo_QNebw,2018-08,16.83003064,286.1105208,2721.468967,450465.3712,17,238,190400,0.639534884,0
70,13,69,0,70,1426,3NpQfGrIRKZH-sYIMHSiPg,2018-07,2.529214744,32.87979167,2721.46831,450465.1845,13,39,31200,0.005813953,0
71,12,70,0,71,1072,kutBun_-bmI_EmPOKj8m9Q,2018-07,16.93080729,203.1696875,2721.46831,450465.1845,12,168,134400,0.656976744,0
72,0,71,0,72,,,,,,2721.468967,450465.3712,#DIV/0!,0,0,#N/A,#N/A
73,0,72,0,73,,,,,,2721.46831,450465.1845,#DIV/0!,0,0,#N/A,#N/A
74,0,73,0,74,,,,,,1079.653416,71552.23341,#DIV/0!,0,0,#N/A,#N/A
75,8,74,0,75,485,Den77DhrjP1mEdGKXGAYVg,2018-07,16.44980469,131.5984375,2673.32589,447090.2167,8,112,89600,0.613372093,0
76,0,75,0,76,,,,,,1359.646694,78346.30233,#DIV/0!,0,0,#N/A,#N/A
77,1,76,0,77,2783,Me6gpXiJCnJFYmgg6azgmg,2018-07,10.17166667,10.17166667,2721.46831,450465.1845,1,14,11200,0.281976744,2
78,4,77,0,78,2115,3uG4W1QK5Jxd90PMBMGFEA,2016-11,23.79419271,95.17677083,2721.468967,450465.3712,4,72,57600,0.863372093,5
79,0,78,0,79,,,,,,2721.46831,450465.1845,#DIV/0!,0,0,#N/A,#N/A
80,0,79,0,80,,,,,,2721.46831,450465.1845,#DIV/0!,0,0,#N/A,#N/A
81,18,80,0,81,600,nlm6iCxy4AkqdX2FuwbGvg,2018-07,12.18571759,219.3429167,2721.46831,450465.1845,18,252,201600,0.412790698,3
82,0,81,0,82,,,,,,2721.46831,450465.1845,#DIV/0!,0,0,#N/A,#N/A
83,11,82,0,83,157,aE8fwXZ88RKsDYG7R-l4zQ,2018-07,10.32839015,113.6122917,2721.46831,450465.1845,11,154,123200,0.290697674,2
84,0,83,0,84,,,,,,2371.386241,343332.534,#DIV/0!,0,0,#N/A,#N/A
85,0,84,0,85,,,,,,2721.46831,450465.1845,#DIV/0!,0,0,#N/A,#N/A
86,0,85,0,86,,,,,,172.3660773,868.1785104,#DIV/0!,0,0,#N/A,#N/A
87,0,86,0,87,,,,,,2721.46831,450465.1845,#DIV/0!,0,0,#N/A,#N/A
88,0,87,0,88,,,,,,2721.46831,450465.1845,#DIV/0!,0,0,#N/A,#N/A
89,0,88,0,89,,,,,,2721.46831,450465.1845,#DIV/0!,0,0,#N/A,#N/A
90,0,89,0,90,,,,,,2721.468967,450465.3712,#DIV/0!,0,0,#N/A,#N/A
91,0,90,0,91,,,,,,2721.46831,450465.1845,#DIV/0!,0,0,#N/A,#N/A
92,0,91,0,92,,,,,,2721.46831,450465.1845,#DIV/0!,0,0,#N/A,#N/A
93,30,92,0,93,1740,T1n2ooE30D_yOQVhJmv-zw,2018-07,15.14062153,454.2186458,2721.46831,450465.1845,30,420,336000,0.558139535,3
94,0,93,0,94,,,,,,2721.46831,450465.1845,#DIV/0!,0,0,#N/A,#N/A
95,7,94,0,95,202,Da4Aw5s2PfarKu035RJn8w,2018-07,13.04191964,91.2934375,2464.515699,342324.2976,7,98,78400,0.462209302,3
96,0,95,0,96,,,,,,2359.534505,245338.3249,#DIV/0!,0,0,#N/A,#N/A
97,0,96,0,97,,,,,,2685.46557,443910.6743,#DIV/0!,0,0,#N/A,#N/A
98,0,97,0,98,,,,,,2721.46831,450465.1845,#DIV/0!,0,0,#N/A,#N/A
99,0,98,0,99,,,,,,2721.46831,450465.1845,#DIV/0!,0,0,#N/A,#N/A
100,0,99,0,100,,,,,,1361.811741,58219.01578,#DIV/0!,0,0,#N/A,#N/A
101,15,100,0,101,99,WVL5m5L92wR19VbjN0xqqQ,2018-07,10.97566667,164.635,2721.46831,450465.1845,15,210,168000,0.322674419,2
102,0,101,0,102,,,,,,2721.46831,450465.1845,#DIV/0!,0,0,#N/A,#N/A
103,0,102,0,103,,,,,,2362.624702,346439.5754,#DIV/0!,0,0,#N/A,#N/A
104,4,103,0,104,1459,EYwNPUZU5RwyRVL-qyirOQ,2017-11,19.00497396,76.01989583,2721.46831,450465.1845,4,72,57600,0.744186047,0
105,6,104,0,105,1360,ogoJSm6vQLvrqJyjA36UKQ,2018-07,12.88649306,77.31895833,2721.468967,450465.3712,6,84,67200,0.456395349,3
106,10,105,0,106,268,oBpCpmbzikoH_IOHVtVtRg,2018-07,8.711885417,87.11885417,2721.468966,450465.4443,10,140,112000,0.200581395,2
107,1,106,0,107,459,eyd_oRYy5qfEDjCaic8okA,2018-07,17.015625,17.015625,2721.46831,450465.1845,1,14,11200,0.668604651,0
108,5,107,0,108,27,JXesV1eV76ea-qxhxxV0xg,2018-07,17.49033333,87.45166667,2721.46831,450465.1845,5,70,56000,0.680232558,0
109,0,108,0,109,,,,,,2721.46831,450465.1845,#DIV/0!,0,0,#N/A,#N/A
110,0,109,0,110,,,,,,2754.011054,447636.8831,#DIV/0!,0,0,#N/A,#N/A
111,0,110,0,111,,,,,,2721.46831,450465.1845,#DIV/0!,0,0,#N/A,#N/A
112,0,111,0,112,,,,,,2721.46831,450465.1845,#DIV/0!,0,0,#N/A,#N/A
113,0,112,0,113,,,,,,236.5833187,3474.728776,#DIV/0!,0,0,#N/A,#N/A
114,3,113,0,114,2334,KBv84tLdvRMwnhD9CGZGNg,2013-08,31.41208333,94.23625,2721.468966,450465.4443,3,81,64800,0.965116279,5
115,0,114,0,115,,,,,,2721.46831,450465.1845,#DIV/0!,0,0,#N/A,#N/A
116,12,115,0,116,419,AB9mc_yhy4W-w5zm4TPkjw,2018-07,3.216996528,38.60395833,2721.46831,450465.1845,12,36,28800,0.020348837,0
117,0,116,0,117,,,,,,2721.46831,450465.1845,#DIV/0!,0,0,#N/A,#N/A
118,0,117,0,118,,,,,,2721.46831,450465.1845,#DIV/0!,0,0,#N/A,#N/A
119,0,118,0,119,,,,,,2721.46831,450465.1845,#DIV/0!,0,0,#N/A,#N/A
120,0,119,0,120,,,,,,2721.46831,450465.1845,#DIV/0!,0,0,#N/A,#N/A
121,0,120,0,121,,,,,,2721.468967,450465.3712,#DIV/0!,0,0,#N/A,#N/A
122,0,121,0,122,,,,,,2721.468967,450465.3712,#DIV/0!,0,0,#N/A,#N/A
123,0,122,0,123,,,,,,2721.46831,450465.1845,#DIV/0!,0,0,#N/A,#N/A
124,0,123,0,124,,,,,,2619.544012,431798.3096,#DIV/0!,0,0,#N/A,#N/A
125,0,124,0,125,,,,,,2721.46831,450465.1845,#DIV/0!,0,0,#N/A,#N/A
126,0,125,0,126,,,,,,1511.66939,73309.50836,#DIV/0!,0,0,#N/A,#N/A
127,0,126,0,127,,,,,,2721.46831,450465.1845,#DIV/0!,0,0,#N/A,#N/A
128,0,127,0,128,,,,,,2721.46831,450465.1845,#DIV/0!,0,0,#N/A,#N/A
129,2,128,0,129,2725,W3-AqZXYMXQm-FgEgJv5RQ,2018-08,13.88916667,27.77833333,1995.607469,192856.8804,2,28,22400,0.502906977,3
130,0,129,0,130,,,,,,2721.46831,450465.1845,#DIV/0!,0,0,#N/A,#N/A
131,1,130,0,131,2590,thglnlQlEAEPnhewQqRWOw,2018-07,18.0975,18.0975,2721.46831,450465.1845,1,18,14400,0.712209302,0
132,8,131,0,132,2983,MINHXTDz6jv3hq92HsF69Q,2018-07,3.08046875,24.64375,2721.46831,450465.1845,8,24,19200,0.014534884,0
133,1,132,0,133,64,K9pEKqGMgXeNbKgZCVv8xg,2018-07,8.375,8.375,2721.46831,450465.1845,1,14,11200,0.180232558,0
134,3,133,0,134,2662,JkuJ4OFCr0aYBUzClXupkQ,2018-07,16.30628472,48.91885417,2721.46831,450465.1845,3,42,33600,0.60755814,0
135,1,134,0,135,2710,q_hp91tmZtRyM4c95kbakA,2018-09,25.4284375,25.4284375,2721.46831,450465.1845,1,23,18400,0.906976744,5
136,0,135,0,136,,,,,,2721.468967,450465.3712,#DIV/0!,0,0,#N/A,#N/A
137,7,136,0,137,59,M7XIusMyyaNjIfAxFfdfgg,2018-07,6.981056548,48.86739583,2721.46831,450465.1845,7,56,44800,0.119186047,0
138,3,137,0,138,283,0BjRa9HEOxzkM1fiiIFVtQ,2015-10,10.56777778,31.70333333,2721.46831,450465.1845,3,42,33600,0.299418605,2
139,18,138,0,139,655,vkvFLDfxWwZz5_ebwC4tAQ,2018-08,10.59980903,190.7965625,2721.46831,450465.1845,18,252,201600,0.302325581,2
140,0,139,0,140,,,,,,2721.46831,450465.1845,#DIV/0!,0,0,#N/A,#N/A
141,0,140,0,141,,,,,,2721.46831,450465.1845,#DIV/0!,0,0,#N/A,#N/A
142,13,141,0,142,1886,kJ66qJLqW12ZTSleb2eLYg,2018-08,16.21052885,210.736875,2721.468966,450465.4443,13,182,145600,0.590116279,3
143,2,142,0,143,3090,ZK1hug7vLfL9eBxFZ--kZA,2018-07,19.27213542,38.54427083,2721.468967,450465.3712,2,36,28800,0.747093023,0
144,6,143,0,144,1548,ghV_gYrmeXpdT_9iE2jysA,2018-07,12.01175347,72.07052083,2721.46831,450465.1845,6,84,67200,0.386627907,2
145,16,144,0,145,436,aEb1yuuSOMQNtDzSsTuGKg,2018-07,17.08194661,273.3111458,2721.46831,450465.1845,16,224,179200,0.674418605,0
146,5,145,0,146,2434,93fZI1iMrDbvpkqfD7xjXQ,2017-09,2.439354167,12.19677083,2686.01967,445578.7006,5,15,12000,0.002906977,0
147,0,146,0,147,,,,,,2721.46831,450465.1845,#DIV/0!,0,0,#N/A,#N/A
148,0,147,0,148,,,,,,2721.468966,450465.4443,#DIV/0!,0,0,#N/A,#N/A
149,5,148,0,149,115,Pil42EWIcHy34fwkTtWzcQ,2018-07,6.835958333,34.17979167,2721.46831,450465.1845,5,40,32000,0.10755814,0
150,0,149,0,150,,,,,,27.17722045,28.79474771,#DIV/0!,0,0,#N/A,#N/A
151,0,150,0,151,,,,,,2374.870472,247175.5925,#DIV/0!,0,0,#N/A,#N/A
152,0,151,0,152,,,,,,2721.46831,450465.1845,#DIV/0!,0,0,#N/A,#N/A
153,14,152,0,153,247,0yEZIojEzImM7HW8F9R0mg,2018-07,13.9996875,195.995625,2721.46831,450465.1845,14,196,156800,0.50872093,3
154,4,153,0,154,1414,_Kqa7rpQc6pPcCIBQ1Ttzg,2018-07,33.27552083,133.1020833,2721.46831,450465.1845,4,108,86400,0.985465116,5
155,3,154,0,155,2869,4hUliYWp1Y_rOQKdKFNAcw,2015-06,14.63104167,43.893125,2868.556493,435026.5047,3,42,33600,0.531976744,3
156,14,155,0,156,831,lbBwljRe3t8GvJmN-QDv1w,2018-07,12.49915923,174.9882292,2721.46831,450465.1845,14,196,156800,0.430232558,3
157,0,156,0,157,,,,,,2721.46831,450465.1845,#DIV/0!,0,0,#N/A,#N/A
158,4,157,0,158,231,jte19VjD1QoynmOak8zETA,2018-06,15.97135417,63.88541667,2721.469623,450465.631,4,56,44800,0.581395349,3
159,0,158,0,159,,,,,,1193.988518,35001.3768,#DIV/0!,0,0,#N/A,#N/A
160,0,159,0,160,,,,,,756.677539,19905.63468,#DIV/0!,0,0,#N/A,#N/A
161,0,160,0,161,,,,,,76.47875615,233.1623807,#DIV/0!,0,0,#N/A,#N/A
162,0,161,0,162,,,,,,2721.46831,450465.1845,#DIV/0!,0,0,#N/A,#N/A
163,3,162,0,163,2980,_IFSYqA7l6DETPHxsAEvrg,2018-07,7.708611111,23.12583333,2721.468967,450465.3712,3,24,19200,0.151162791,0
164,0,163,0,164,,,,,,2721.46831,450465.1845,#DIV/0!,0,0,#N/A,#N/A
165,11,164,0,165,890,ZItgEiMMgO2hwNY5Xhpkag,2018-07,16.22607008,178.4867708,2721.46831,450465.1845,11,154,123200,0.598837209,3
166,9,165,0,166,776,cOF4u959OTPKRj3827yGUQ,2015-05,8.231365741,74.08229167,2721.468967,450465.3712,9,126,100800,0.168604651,0
167,12,166,0,167,1699,lMan_qUcj8_PGH8zkOCaRg,2018-07,14.73725694,176.8470833,2721.46831,450465.1845,12,168,134400,0.546511628,3
168,14,167,0,168,593,awq78_jhR8FURlLwwjNkEQ,2018-07,20.28368304,283.9715625,2721.46831,450465.1845,14,252,201600,0.779069767,0
169,0,168,0,169,,,,,,2721.46831,450465.1845,#DIV/0!,0,0,#N/A,#N/A
170,15,169,0,170,789,mH8-NHmjbtv1fEjGFDsV1g,2018-07,18.71809028,280.7713542,2721.46831,450465.1845,15,270,216000,0.735465116,0
171,0,170,0,171,,,,,,2721.46831,450465.1845,#DIV/0!,0,0,#N/A,#N/A
172,0,171,0,172,,,,,,1862.27091,135136.1054,#DIV/0!,0,0,#N/A,#N/A
173,0,172,0,173,,,,,,2721.46831,450465.1845,#DIV/0!,0,0,#N/A,#N/A
174,3,173,0,174,1766,kn7TVr_VZYmJKMzU2mDSzw,2018-07,23.95795139,71.87385417,2721.468967,450465.3712,3,54,43200,0.869186047,5
175,0,174,0,175,,,,,,2721.468967,450465.3712,#DIV/0!,0,0,#N/A,#N/A
176,0,175,0,176,,,,,,2721.46831,450465.1845,#DIV/0!,0,0,#N/A,#N/A
177,5,176,0,177,1802,9OI6eDiLtR05i0riFf9DTA,2018-08,24.34445833,121.7222917,2721.46831,450465.1845,5,115,92000,0.880813953,5
178,0,177,0,178,,,,,,2156.122903,202355.2102,#DIV/0!,0,0,#N/A,#N/A
179,30,178,0,179,941,N-10I43TO_8myydNlaMpnQ,2015-06,12.19895139,365.9685417,2721.46831,450465.1845,30,420,336000,0.415697674,3
180,0,179,0,180,,,,,,2721.46831,450465.1845,#DIV/0!,0,0,#N/A,#N/A
181,0,180,0,181,,,,,,2721.46831,450465.1845,#DIV/0!,0,0,#N/A,#N/A
182,0,181,0,182,,,,,,2176.537,242661.2467,#DIV/0!,0,0,#N/A,#N/A
183,0,182,0,183,,,,,,744.2472987,22427.40466,#DIV/0!,0,0,#N/A,#N/A
184,0,183,0,184,,,,,,2543.333136,389702.3824,#DIV/0!,0,0,#N/A,#N/A
185,4,184,0,185,3092,Kn2I_CnPcirZnE5ZKtul7w,2018-07,18.3840625,73.53625,2721.468967,450465.3712,4,72,57600,0.720930233,0
186,0,185,0,186,,,,,,2721.46831,450465.1845,#DIV/0!,0,0,#N/A,#N/A
187,12,186,0,187,1943,IrxD1O4xXLGj9jEOpzd-BQ,2018-07,5.906605903,70.87927083,2721.469623,450465.631,12,96,76800,0.081395349,0
188,0,187,0,188,,,,,,2721.46831,450465.1845,#DIV/0!,0,0,#N/A,#N/A
189,0,188,0,189,,,,,,2721.46831,450465.1845,#DIV/0!,0,0,#N/A,#N/A
190,0,189,0,190,,,,,,2721.46831,450465.1845,#DIV/0!,0,0,#N/A,#N/A
191,7,190,0,191,1934,P_MW24NiqK0ujA1KBWn0LA,2018-07,15.17578869,106.2305208,2721.468967,450465.3712,7,98,78400,0.561046512,3
192,0,191,0,192,,,,,,1404.395747,83631.31338,#DIV/0!,0,0,#N/A,#N/A
193,0,192,0,193,,,,,,2721.46831,450465.1845,#DIV/0!,0,0,#N/A,#N/A
194,0,193,0,194,,,,,,2721.468967,450465.3712,#DIV/0!,0,0,#N/A,#N/A
195,0,194,0,195,,,,,,2721.46831,450465.1845,#DIV/0!,0,0,#N/A,#N/A
196,0,195,0,196,,,,,,2686.989712,448367.4365,#DIV/0!,0,0,#N/A,#N/A
197,25,196,0,197,581,4sn-jbNcUxjwMTYwrqEWkQ,2018-06,8.296895833,207.4223958,2721.468966,450465.4443,25,350,280000,0.174418605,0
198,0,197,0,198,,,,,,2721.46831,450465.1845,#DIV/0!,0,0,#N/A,#N/A
199,0,198,0,199,,,,,,2721.468967,450465.3712,#DIV/0!,0,0,#N/A,#N/A
200,20,199,0,200,1396,hazpVOy1ts1JTlohNLmWZw,2018-07,14.40003646,288.0007292,2721.46831,450465.1845,20,280,224000,0.520348837,3
201,0,200,0,201,,,,,,2721.46831,450465.1845,#DIV/0!,0,0,#N/A,#N/A
202,0,201,0,202,,,,,,2692.248472,448970.9009,#DIV/0!,0,0,#N/A,#N/A
203,5,202,0,203,276,qCB3Z33uEph1-BmwsRL0uQ,2013-08,24.39622917,121.9811458,2721.468967,450465.3712,5,115,92000,0.88372093,5
204,0,203,0,204,,,,,,1246.234645,63226.98573,#DIV/0!,0,0,#N/A,#N/A
205,0,204,0,205,,,,,,2721.46831,450465.1845,#DIV/0!,0,0,#N/A,#N/A
206,0,205,0,206,,,,,,2028.439779,174135.1337,#DIV/0!,0,0,#N/A,#N/A
207,0,206,0,207,,,,,,2721.46831,450465.1845,#DIV/0!,0,0,#N/A,#N/A
208,0,207,0,208,,,,,,2721.46831,450465.1845,#DIV/0!,0,0,#N/A,#N/A
209,16,208,0,209,2110,469TZRxOt6wM5y1pFDXvGg,2016-11,26.78816406,428.610625,2721.46831,450465.1845,16,368,294400,0.921511628,5
210,11,209,0,210,2302,FaP0w9TIsfSpzIEWarYBSQ,2017-11,10.04151515,110.4566667,2721.46831,450465.1845,11,154,123200,0.273255814,2
211,0,210,0,211,,,,,,2721.46831,450465.1845,#DIV/0!,0,0,#N/A,#N/A
212,0,211,0,212,,,,,,1729.709488,166438.9326,#DIV/0!,0,0,#N/A,#N/A
213,24,212,0,213,236,npLgYPCeg2H-N54Ef2Lohw,2018-06,8.529175347,204.7002083,2721.46831,450465.1845,24,336,268800,0.188953488,0
214,22,213,0,214,2388,i8RcdKWyCAV_MaoQXeYLhw,2018-07,9.35000947,205.7002083,2559.21667,384428.4999,22,308,246400,0.235465116,2
215,0,214,0,215,,,,,,2721.468967,450465.3712,#DIV/0!,0,0,#N/A,#N/A
216,0,215,0,216,,,,,,2721.46831,450465.1845,#DIV/0!,0,0,#N/A,#N/A
217,8,216,0,217,1531,4eGhWujDUi2VaFva4SVumA,2018-07,14.73371094,117.8696875,2721.46831,450465.1845,8,112,89600,0.543604651,3
218,0,217,0,218,,,,,,2721.46831,450465.1845,#DIV/0!,0,0,#N/A,#N/A
219,0,218,0,219,,,,,,158.0591519,1058.791199,#DIV/0!,0,0,#N/A,#N/A
220,2,219,0,220,1687,JSRB8LjMUWyKUrL6hCFwzg,2018-07,16.86427083,33.72854167,2721.46831,450465.1845,2,28,22400,0.645348837,0
221,0,220,0,221,,,,,,2257.463873,302402.7627,#DIV/0!,0,0,#N/A,#N/A
222,0,221,0,222,,,,,,2721.468967,450465.3712,#DIV/0!,0,0,#N/A,#N/A
223,1,222,0,223,1752,OCH8iDLVW2CnMJyA6wTUZQ,2018-07,16.6184375,16.6184375,2721.46831,450465.1845,1,14,11200,0.622093023,0
224,1,223,0,224,2582,PEv6NgBrQabh-ODIbajqgQ,2018-07,12.85760417,12.85760417,2721.46831,450465.1845,1,14,11200,0.450581395,3
225,1,224,0,225,277,Oqf7SLT-8jAAbdfQtElPDw,2018-07,3.779583333,3.779583333,2721.468967,450465.3712,1,3,2400,0.029069767,0
226,5,225,0,226,197,N23osDrLZ0crktC-guxX-g,2018-07,14.96995833,74.84979167,1115.634028,64267.14662,5,70,56000,0.552325581,3
227,0,226,0,227,,,,,,2721.468967,450465.3712,#DIV/0!,0,0,#N/A,#N/A
228,0,227,0,228,,,,,,2858.398165,364746.12,#DIV/0!,0,0,#N/A,#N/A
229,29,228,0,229,1745,wNXQ47GCgoHdHkVJ9TvD9A,2018-07,22.69478807,658.1488542,2721.468967,450465.3712,29,522,417600,0.831395349,5
230,0,229,0,230,,,,,,2683.584811,448328.1795,#DIV/0!,0,0,#N/A,#N/A
231,4,230,0,231,182,L3eomd0N4jrboLEhYeYSWg,2018-10,21.69760417,86.79041667,2648.200264,441371.9224,4,72,57600,0.813953488,5
232,0,231,0,232,,,,,,2721.46831,450465.1845,#DIV/0!,0,0,#N/A,#N/A
233,8,232,0,233,1408,VnK3Wjd81oJtoKeeFZFq4w,2018-07,12.07973958,96.63791667,2721.46831,450465.1845,8,112,89600,0.389534884,2
234,0,233,0,234,,,,,,1282.151761,58917.66305,#DIV/0!,0,0,#N/A,#N/A
235,6,234,0,235,2296,XE0RkFUZFSQpAXYH3kMg5A,2018-07,12.18277778,73.09666667,2721.46831,450465.1845,6,84,67200,0.409883721,3
236,2,235,0,236,2578,qaRjmVnp88pcfUnrb_jmlQ,2018-08,13.46322917,26.92645833,2980.42341,382667.7209,2,28,22400,0.468023256,3
237,0,236,0,237,,,,,,2721.46831,450465.1845,#DIV/0!,0,0,#N/A,#N/A
238,0,237,0,238,,,,,,2721.468967,450465.3712,#DIV/0!,0,0,#N/A,#N/A
239,0,238,0,239,,,,,,2483.962133,341731.6844,#DIV/0!,0,0,#N/A,#N/A
240,6,239,0,240,1539,KJDyd1n_hQeYYR_CsL7oaQ,2018-07,8.151041667,48.90625,2721.46831,450465.1845,6,84,67200,0.159883721,0
241,0,240,0,241,,,,,,2721.46831,450465.1845,#DIV/0!,0,0,#N/A,#N/A
242,15,241,0,242,15,SCKIP-J_Mga1OXOr2hUAKw,2018-09,7.2956875,109.4353125,2721.46831,450465.1845,15,120,96000,0.130813953,0
243,0,242,0,243,,,,,,2721.46831,450465.1845,#DIV/0!,0,0,#N/A,#N/A
244,10,243,0,244,2799,bR7vXWN-EEZNbiCa8GBRAQ,2018-07,24.06822917,240.6822917,2167.274764,280031.0471,10,230,184000,0.875,5
245,0,244,0,245,,,,,,2101.074427,239870.7084,#DIV/0!,0,0,#N/A,#N/A
246,0,245,0,246,,,,,,2721.46831,450465.1845,#DIV/0!,0,0,#N/A,#N/A
247,0,246,0,247,,,,,,2721.46831,450465.1845,#DIV/0!,0,0,#N/A,#N/A
248,0,247,0,248,,,,,,2721.468967,450465.3712,#DIV/0!,0,0,#N/A,#N/A
249,25,248,0,249,552,7pjOE-Kr2m-WIJ-rMRDyaA,2018-07,47.74939583,1193.734896,2721.46831,450465.1845,25,1000,800000,0.997093023,5
250,0,249,0,250,,,,,,2721.46831,450465.1845,#DIV/0!,0,0,#N/A,#N/A
251,0,250,0,251,,,,,,2721.46831,450465.1845,#DIV/0!,0,0,#N/A,#N/A
252,0,251,0,252,,,,,,2168.958815,235966.1251,#DIV/0!,0,0,#N/A,#N/A
253,0,252,0,253,,,,,,2721.468967,450465.3712,#DIV/0!,0,0,#N/A,#N/A
254,0,253,0,254,,,,,,1842.986236,121298.6533,#DIV/0!,0,0,#N/A,#N/A
255,0,254,0,255,,,,,,2721.468967,450465.3712,#DIV/0!,0,0,#N/A,#N/A
256,9,255,0,256,120,ONk5J2qGHFLPMjJy3KrpIQ,2018-07,3.542268519,31.88041667,2721.46831,450465.1845,9,27,21600,0.023255814,0
257,17,256,0,257,747,U8_csDgKQV9pMQFAwrRHxQ,2018-07,9.676372549,164.4983333,2721.46831,450465.1845,17,238,190400,0.25872093,2
258,1,257,0,258,1529,tBTII5qXQHA-PwaCDIMnqQ,2018-07,20.2715625,20.2715625,2721.468967,450465.3712,1,18,14400,0.776162791,0
259,0,258,0,259,,,,,,2721.46831,450465.1845,#DIV/0!,0,0,#N/A,#N/A
260,0,259,0,260,,,,,,2721.468967,450465.3712,#DIV/0!,0,0,#N/A,#N/A
261,0,260,0,261,,,,,,2721.46831,450465.1845,#DIV/0!,0,0,#N/A,#N/A
262,2,261,0,262,2580,YkyVqMOn3fSJ0iUS5fQhkg,2018-08,12.16453125,24.3290625,2721.46831,450465.1845,2,28,22400,0.398255814,2
263,0,262,0,263,,,,,,2721.46831,450465.1845,#DIV/0!,0,0,#N/A,#N/A
264,0,263,0,264,,,,,,2721.46831,450465.1845,#DIV/0!,0,0,#N/A,#N/A
265,0,264,0,265,,,,,,1380.313116,65623.68483,#DIV/0!,0,0,#N/A,#N/A
266,0,265,0,266,,,,,,2721.46831,450465.1845,#DIV/0!,0,0,#N/A,#N/A
267,4,266,0,267,1924,bcxRwB2NW8wEx_uRLiC6og,2018-09,3.849479167,15.39791667,2721.46831,450465.1845,4,12,9600,0.037790698,0
268,0,267,0,268,,,,,,2721.46831,450465.1845,#DIV/0!,0,0,#N/A,#N/A
269,0,268,0,269,,,,,,2544.730573,395798.88,#DIV/0!,0,0,#N/A,#N/A
270,0,269,0,270,,,,,,2721.468967,450465.3712,#DIV/0!,0,0,#N/A,#N/A
271,0,270,0,271,,,,,,2721.468967,450465.3712,#DIV/0!,0,0,#N/A,#N/A
272,0,271,0,272,,,,,,2721.468966,450465.4443,#DIV/0!,0,0,#N/A,#N/A
273,0,272,0,273,,,,,,2721.46831,450465.1845,#DIV/0!,0,0,#N/A,#N/A
274,0,273,0,274,,,,,,947.2587892,36934.59075,#DIV/0!,0,0,#N/A,#N/A
275,6,274,0,275,1050,fv-rpII88ylABGVK902K0g,2018-09,24.27802083,145.668125,2721.468966,450465.4443,6,138,110400,0.877906977,5
276,16,275,0,276,845,WTG4wV8-rYjDDXhhtBQrHA,2018-07,14.46525391,231.4440625,2721.46831,450465.1845,16,224,179200,0.526162791,3
277,5,276,0,277,1042,E__upgr3LvsM0Hp46VEPOg,2018-08,15.49502083,77.47510417,2721.46831,450465.1845,5,70,56000,0.569767442,3
278,0,277,0,278,,,,,,2721.468966,450465.4443,#DIV/0!,0,0,#N/A,#N/A
279,0,278,0,279,,,,,,2721.46831,450465.1845,#DIV/0!,0,0,#N/A,#N/A
280,0,279,0,280,,,,,,2544.605251,404335.2075,#DIV/0!,0,0,#N/A,#N/A
281,0,280,0,281,,,,,,1865.517183,158389.7757,#DIV/0!,0,0,#N/A,#N/A
282,0,281,0,282,,,,,,2721.46831,450465.1845,#DIV/0!,0,0,#N/A,#N/A
283,0,282,0,283,,,,,,2721.46831,450465.1845,#DIV/0!,0,0,#N/A,#N/A
284,0,283,0,284,,,,,,2721.46831,450465.1845,#DIV/0!,0,0,#N/A,#N/A
285,0,284,0,285,,,,,,2721.46831,450465.1845,#DIV/0!,0,0,#N/A,#N/A
286,0,285,0,286,,,,,,2721.46831,450465.1845,#DIV/0!,0,0,#N/A,#N/A
287,0,286,0,287,,,,,,2721.468966,450465.4443,#DIV/0!,0,0,#N/A,#N/A
288,0,287,0,288,,,,,,2721.468967,450465.3712,#DIV/0!,0,0,#N/A,#N/A
289,32,288,0,289,1670,NtkEpUhwlbmMk1KqQDV_zQ,2018-07,16.22539388,519.2126042,2721.46831,450465.1845,32,448,358400,0.595930233,3
290,0,289,0,290,,,,,,2721.46831,450465.1845,#DIV/0!,0,0,#N/A,#N/A
291,6,290,0,291,1928,0UcSLMaaqzYjLufT3dkY5g,2018-07,16.32855903,97.97135417,2721.46831,450465.1845,6,84,67200,0.610465116,0
292,0,291,0,292,,,,,,2721.46831,450465.1845,#DIV/0!,0,0,#N/A,#N/A
293,0,292,0,293,,,,,,1661.322058,118371.4549,#DIV/0!,0,0,#N/A,#N/A
294,0,293,0,294,,,,,,2092.90469,174958.6735,#DIV/0!,0,0,#N/A,#N/A
295,0,294,0,295,,,,,,1181.636971,44903.1364,#DIV/0!,0,0,#N/A,#N/A
296,0,295,0,296,,,,,,2051.607282,72897.50947,#DIV/0!,0,0,#N/A,#N/A
297,12,296,0,297,2816,qkDRQsqjmBS5B8lZIBXr6Q,2015-10,6.923142361,83.07770833,2721.46831,450465.1845,12,96,76800,0.11627907,0
298,0,297,0,298,,,,,,2721.46831,450465.1845,#DIV/0!,0,0,#N/A,#N/A
299,6,298,0,299,874,AwyyZ57ztU5xMkQ7GenzBQ,2018-07,9.238697917,55.4321875,2721.46831,450465.1845,6,84,67200,0.226744186,2
300,0,299,0,300,,,,,,2721.468967,450465.3712,#DIV/0!,0,0,#N/A,#N/A
301,0,300,0,301,,,,,,2721.46831,450465.1845,#DIV/0!,0,0,#N/A,#N/A
302,0,301,0,302,,,,,,2721.46831,450465.1845,#DIV/0!,0,0,#N/A,#N/A
303,0,302,0,303,,,,,,2721.468967,450465.3712,#DIV/0!,0,0,#N/A,#N/A
304,0,303,0,304,,,,,,2721.46831,450465.1845,#DIV/0!,0,0,#N/A,#N/A
305,0,304,0,305,,,,,,2721.468966,450465.4443,#DIV/0!,0,0,#N/A,#N/A
306,0,305,0,306,,,,,,2721.468967,450465.3712,#DIV/0!,0,0,#N/A,#N/A
307,0,306,0,307,,,,,,2721.468967,450465.3712,#DIV/0!,0,0,#N/A,#N/A
308,0,307,0,308,,,,,,1846.557445,100359.607,#DIV/0!,0,0,#N/A,#N/A
309,0,308,0,309,,,,,,1635.020766,113266.8167,#DIV/0!,0,0,#N/A,#N/A
310,9,309,0,310,40,c1FnUkCogSkApXtB7SRwsg,2018-07,6.904780093,62.14302083,2721.468966,450465.4443,9,72,57600,0.113372093,0
311,1,310,0,311,1011,pk89VG-9bFqHj0kAgqA8ew,2018-07,11.72833333,11.72833333,2721.46831,450465.1845,1,14,11200,0.36627907,2
312,0,311,0,312,,,,,,2721.46831,450465.1845,#DIV/0!,0,0,#N/A,#N/A
313,3,312,0,313,1392,TWKUPLgZVo0waLIbpZEqzA,2018-07,18.66319444,55.98958333,2721.46831,450465.1845,3,54,43200,0.729651163,0
314,0,313,0,314,,,,,,2721.46831,450465.1845,#DIV/0!,0,0,#N/A,#N/A
315,5,314,0,315,124,DAQWHuq4VSyYC3ikzelONQ,2018-07,3.840229167,19.20114583,2721.46831,450465.1845,5,15,12000,0.034883721,0
316,0,315,0,316,,,,,,2721.46831,450465.1845,#DIV/0!,0,0,#N/A,#N/A
317,0,316,0,317,,,,,,2721.46831,450465.1845,#DIV/0!,0,0,#N/A,#N/A
318,0,317,0,318,,,,,,842.0913365,30408.78203,#DIV/0!,0,0,#N/A,#N/A
319,9,318,0,319,1178,ot78kxRs76ZgH4XPRPPkJA,2018-07,23.80340278,214.230625,2721.46831,450465.1845,9,162,129600,0.86627907,5
320,0,319,0,320,,,,,,2721.468967,450465.3712,#DIV/0!,0,0,#N/A,#N/A
321,23,320,0,321,1027,c4G1ZUmzAlOrpEBnmeTMJA,2018-07,18.04797554,415.1034375,2721.468967,450465.3712,23,414,331200,0.706395349,0
322,0,321,0,322,,,,,,2721.46831,450465.1845,#DIV/0!,0,0,#N/A,#N/A
323,0,322,0,323,,,,,,1019.940808,44309.11255,#DIV/0!,0,0,#N/A,#N/A
324,0,323,0,324,,,,,,679.6433039,16264.45572,#DIV/0!,0,0,#N/A,#N/A
325,11,324,0,325,365,W9Vg1Zi5YthY34okIcWztA,2018-09,6.543153409,71.9746875,2721.46831,450465.1845,11,88,70400,0.093023256,0
326,8,325,0,326,96,wPWdE2W21jxGkmb5xh2u_g,2018-09,13.62820313,109.025625,2721.46831,450465.1845,8,112,89600,0.479651163,3
327,0,326,0,327,,,,,,2721.46831,450465.1845,#DIV/0!,0,0,#N/A,#N/A
328,0,327,0,328,,,,,,2173.708049,246043.0115,#DIV/0!,0,0,#N/A,#N/A
329,1,328,0,329,2784,72UMAyHfN5iiRTByqh8low,2018-07,17.89458333,17.89458333,2130.812877,212445.5645,1,14,11200,0.694767442,0
330,0,329,0,330,,,,,,946.8126619,10952.73438,#DIV/0!,0,0,#N/A,#N/A
331,0,330,0,331,,,,,,2721.468967,450465.3712,#DIV/0!,0,0,#N/A,#N/A
332,5,331,0,332,1439,-kYi8UfRDEGj_x4MTvKP8Q,2018-07,3.650166667,18.25083333,2721.46831,450465.1845,5,15,12000,0.026162791,0
333,12,332,0,333,2479,NXiSl-qMUMIqZS0TsLedAg,2018-07,11.00875,132.105,2721.46831,450465.1845,12,168,134400,0.325581395,2
334,0,333,0,334,,,,,,2721.468967,450465.3712,#DIV/0!,0,0,#N/A,#N/A
335,2,334,0,335,225,Xsuqa9HMqaPtpIgM8c4jjA,2018-07,8.425729167,16.85145833,2721.46831,450465.1845,2,28,22400,0.183139535,0
336,22,335,0,336,2107,8_Y1bFLWxejtEphKjhPv2g,2016-11,23.01734375,506.3815625,2721.468967,450465.3712,22,396,316800,0.840116279,5
337,9,336,0,337,684,V6iycshTRKCsdFutNT-Wuw,2018-08,11.04408565,99.39677083,2721.46831,450465.1845,9,126,100800,0.331395349,2
338,0,337,0,338,,,,,,1947.988834,131906.969,#DIV/0!,0,0,#N/A,#N/A
339,0,338,0,339,,,,,,2721.46831,450465.1845,#DIV/0!,0,0,#N/A,#N/A
340,3,339,0,340,1604,LE8drooRUYuQOz-vZZOwAg,2012-09,12.80253472,38.40760417,2475.3313,355488.0545,3,42,33600,0.447674419,3
341,4,340,0,341,2439,_fUsPw4otzN404b_9LJUgw,2017-09,6.702213542,26.80885417,2723.387334,450452.2809,4,32,25600,0.101744186,0
342,3,341,0,342,1223,-3SkY6qV8PI-LXtBOEOoPQ,2018-07,23.0684375,69.2053125,2721.469623,450465.631,3,54,43200,0.843023256,5
343,0,342,0,343,,,,,,2721.46831,450465.1845,#DIV/0!,0,0,#N/A,#N/A
344,3,343,0,344,2524,nEqAxugd5KlSsBbKJ1G3sA,2018-07,16.96069444,50.88208333,2721.46831,450465.1845,3,42,33600,0.662790698,0
345,2,344,0,345,2607,OXqGTI8V2jK77KzP5ZCpxQ,2018-06,8.955416667,17.91083333,2721.46831,450465.1845,2,28,22400,0.218023256,2
346,0,345,0,346,,,,,,2721.468967,450465.3712,#DIV/0!,0,0,#N/A,#N/A
347,0,346,0,347,,,,,,1665.247866,120725.4903,#DIV/0!,0,0,#N/A,#N/A
348,0,347,0,348,,,,,,2594.83026,419482.23,#DIV/0!,0,0,#N/A,#N/A
349,0,348,0,349,,,,,,2721.468967,450465.3712,#DIV/0!,0,0,#N/A,#N/A
350,0,349,0,350,,,,,,2765.423644,218103.0015,#DIV/0!,0,0,#N/A,#N/A
351,0,350,0,351,,,,,,220.1553003,1922.225363,#DIV/0!,0,0,#N/A,#N/A
352,0,351,0,352,,,,,,1263.435321,63218.52716,#DIV/0!,0,0,#N/A,#N/A
353,0,352,0,353,,,,,,2721.46831,450465.1845,#DIV/0!,0,0,#N/A,#N/A
354,14,353,0,354,72,EzVOKOZ3xA9V74AiPmChbg,2018-07,3.790208333,53.06291667,2721.468967,450465.3712,14,42,33600,0.031976744,0
355,0,354,0,355,,,,,,2721.46831,450465.1845,#DIV/0!,0,0,#N/A,#N/A
356,9,355,0,356,1026,X5-OhSZfAQlUxvHYGQrxBg,2018-07,18.70408565,168.3367708,2721.468967,450465.3712,9,162,129600,0.73255814,0
357,7,356,0,357,138,vA37VlmWr8kH6atLFQ7JvQ,2018-07,13.47483631,94.32385417,2528.276475,396059.1905,7,98,78400,0.470930233,3
358,0,357,0,358,,,,,,2721.468967,450465.3712,#DIV/0!,0,0,#N/A,#N/A
359,0,358,0,359,,,,,,2721.468967,450465.3712,#DIV/0!,0,0,#N/A,#N/A
360,9,359,0,360,395,BOCocLZ-RRjJL3iEhC6zSQ,2018-07,2.720844907,24.48760417,2721.46831,450465.1845,9,27,21600,0.00872093,0
361,10,360,0,361,168,e-jqW1I_rxF0ENU9tUBSwQ,2018-07,13.60885417,136.0885417,2721.46831,450465.1845,10,140,112000,0.473837209,3
362,13,361,0,362,2221,Ukg0rJxN8-5izlwLN4xVZw,2016-11,16.22479167,210.9222917,2721.468967,450465.3712,13,182,145600,0.593023256,3
363,8,362,0,363,452,0mxteHnyPl-CBD2_6f_gHg,2018-07,8.334348958,66.67479167,2721.468967,450465.3712,8,112,89600,0.177325581,0
364,5,363,0,364,2946,dxPy0wC9HnSfZ_OU4dGfew,2015-07,8.262458333,41.31229167,2721.46831,450465.1845,5,70,56000,0.171511628,0
365,0,364,0,365,,,,,,418.851611,7137.087892,#DIV/0!,0,0,#N/A,#N/A
366,12,365,0,366,716,rhfQ74dNbUXwNkCnSfIshw,2018-08,12.50784722,150.0941667,2721.46831,450465.1845,12,168,134400,0.433139535,3
367,17,366,0,367,2545,ue1J13oHG0P65VoUDrzxxQ,2018-07,9.662297794,164.2590625,2721.46831,450465.1845,17,238,190400,0.255813953,2
368,3,367,0,368,1357,K2ZzO6fbjGdSMVHIqDlLiw,2018-07,10.78434028,32.35302083,2721.46831,450465.1845,3,42,33600,0.308139535,2
369,0,368,0,369,,,,,,2721.46831,450465.1845,#DIV/0!,0,0,#N/A,#N/A
370,0,369,0,370,,,,,,2643.013929,441388.2206,#DIV/0!,0,0,#N/A,#N/A
371,1,370,0,371,1453,byTdP2Ga5L2kfrSeNsUOWg,2018-07,4.320104167,4.320104167,2721.46831,450465.1845,1,8,6400,0.040697674,0
372,6,371,0,372,475,LIttXwlF0fF93NT7558liQ,2018-07,19.96673611,119.8004167,2721.46831,450465.1845,6,108,86400,0.764534884,0
373,9,372,0,373,2735,AxtqGCB9hvX4wgZEJiLuKg,2018-06,8.611145833,77.5003125,2656.27045,438227.3364,9,126,100800,0.197674419,0
374,0,373,0,374,,,,,,2677.888374,446473.8768,#DIV/0!,0,0,#N/A,#N/A
375,0,374,0,375,,,,,,2721.468967,450465.3712,#DIV/0!,0,0,#N/A,#N/A
376,0,375,0,376,,,,,,2721.46831,450465.1845,#DIV/0!,0,0,#N/A,#N/A
377,8,376,0,377,2387,raAqJXaHbxkXRFKYvg0a-Q,2013-08,8.910351563,71.2828125,2721.46831,450465.1845,8,112,89600,0.215116279,2
378,5,377,0,378,86,zyySSGwajEeR-RkNHAlMtg,2018-07,2.866958333,14.33479167,2721.469623,450465.631,5,15,12000,0.011627907,0
379,8,378,0,379,754,6g6ubx1F9ezVTMO5-SHloQ,2018-07,8.185520833,65.48416667,2721.468966,450465.4443,8,112,89600,0.165697674,0
380,0,379,0,380,,,,,,2721.46831,450465.1845,#DIV/0!,0,0,#N/A,#N/A
381,0,380,0,381,,,,,,2650.443815,442789.0099,#DIV/0!,0,0,#N/A,#N/A
382,4,381,0,382,1488,J1x6FhTeePMb6LWIjSgO2w,2018-07,7.087083333,28.34833333,2721.46831,450465.1845,4,32,25600,0.122093023,0
383,0,382,0,383,,,,,,2721.468967,450465.3712,#DIV/0!,0,0,#N/A,#N/A
384,0,383,0,384,,,,,,2721.46831,450465.1845,#DIV/0!,0,0,#N/A,#N/A
385,0,384,0,385,,,,,,2721.468967,450465.3712,#DIV/0!,0,0,#N/A,#N/A
386,17,385,0,386,899,gPWeEIpi_S74gV_WuZB4AA,2018-07,9.755245098,165.8391667,2721.46831,450465.1845,17,238,190400,0.264534884,2
387,7,386,0,387,935,YaXu_rdpTFg3dURJTWdHgQ,2015-06,11.81136905,82.67958333,2721.46831,450465.1845,7,98,78400,0.375,2
388,4,387,0,388,921,a_SRBlTUK51ZmTasTSvBCQ,2018-07,12.09052083,48.36208333,2721.468967,450465.3712,4,56,44800,0.39244186,2
389,0,388,0,389,,,,,,2721.46831,450465.1845,#DIV/0!,0,0,#N/A,#N/A
390,6,389,0,390,2809,dk1XhVxlBXPXI2A1rCZb2A,2015-11,12.18145833,73.08875,2721.468967,450465.3712,6,84,67200,0.406976744,3
391,13,390,0,391,1494,MOSrkAQb9slu6RTKIEFCtQ,2018-07,12.17759615,158.30875,2721.46831,450465.1845,13,182,145600,0.404069767,3
392,0,391,0,392,,,,,,2721.468967,450465.3712,#DIV/0!,0,0,#N/A,#N/A
393,16,392,0,393,387,K32PY2BEvl_GV4OHgcxfrg,2016-11,27.60259766,441.6415625,2721.46831,450465.1845,16,368,294400,0.933139535,5
394,0,393,0,394,,,,,,2023.773191,149959.7842,#DIV/0!,0,0,#N/A,#N/A
395,0,394,0,395,,,,,,2721.468967,450465.3712,#DIV/0!,0,0,#N/A,#N/A
396,0,395,0,396,,,,,,2685.077485,440349.482,#DIV/0!,0,0,#N/A,#N/A
397,0,396,0,397,,,,,,2721.46831,450465.1845,#DIV/0!,0,0,#N/A,#N/A
398,0,397,0,398,,,,,,2721.46831,450465.1845,#DIV/0!,0,0,#N/A,#N/A
399,0,398,0,399,,,,,,2721.46831,450465.1845,#DIV/0!,0,0,#N/A,#N/A
400,0,399,0,400,,,,,,2721.46831,450465.1845,#DIV/0!,0,0,#N/A,#N/A
401,0,400,0,401,,,,,,2721.468967,450465.3712,#DIV/0!,0,0,#N/A,#N/A
402,28,401,0,402,301,uE-fr_X9xBDR-6aIku6xVQ,2018-07,20.81781994,582.8989583,2721.46831,450465.1845,28,504,403200,0.796511628,0
403,8,402,0,403,1782,M7fWb3PpM1h79kPxqiI6_Q,2018-07,8.744270833,69.95416667,2721.46831,450465.1845,8,112,89600,0.203488372,2
404,0,403,0,404,,,,,,2721.46831,450465.1845,#DIV/0!,0,0,#N/A,#N/A
405,0,404,0,405,,,,,,2721.46831,450465.1845,#DIV/0!,0,0,#N/A,#N/A
406,0,405,0,406,,,,,,671.9852109,16483.05283,#DIV/0!,0,0,#N/A,#N/A
407,10,406,0,407,320,rorvXlLrSyIfsL4689Mvuw,2018-07,23.68625,236.8625,2721.46831,450465.1845,10,180,144000,0.860465116,5
408,0,407,0,408,,,,,,2528.856648,420402.0697,#DIV/0!,0,0,#N/A,#N/A
409,0,408,0,409,,,,,,2662.93219,368903.8495,#DIV/0!,0,0,#N/A,#N/A
410,0,409,0,410,,,,,,2721.46831,450465.1845,#DIV/0!,0,0,#N/A,#N/A
411,0,410,0,411,,,,,,2453.976909,356509.2065,#DIV/0!,0,0,#N/A,#N/A
412,0,411,0,412,,,,,,2721.46831,450465.1845,#DIV/0!,0,0,#N/A,#N/A
413,5,412,0,413,988,vq-kDos6d46QXgUG_DHwbw,2018-07,7.380270833,36.90135417,2721.46831,450465.1845,5,40,32000,0.136627907,0
414,10,413,0,414,1018,y8XkB1Amqk6_ZuPf-HCUqQ,2018-10,14.79228125,147.9228125,2721.468967,450465.3712,10,140,112000,0.549418605,3
415,0,414,0,415,,,,,,2721.468967,450465.3712,#DIV/0!,0,0,#N/A,#N/A
416,0,415,0,416,,,,,,2721.469623,450465.631,#DIV/0!,0,0,#N/A,#N/A
417,10,416,0,417,2196,hePgHSXNWXhIM2_bhR0vFw,2018-07,37.09204167,370.9204167,2721.46831,450465.1845,10,270,216000,0.99127907,5
418,0,417,0,418,,,,,,810.3625772,23452.47384,#DIV/0!,0,0,#N/A,#N/A
419,0,418,0,419,,,,,,2721.46831,450465.1845,#DIV/0!,0,0,#N/A,#N/A
420,4,419,0,420,2915,RmZniMn90Du_LVpGcm1EDg,2018-07,24.016875,96.0675,2721.46831,450465.1845,4,92,73600,0.872093023,5
421,1,420,0,421,1569,HiV9LJgXZXdctiNzDO0Whw,2018-07,27.48239583,27.48239583,2721.46831,450465.1845,1,23,18400,0.930232558,5
422,5,421,0,422,216,NHP7BM8yAtOXjdjDqTp82A,2018-07,19.98522917,99.92614583,2721.46831,450465.1845,5,90,72000,0.76744186,0
423,0,422,0,423,,,,,,2718.010229,450441.5544,#DIV/0!,0,0,#N/A,#N/A
424,0,423,0,424,,,,,,3047.212265,256358.9443,#DIV/0!,0,0,#N/A,#N/A
425,0,424,0,425,,,,,,2721.46831,450465.1845,#DIV/0!,0,0,#N/A,#N/A
426,0,425,0,426,,,,,,2520.679519,364235.4633,#DIV/0!,0,0,#N/A,#N/A
427,1,426,0,427,1066,jtjKNkPtxeBJhrGxo8wApg,2018-08,20.72614583,20.72614583,2721.46831,450465.1845,1,18,14400,0.793604651,0
428,15,427,0,428,389,3XWtY7DR9UOlV_sVPh5ipw,2018-07,33.27352083,499.1028125,2721.468966,450465.4443,15,405,324000,0.98255814,5
429,0,428,0,429,,,,,,2721.46831,450465.1845,#DIV/0!,0,0,#N/A,#N/A
430,0,429,0,430,,,,,,2721.468967,450465.3712,#DIV/0!,0,0,#N/A,#N/A
431,9,430,0,431,3048,zvBCUTF0QaW1u7bVGmdkcQ,2018-07,21.58652778,194.27875,2721.46831,450465.1845,9,162,129600,0.811046512,5
432,0,431,0,432,,,,,,2721.46831,450465.1845,#DIV/0!,0,0,#N/A,#N/A
433,25,432,0,433,1249,AqH3hHf__Wa4qTSiTSH2Ew,2007-10,12.79472083,319.8680208,2721.46831,450465.1845,25,350,280000,0.444767442,3
434,0,433,0,434,,,,,,2721.46831,450465.1845,#DIV/0!,0,0,#N/A,#N/A
435,4,434,0,435,3031,essL4VGCWbT2qE7nB2XP1Q,2018-07,5.5578125,22.23125,2721.46831,450465.1845,4,32,25600,0.061046512,0
436,0,435,0,436,,,,,,1828.471445,184951.9876,#DIV/0!,0,0,#N/A,#N/A
437,0,436,0,437,,,,,,2324.415332,252558.4098,#DIV/0!,0,0,#N/A,#N/A
438,0,437,0,438,,,,,,2721.46831,450465.1845,#DIV/0!,0,0,#N/A,#N/A
439,6,438,0,439,2897,rLZanx_yIbV3tQol7RpKIw,2018-07,24.46380208,146.7828125,2721.46831,450465.1845,6,138,110400,0.886627907,5
440,0,439,0,440,,,,,,2721.46831,450465.1845,#DIV/0!,0,0,#N/A,#N/A
441,0,440,0,441,,,,,,1271.778447,45496.07901,#DIV/0!,0,0,#N/A,#N/A
442,6,441,0,442,1005,mK047Lfznj0L1AtpCsKZfA,2018-07,17.59473958,105.5684375,2721.46831,450465.1845,6,84,67200,0.683139535,0
443,10,442,0,443,1656,gw3k4WjQQKzml-lbrVTBBw,2018-07,18.51097917,185.1097917,2721.46831,450465.1845,10,180,144000,0.723837209,0
444,2,443,0,444,209,MtSpwZ6h8hcTbCCgf7wDTg,2016-07,13.70932292,27.41864583,632.1036496,16680.77813,2,28,22400,0.485465116,3
445,0,444,0,445,,,,,,2259.155018,264403.3287,#DIV/0!,0,0,#N/A,#N/A
446,14,445,0,446,986,DYB-7NRsy4HBMP6Qv1tLjw,2018-07,10.6853125,149.594375,2721.46831,450465.1845,14,196,156800,0.305232558,2
447,0,446,0,447,,,,,,2721.46831,450465.1845,#DIV/0!,0,0,#N/A,#N/A
448,0,447,0,448,,,,,,2721.46831,450465.1845,#DIV/0!,0,0,#N/A,#N/A
449,4,448,0,449,560,NkFU_JF9PZKEW-dhL6857Q,2018-07,62.21932292,248.8772917,2721.46831,450465.1845,4,160,128000,1,5
450,4,449,0,450,541,vTxhMMumI_oBcHGQLOuy-g,2018-07,28.16533854,112.6613542,2721.46831,450465.1845,4,92,73600,0.938953488,5
451,3,450,0,451,2427,tbDqXJQj5AbAsN_jAgu8JA,2018-07,20.03097222,60.09291667,2378.526717,310259.8513,3,54,43200,0.770348837,0
452,0,451,0,452,,,,,,2721.46831,450465.1845,#DIV/0!,0,0,#N/A,#N/A
453,0,452,0,453,,,,,,2721.469623,450465.631,#DIV/0!,0,0,#N/A,#N/A
454,0,453,0,454,,,,,,2721.46831,450465.1845,#DIV/0!,0,0,#N/A,#N/A
455,10,454,0,455,1714,-48lo3H682eU3rsdE8sg0Q,2018-07,11.70520833,117.0520833,2721.468966,450465.4443,10,140,112000,0.363372093,2
456,24,455,0,456,1849,F1Xqxl17Ho83RSGNpiZSww,2018-07,17.87262587,428.9430208,2721.46831,450465.1845,24,336,268800,0.688953488,0
457,15,456,0,457,2406,v1e8AY0Heb4xbLRTZ6uSpg,2018-07,11.65604861,174.8407292,2721.46831,450465.1845,15,210,168000,0.360465116,2
458,13,457,0,458,967,mUtBycSMPg9xCLmsX3Lt9A,2018-07,14.65167468,190.4717708,2721.46831,450465.1845,13,182,145600,0.534883721,3
459,6,458,0,459,1545,IOavUmu9F7Q5kCK99H63_Q,2018-07,25.60899306,153.6539583,2721.46831,450465.1845,6,138,110400,0.909883721,5
460,0,459,0,460,,,,,,2721.46831,450465.1845,#DIV/0!,0,0,#N/A,#N/A
461,0,460,0,461,,,,,,2721.46831,450465.1845,#DIV/0!,0,0,#N/A,#N/A
462,0,461,0,462,,,,,,2721.46831,450465.1845,#DIV/0!,0,0,#N/A,#N/A
463,9,462,0,463,328,WgAQaD7IkRC60tjJxdWI8g,2018-07,16.70915509,150.3823958,2369.532516,250385.8749,9,126,100800,0.627906977,0
464,0,463,0,464,,,,,,2721.46831,450465.1845,#DIV/0!,0,0,#N/A,#N/A
465,17,464,0,465,1577,orqrlPOEFOR7RL8i5clMwg,2018-07,16.65213235,283.08625,2721.46831,450465.1845,17,238,190400,0.625,0
466,3,465,0,466,1175,O8inZ5His0Ks9PqpirFyQg,2018-07,19.84513889,59.53541667,2721.46831,450465.1845,3,54,43200,0.755813953,0
467,12,466,0,467,1549,i5obuNE6y5_4909zqpsTVg,2018-07,19.40497396,232.8596875,2721.46831,450465.1845,12,216,172800,0.75,0
468,14,467,0,468,723,OCu6-h1JzzFgV6v3q3NLkw,2018-08,20.63539435,288.8955208,2721.46831,450465.1845,14,252,201600,0.787790698,0
469,0,468,0,469,,,,,,2721.46831,450465.1845,#DIV/0!,0,0,#N/A,#N/A
470,0,469,0,470,,,,,,2721.46831,450465.1845,#DIV/0!,0,0,#N/A,#N/A
471,0,470,0,471,,,,,,738.366833,23105.857,#DIV/0!,0,0,#N/A,#N/A
472,11,471,0,472,1103,qJFB9pvpqr3JxgEunJQzsg,2018-09,12.26704545,134.9375,2721.46831,450465.1845,11,154,123200,0.418604651,3
473,0,472,0,473,,,,,,2721.46831,450465.1845,#DIV/0!,0,0,#N/A,#N/A
474,0,473,0,474,,,,,,2721.46831,450465.1845,#DIV/0!,0,0,#N/A,#N/A
475,10,474,0,475,2699,ETGZfrGJ7sxXWfSgbOVL8w,2018-08,16.11320833,161.1320833,2424.31587,346922.8185,10,140,112000,0.584302326,3
476,0,475,0,476,,,,,,2576.048964,391451.9415,#DIV/0!,0,0,#N/A,#N/A
477,6,476,0,477,498,Mrwmbv2KGuIrjWVb7GT06g,2018-07,14.66673611,88.00041667,2721.46831,450465.1845,6,84,67200,0.537790698,3
478,0,477,0,478,,,,,,2721.46831,450465.1845,#DIV/0!,0,0,#N/A,#N/A
479,0,478,0,479,,,,,,2721.46831,450465.1845,#DIV/0!,0,0,#N/A,#N/A
480,0,479,0,480,,,,,,1542.487287,102030.5291,#DIV/0!,0,0,#N/A,#N/A
481,12,480,0,481,2384,I4RGlpT5ANvlhDXc4SLKsQ,2018-07,6.666892361,80.00270833,2721.46831,450465.1845,12,96,76800,0.098837209,0
482,1,481,0,482,278,yu78sLc6_hzybFBAP1io6w,2018-07,15.32208333,15.32208333,2721.46831,450465.1845,1,14,11200,0.563953488,3
483,0,482,0,483,,,,,,2721.46831,450465.1845,#DIV/0!,0,0,#N/A,#N/A
484,5,483,0,484,2428,HV5rn_PNbGqQMG_Ev74Z3Q,2013-08,4.919541667,24.59770833,2721.46831,450465.1845,5,40,32000,0.049418605,0
485,1,484,0,485,2180,f3mT6lJuVAFC4I6mS4ZiwQ,2018-07,16.77958333,16.77958333,2721.469623,450465.631,1,14,11200,0.636627907,0
486,0,485,0,486,,,,,,2721.46831,450465.1845,#DIV/0!,0,0,#N/A,#N/A
487,0,486,0,487,,,,,,2721.468967,450465.3712,#DIV/0!,0,0,#N/A,#N/A
488,2,487,0,488,2797,j_NXyQoQhCc8ynBZxZ805A,2018-07,16.29864583,32.59729167,2573.245733,408684.7663,2,28,22400,0.604651163,0
489,3,488,0,489,2445,Pba5kh7VXjEqV6Si3vs8VA,2018-07,28.98177083,86.9453125,2721.46831,450465.1845,3,69,55200,0.944767442,5
490,0,489,0,490,,,,,,2721.46831,450465.1845,#DIV/0!,0,0,#N/A,#N/A
491,0,490,0,491,,,,,,2721.468967,450465.3712,#DIV/0!,0,0,#N/A,#N/A
492,0,491,0,492,,,,,,2721.46831,450465.1845,#DIV/0!,0,0,#N/A,#N/A
493,0,492,0,493,,,,,,2721.46831,450465.1845,#DIV/0!,0,0,#N/A,#N/A
494,0,493,0,494,,,,,,2721.46831,450465.1845,#DIV/0!,0,0,#N/A,#N/A
495,11,494,0,495,1703,CnKvEZmFiEt67qBApKWjDQ,2018-07,10.79285985,118.7214583,2721.46831,450465.1845,11,154,123200,0.313953488,2
496,1,495,0,496,2700,op3AU_GZmZmfDAoYqID8Kg,2018-08,22.021875,22.021875,2721.46831,450465.1845,1,18,14400,0.825581395,5
497,3,496,0,497,34,YUWh2XB1GE0bSLSCjENs5Q,2018-08,8.597256944,25.79177083,2721.46831,450465.1845,3,42,33600,0.191860465,0
498,0,497,0,498,,,,,,2721.46831,450465.1845,#DIV/0!,0,0,#N/A,#N/A
499,10,498,0,499,1158,O35ug49Cx7Z7LXsrYLoBSw,2018-07,26.38145833,263.8145833,2721.468967,450465.3712,10,230,184000,0.918604651,5
500,0,499,0,500,,,,,,2721.46831,450465.1845,#DIV/0!,0,0,#N/A,#N/A
501,12,500,0,501,1114,q5SX_guplXenPJO1sTqd8g,2018-06,4.681102431,56.17322917,2721.46831,450465.1845,12,96,76800,0.043604651,0
502,16,501,0,502,7,awhALRVfXQ84zd9ycKBTMA,2018-08,12.17434245,194.7894792,2393.315658,341353.9903,16,224,179200,0.401162791,3
503,4,502,0,503,1530,whkgAr6s_x6MGzMyIGeLdw,2018-07,5.455729167,21.82291667,2721.468967,450465.3712,4,32,25600,0.058139535,0
504,0,503,0,504,,,,,,2721.46831,450465.1845,#DIV/0!,0,0,#N/A,#N/A
505,0,504,0,505,,,,,,935.4662159,26458.25686,#DIV/0!,0,0,#N/A,#N/A
506,7,505,0,506,2960,WipzfLQ0HyIfblJePf3iJg,2018-07,10.79596726,75.57177083,2721.46831,450465.1845,7,98,78400,0.316860465,2
507,0,506,0,507,,,,,,2721.468967,450465.3712,#DIV/0!,0,0,#N/A,#N/A
508,5,507,0,508,22,TeBGv_PeV36oxph1BET7PA,2018-07,9.417541667,47.08770833,2721.46831,450465.1845,5,70,56000,0.24127907,2
509,5,508,0,509,2951,pOfqF8hEFEm-nwukjQXBow,2018-09,10.51766667,52.58833333,2721.46831,450465.1845,5,70,56000,0.293604651,2
510,11,509,0,510,1351,dwFn6KnosA3FGWU4VXprAw,2018-07,8.060350379,88.66385417,2721.46831,450465.1845,11,154,123200,0.156976744,0
511,9,510,0,511,1915,QwXWhKH2XZ3OJYZfHjrfvw,2018-07,18.07491898,162.6742708,2721.468966,450465.4443,9,162,129600,0.709302326,0
512,15,511,0,512,37,Xt7_CZKyCPJWvHk5y7nlpA,2018-08,11.8243125,177.3646875,2721.468967,450465.3712,15,210,168000,0.377906977,2
513,0,512,0,513,,,,,,2721.468967,450465.3712,#DIV/0!,0,0,#N/A,#N/A
514,0,513,0,514,,,,,,2721.468967,450465.3712,#DIV/0!,0,0,#N/A,#N/A
515,0,514,0,515,,,,,,1986.781607,109213.8725,#DIV/0!,0,0,#N/A,#N/A
516,16,515,0,516,261,-zfVuElk-dXTwVtSO_YPGg,2018-07,6.836380208,109.3820833,2721.46831,450465.1845,16,128,102400,0.110465116,0
517,0,516,0,517,,,,,,2721.46831,450465.1845,#DIV/0!,0,0,#N/A,#N/A
518,0,517,0,518,,,,,,2721.468967,450465.3712,#DIV/0!,0,0,#N/A,#N/A
519,0,518,0,519,,,,,,2721.46831,450465.1845,#DIV/0!,0,0,#N/A,#N/A
520,13,519,0,520,1055,iE96HrUOE3GGoJ7heA_LKg,2018-07,13.62520833,177.1277083,2721.46831,450465.1845,13,182,145600,0.476744186,3
521,0,520,0,521,,,,,,2721.468967,450465.3712,#DIV/0!,0,0,#N/A,#N/A
522,0,521,0,522,,,,,,2721.46831,450465.1845,#DIV/0!,0,0,#N/A,#N/A
523,37,522,0,523,2067,LdPeOxkm6tcO0bu_JxrsMg,2016-11,26.25389358,971.3940625,2721.46831,450465.1845,37,851,680800,0.915697674,5
524,0,523,0,524,,,,,,2721.46831,450465.1845,#DIV/0!,0,0,#N/A,#N/A
525,1,524,0,525,545,ILjD66R5LipkJt15xUsuEA,2018-07,22.73770833,22.73770833,2721.46831,450465.1845,1,18,14400,0.834302326,5
526,0,525,0,526,,,,,,2721.46831,450465.1845,#DIV/0!,0,0,#N/A,#N/A
527,0,526,0,527,,,,,,2721.46831,450465.1845,#DIV/0!,0,0,#N/A,#N/A
528,13,527,0,528,1773,aTAvwSEWfc1XzW5TsrZbNA,2013-08,11.7435016,152.6655208,2721.46831,450465.1845,13,182,145600,0.369186047,2
529,2,528,0,529,1786,P3YVzecOubuF_HqU_uXmsg,2018-07,10.22661458,20.45322917,2721.46831,450465.1845,2,28,22400,0.287790698,2
530,1,529,0,530,2492,i2XGXv7Nu7QwO0u7-fFApw,2018-07,8.7584375,8.7584375,2721.46831,450465.1845,1,14,11200,0.206395349,2
531,0,530,0,531,,,,,,2721.46831,450465.1845,#DIV/0!,0,0,#N/A,#N/A
532,0,531,0,532,,,,,,2721.468966,450465.4443,#DIV/0!,0,0,#N/A,#N/A
533,1,532,0,533,2782,e9fuKmdm_GCTMPaVU9Ukwg,2018-07,30.9125,30.9125,2721.46831,450465.1845,1,27,21600,0.962209302,5
534,8,533,0,534,2244,7GI1Ml0CmEuhGJKi4GV9aw,2016-11,19.85548177,158.8438542,2721.46831,450465.1845,8,144,115200,0.75872093,0
535,0,534,0,535,,,,,,2721.46831,450465.1845,#DIV/0!,0,0,#N/A,#N/A
536,0,535,0,536,,,,,,2721.468967,450465.3712,#DIV/0!,0,0,#N/A,#N/A
537,0,536,0,537,,,,,,2721.46831,450465.1845,#DIV/0!,0,0,#N/A,#N/A
538,8,537,0,538,2665,crVhl2mtcyRCk-Shhq9HHA,2018-08,9.677044271,77.41635417,2721.468967,450465.3712,8,112,89600,0.261627907,2
539,0,538,0,539,,,,,,2721.468967,450465.3712,#DIV/0!,0,0,#N/A,#N/A
540,3,539,0,540,652,pfoSc1nLRdw9VSTmxWdkLQ,2018-07,7.285972222,21.85791667,2721.46831,450465.1845,3,24,19200,0.127906977,0
541,0,540,0,541,,,,,,2382.012473,313488.838,#DIV/0!,0,0,#N/A,#N/A
542,14,541,0,542,919,azrkLVbbXBC0Nm0W67S7KA,2018-07,11.35247768,158.9346875,2721.468967,450465.3712,14,196,156800,0.348837209,2
543,0,542,0,543,,,,,,2721.46831,450465.1845,#DIV/0!,0,0,#N/A,#N/A
544,14,543,0,544,513,r_UcBvmH924N3BP_pZJiVA,2018-07,17.9085119,250.7191667,2721.46831,450465.1845,14,196,156800,0.697674419,0
545,4,544,0,545,279,NMnsc1_xnPVcpL3SywxJHQ,2018-07,23.08015625,92.320625,2721.468967,450465.3712,4,72,57600,0.845930233,5
546,1,545,0,546,406,DLIBlqm-0J2jQZ5NosEeHQ,2018-07,16.14677083,16.14677083,2721.468967,450465.3712,1,14,11200,0.587209302,3
547,22,546,0,547,460,DB_xjLw1plpePjO02WtCTw,2013-08,31.56904356,694.5189583,2721.46831,450465.1845,22,594,475200,0.968023256,5
548,0,547,0,548,,,,,,2173.437745,253123.5472,#DIV/0!,0,0,#N/A,#N/A
549,0,548,0,549,,,,,,919.9004486,36024.17922,#DIV/0!,0,0,#N/A,#N/A
550,0,549,0,550,,,,,,2721.468967,450465.3712,#DIV/0!,0,0,#N/A,#N/A
551,14,550,0,551,915,YtvhrHlsUcgEe6XadnGYBQ,2018-07,8.16952381,114.3733333,2721.46831,450465.1845,14,196,156800,0.162790698,0
552,14,551,0,552,2443,dYLIZft5JY6D0IiTSon16Q,2018-07,28.80161458,403.2226042,2721.468967,450465.3712,14,322,257600,0.941860465,5
553,10,552,0,553,272,HcS8hfJgpXfaweZFJmYn7Q,2018-07,16.46928125,164.6928125,2721.468966,450465.4443,10,140,112000,0.61627907,0
554,0,553,0,554,,,,,,2721.468966,450465.4443,#DIV/0!,0,0,#N/A,#N/A
555,12,554,0,555,530,DyJC5SFL6RRp1liFhi4Rtw,2018-07,9.963229167,119.55875,2721.46831,450465.1845,12,168,134400,0.26744186,2
556,11,555,0,556,2738,XZUVdpcIHNDVDV-cC0lfOQ,2018-06,8.770094697,96.47104167,1719.936131,168599.3232,11,154,123200,0.209302326,2
557,0,556,0,557,,,,,,2721.46831,450465.1845,#DIV/0!,0,0,#N/A,#N/A
558,0,557,0,558,,,,,,2721.46831,450465.1845,#DIV/0!,0,0,#N/A,#N/A
559,0,558,0,559,,,,,,1444.963748,89081.14172,#DIV/0!,0,0,#N/A,#N/A
560,0,559,0,560,,,,,,2634.869058,439246.3751,#DIV/0!,0,0,#N/A,#N/A
561,13,560,0,561,1939,z97Xy9zmqwgWnuiqvgzFyQ,2018-08,15.02657853,195.3455208,2721.468967,450465.3712,13,182,145600,0.555232558,3
562,0,561,0,562,,,,,,2721.46831,450465.1845,#DIV/0!,0,0,#N/A,#N/A
563,0,562,0,563,,,,,,2721.46831,450465.1845,#DIV/0!,0,0,#N/A,#N/A
564,0,563,0,564,,,,,,2721.46831,450465.1845,#DIV/0!,0,0,#N/A,#N/A
565,0,564,0,565,,,,,,2721.46831,450465.1845,#DIV/0!,0,0,#N/A,#N/A
566,22,565,0,566,968,S1_NDH3hw2EtZ71X1jQYQg,2018-07,18.0067661,396.1488542,2721.46831,450465.1845,22,396,316800,0.703488372,0
567,8,566,0,567,1203,Q90-5X_hH9hTFcGRfDO4jQ,2018-07,17.89033854,143.1227083,2691.686661,449076.7758,8,112,89600,0.691860465,0
568,0,567,0,568,,,,,,2611.22329,369377.0236,#DIV/0!,0,0,#N/A,#N/A
569,0,568,0,569,,,,,,2721.468967,450465.3712,#DIV/0!,0,0,#N/A,#N/A
570,0,569,0,570,,,,,,2721.468966,450465.4443,#DIV/0!,0,0,#N/A,#N/A
571,0,570,0,571,,,,,,2721.468966,450465.4443,#DIV/0!,0,0,#N/A,#N/A
572,4,571,0,572,471,goYGVg7kDyUA394wBtnJzA,2018-07,12.42820313,49.7128125,2721.46831,450465.1845,4,56,44800,0.424418605,3
573,19,572,0,573,1505,x4RktfkjS978lzdcf6SHsg,2018-08,11.25199561,213.7879167,2721.46831,450465.1845,19,266,212800,0.345930233,2
574,0,573,0,574,,,,,,2721.46831,450465.1845,#DIV/0!,0,0,#N/A,#N/A
575,0,574,0,575,,,,,,2721.468967,450465.3712,#DIV/0!,0,0,#N/A,#N/A
576,0,575,0,576,,,,,,2721.46831,450465.1845,#DIV/0!,0,0,#N/A,#N/A
577,0,576,0,577,,,,,,2721.46831,450465.1845,#DIV/0!,0,0,#N/A,#N/A
578,0,577,0,578,,,,,,1852.091922,40771.44734,#DIV/0!,0,0,#N/A,#N/A
579,12,578,0,579,2001,rGekCz0RWQVKom9Ma9K4fA,2018-07,5.167447917,62.009375,2721.46831,450465.1845,12,96,76800,0.052325581,0
580,10,579,0,580,1194,gVzkun49JQjOOhcKK8Enog,2018-07,8.8205,88.205,2721.46831,450465.1845,10,140,112000,0.212209302,2
581,15,580,0,581,1442,pmwaOAPFXhAWfg1y0OZWnA,2018-07,5.684743056,85.27114583,2721.46831,450465.1845,15,120,96000,0.063953488,0
582,0,581,0,582,,,,,,2721.46831,450465.1845,#DIV/0!,0,0,#N/A,#N/A
583,5,582,0,583,1484,rJVa3Is2glEqa5V_ucnhVQ,2018-07,15.621375,78.106875,2721.468967,450465.3712,5,70,56000,0.575581395,3
584,7,583,0,584,2655,5W424DJXl2EejM1UU-o4jA,2016-07,11.38927083,79.72489583,2721.468967,450465.3712,7,98,78400,0.351744186,2
585,0,584,0,585,,,,,,209.1224156,1864.664324,#DIV/0!,0,0,#N/A,#N/A
586,0,585,0,586,,,,,,2721.468967,450465.3712,#DIV/0!,0,0,#N/A,#N/A
587,13,586,0,587,570,UJRPhMfutrchN6kSHRMZlQ,2012-10,21.43876603,278.7039583,2721.46831,450465.1845,13,234,187200,0.802325581,5
588,25,587,0,588,1838,urUk5VUGb0FegR3nNqTG7w,2018-07,23.56131667,589.0329167,2721.46831,450465.1845,25,450,360000,0.854651163,5
589,6,588,0,589,337,b31yb_nOVkbcBWBXA4o3bQ,2018-07,16.90828125,101.4496875,2721.46831,450465.1845,6,84,67200,0.648255814,0
590,0,589,0,590,,,,,,2721.46831,450465.1845,#DIV/0!,0,0,#N/A,#N/A
591,6,590,0,591,1200,MF5GvZO_q5o7C7sFy1VUjA,2018-07,16.24413194,97.46479167,1473.178748,93068.81165,6,84,67200,0.601744186,0
592,0,591,0,592,,,,,,2721.46831,450465.1845,#DIV/0!,0,0,#N/A,#N/A
593,0,592,0,593,,,,,,2721.46831,450465.1845,#DIV/0!,0,0,#N/A,#N/A
594,15,593,0,594,564,lqXwwW-DmUM5XenYqS2fvQ,2018-09,13.06431944,195.9647917,2721.46831,450465.1845,15,210,168000,0.465116279,3
595,0,594,0,595,,,,,,2721.46831,450465.1845,#DIV/0!,0,0,#N/A,#N/A
596,12,595,0,596,1419,eaymnaEodjbAglOOUez7xg,2018-08,10.52728299,126.3273958,2721.46831,450465.1845,12,168,134400,0.296511628,2
597,0,596,0,597,,,,,,2721.468967,450465.3712,#DIV/0!,0,0,#N/A,#N/A
598,0,597,0,598,,,,,,2721.46831,450465.1845,#DIV/0!,0,0,#N/A,#N/A
599,0,598,0,599,,,,,,2721.468966,450465.4443,#DIV/0!,0,0,#N/A,#N/A
600,0,599,0,600,,,,,,2353.398281,270825.8733,#DIV/0!,0,0,#N/A,#N/A
601,0,600,0,601,,,,,,2721.46831,450465.1845,#DIV/0!,0,0,#N/A,#N/A
602,0,601,0,602,,,,,,2721.46831,450465.1845,#DIV/0!,0,0,#N/A,#N/A
603,0,602,0,603,,,,,,2721.46831,450465.1845,#DIV/0!,0,0,#N/A,#N/A
604,0,603,0,604,,,,,,1900.968711,242633.2971,#DIV/0!,0,0,#N/A,#N/A
605,0,604,0,605,,,,,,2239.636827,287288.1139,#DIV/0!,0,0,#N/A,#N/A
606,0,605,0,606,,,,,,2382.397685,324299.9387,#DIV/0!,0,0,#N/A,#N/A
607,0,606,0,607,,,,,,881.7129361,17313.41457,#DIV/0!,0,0,#N/A,#N/A
608,0,607,0,608,,,,,,2721.46831,450465.1845,#DIV/0!,0,0,#N/A,#N/A
609,0,608,0,609,,,,,,2721.468966,450465.4443,#DIV/0!,0,0,#N/A,#N/A
610,0,609,0,610,,,,,,675.436936,7197.686294,#DIV/0!,0,0,#N/A,#N/A
611,0,610,0,611,,,,,,2721.468967,450465.3712,#DIV/0!,0,0,#N/A,#N/A
612,16,611,0,612,1868,hlg6X4MGjNuKxvHrKZMFuQ,2018-07,5.692643229,91.08229167,2721.46831,450465.1845,16,128,102400,0.066860465,0
613,2,612,0,613,1824,jTdocx22L4cry7uk2BwgEA,2013-08,22.15171875,44.3034375,2721.468967,450465.3712,2,36,28800,0.828488372,5
614,9,613,0,614,496,pSdH6OGJGxyqLNlamhRXFQ,2018-07,16.92878472,152.3590625,2721.46831,450465.1845,9,126,100800,0.654069767,0
615,12,614,0,615,2884,8egrUwLRZUb9PIrI960wyQ,2018-07,15.94098958,191.291875,2721.468967,450465.3712,12,168,134400,0.578488372,3
616,0,615,0,616,,,,,,2721.46831,450465.1845,#DIV/0!,0,0,#N/A,#N/A
617,3,616,0,617,2711,0W-GbkLd5Ecq03OiHbPn5Q,2018-09,27.47423611,82.42270833,2713.060108,450358.5213,3,69,55200,0.927325581,5
618,0,617,0,618,,,,,,2721.468966,450465.4443,#DIV/0!,0,0,#N/A,#N/A
619,0,618,0,619,,,,,,2721.46831,450465.1845,#DIV/0!,0,0,#N/A,#N/A
620,3,619,0,620,2017,u15Ge8icvOIAh717OjHsxQ,2013-08,10.80121528,32.40364583,2721.46831,450465.1845,3,42,33600,0.319767442,2
621,15,620,0,621,285,xreDynLlWkayPgf2_nWxkw,2015-10,11.92130556,178.8195833,2721.46831,450465.1845,15,210,168000,0.38372093,2
622,8,621,0,622,1693,zwY4efkITTyaM0BVS5SZpg,2018-07,19.49501302,155.9601042,2721.468967,450465.3712,8,144,115200,0.752906977,0
623,0,622,0,623,,,,,,2721.46831,450465.1845,#DIV/0!,0,0,#N/A,#N/A
624,0,623,0,624,,,,,,2721.46831,450465.1845,#DIV/0!,0,0,#N/A,#N/A
625,1,624,0,625,2896,DLax_KXoD0tp-9DyWogLaQ,2018-07,16.7296875,16.7296875,2721.46831,450465.1845,1,14,11200,0.630813953,0
626,0,625,0,626,,,,,,2721.46831,450465.1845,#DIV/0!,0,0,#N/A,#N/A
627,0,626,0,627,,,,,,2721.46831,450465.1845,#DIV/0!,0,0,#N/A,#N/A
628,0,627,0,628,,,,,,2721.46831,450465.1845,#DIV/0!,0,0,#N/A,#N/A
629,0,628,0,629,,,,,,2721.46831,450465.1845,#DIV/0!,0,0,#N/A,#N/A
630,8,629,0,630,1623,f8Vnjcdvj46xvs8QKQeSRw,2018-07,7.683528646,61.46822917,2721.46831,450465.1845,8,64,51200,0.148255814,0
631,6,630,0,631,3003,OILthyw2XJfqlWtzNjdUvg,2018-07,7.129322917,42.7759375,2721.46831,450465.1845,6,48,38400,0.125,0
632,9,631,0,632,129,kaOLjSGBvtMb9ZsrMwxxjg,2018-07,9.315856481,83.84270833,2721.46831,450465.1845,9,126,100800,0.23255814,2
633,9,632,0,633,1192,v1V_5QREZoj7tAzBJp6F0Q,2018-07,20.48246528,184.3421875,2721.46831,450465.1845,9,162,129600,0.784883721,0
634,0,633,0,634,,,,,,2721.46831,450465.1845,#DIV/0!,0,0,#N/A,#N/A
635,0,634,0,635,,,,,,2209.453635,246622.1756,#DIV/0!,0,0,#N/A,#N/A
636,0,635,0,636,,,,,,2721.46831,450465.1845,#DIV/0!,0,0,#N/A,#N/A
637,0,636,0,637,,,,,,2217.693934,201999.4545,#DIV/0!,0,0,#N/A,#N/A
638,0,637,0,638,,,,,,2633.119886,436097.898,#DIV/0!,0,0,#N/A,#N/A
639,0,638,0,639,,,,,,2163.37408,290217.9595,#DIV/0!,0,0,#N/A,#N/A
640,0,639,0,640,,,,,,2721.46831,450465.1845,#DIV/0!,0,0,#N/A,#N/A
641,0,640,0,641,,,,,,2721.468967,450465.3712,#DIV/0!,0,0,#N/A,#N/A
642,8,641,0,642,163,wxpPy9JzjFgBakNzQq_Vhg,2018-10,5.80921875,46.47375,2721.46831,450465.1845,8,64,51200,0.075581395,0
643,0,642,0,643,,,,,,2721.46831,450465.1845,#DIV/0!,0,0,#N/A,#N/A
644,0,643,0,644,,,,,,565.0781204,14275.98514,#DIV/0!,0,0,#N/A,#N/A
645,0,644,0,645,,,,,,2721.46831,450465.1845,#DIV/0!,0,0,#N/A,#N/A
646,11,645,0,646,811,OgMDGeHwo3mDNBnW2gZZ9w,2018-07,9.073731061,99.81104167,2721.46831,450465.1845,11,154,123200,0.220930233,2
647,0,646,0,647,,,,,,2721.469623,450465.631,#DIV/0!,0,0,#N/A,#N/A
648,0,647,0,648,,,,,,2721.468967,450465.3712,#DIV/0!,0,0,#N/A,#N/A
649,10,648,0,649,233,OU_7yFzSghuOUUqxakwsDQ,2018-06,13.79453125,137.9453125,2721.468967,450465.3712,10,140,112000,0.494186047,3
650,0,649,0,650,,,,,,2721.46831,450465.1845,#DIV/0!,0,0,#N/A,#N/A
651,0,650,0,651,,,,,,2721.46831,450465.1845,#DIV/0!,0,0,#N/A,#N/A
652,0,651,0,652,,,,,,2542.889397,403997.5271,#DIV/0!,0,0,#N/A,#N/A
653,0,652,0,653,,,,,,2721.46831,450465.1845,#DIV/0!,0,0,#N/A,#N/A
654,4,653,0,654,807,OoPoQ5R5vkVNHr0GHHeWzg,2018-07,11.08682292,44.34729167,2721.46831,450465.1845,4,56,44800,0.340116279,2
655,18,654,0,655,2081,5kS-FM3Lg6Y3tT019VpJHQ,2013-08,30.42644676,547.6760417,2721.46831,450465.1845,18,486,388800,0.956395349,5
656,0,655,0,656,,,,,,2721.46831,450465.1845,#DIV/0!,0,0,#N/A,#N/A
657,0,656,0,657,,,,,,2721.468966,450465.4443,#DIV/0!,0,0,#N/A,#N/A
658,4,657,0,658,2020,rg02GfAoWdioDorjeHxorA,2018-07,10.22565104,40.90260417,2721.46831,450465.1845,4,56,44800,0.284883721,2
659,0,658,0,659,,,,,,2721.46831,450465.1845,#DIV/0!,0,0,#N/A,#N/A
660,0,659,0,660,,,,,,2721.46831,450465.1845,#DIV/0!,0,0,#N/A,#N/A
661,0,660,0,661,,,,,,2721.468967,450465.3712,#DIV/0!,0,0,#N/A,#N/A
662,0,661,0,662,,,,,,2721.46831,450465.1845,#DIV/0!,0,0,#N/A,#N/A
663,5,662,0,663,1618,qHDE0i1sE7aUmb3LocmriA,2018-07,11.07075,55.35375,2721.46831,450465.1845,5,70,56000,0.337209302,2
664,4,663,0,664,1404,nOGVjy55R2e0G8i6qxu6Rg,2018-07,7.555442708,30.22177083,2721.46831,450465.1845,4,32,25600,0.14244186,0
665,0,664,0,665,,,,,,2721.46831,450465.1845,#DIV/0!,0,0,#N/A,#N/A
666,3,665,0,666,1720,odg0FztJpGcT1Hm0vNNkvg,2018-07,5.850520833,17.5515625,2721.46831,450465.1845,3,24,19200,0.078488372,0
667,2,666,0,667,1058,zDLMpa4H5-S7zd9RI-HJuA,2018-07,18.336875,36.67375,2721.468966,450465.4443,2,36,28800,0.718023256,0
668,0,667,0,668,,,,,,2721.468967,450465.3712,#DIV/0!,0,0,#N/A,#N/A
669,2,668,0,669,364,Spwh1sTKLkdc6waDShmiRg,2018-08,9.6065625,19.213125,2721.46831,450465.1845,2,28,22400,0.252906977,2
670,0,669,0,670,,,,,,1001.989656,21374.6142,#DIV/0!,0,0,#N/A,#N/A
671,0,670,0,671,,,,,,2721.46831,450465.1845,#DIV/0!,0,0,#N/A,#N/A
672,0,671,0,672,,,,,,985.483401,35662.09732,#DIV/0!,0,0,#N/A,#N/A
673,0,672,0,673,,,,,,2721.46831,450465.1845,#DIV/0!,0,0,#N/A,#N/A
674,0,673,0,674,,,,,,2721.468967,450465.3712,#DIV/0!,0,0,#N/A,#N/A
675,1,674,0,675,453,DCArU3oVkGRs1FOqCXZdqQ,2018-07,10.11875,10.11875,2721.46831,450465.1845,1,14,11200,0.279069767,2
676,0,675,0,676,,,,,,2721.46831,450465.1845,#DIV/0!,0,0,#N/A,#N/A
677,2,676,0,677,2498,vBR0Gd4At0XNXrTxR7PjQw,2016-11,9.229739583,18.45947917,2721.46831,450465.1845,2,28,22400,0.223837209,2
678,0,677,0,678,,,,,,2721.46831,450465.1845,#DIV/0!,0,0,#N/A,#N/A
679,6,678,0,679,2649,dteepkpUOzRrHKlNdgiVaA,2018-07,11.59454861,69.56729167,2721.46831,450465.1845,6,84,67200,0.35755814,2
680,3,679,0,680,871,1Ytv7hb1azTx5wAqZdx5jQ,2018-07,5.9590625,17.8771875,2721.46831,450465.1845,3,24,19200,0.084302326,0
681,0,680,0,681,,,,,,2721.46831,450465.1845,#DIV/0!,0,0,#N/A,#N/A
682,0,681,0,682,,,,,,2721.46831,450465.1845,#DIV/0!,0,0,#N/A,#N/A
683,10,682,0,683,8,hdk7ssFfqixq1umhBY4Ljg,2018-07,8.608177083,86.08177083,2721.46831,450465.1845,10,140,112000,0.194767442,0
684,4,683,0,684,316,5SDb3OFeoHfA15o3rJ7Lew,2018-10,20.98705729,83.94822917,2721.46831,450465.1845,4,72,57600,0.799418605,0
685,3,684,0,685,2313,LedVDBIypzY0PQy3aR-zhw,2017-11,14.58201389,43.74604167,2721.46831,450465.1845,3,42,33600,0.529069767,3
686,3,685,0,686,1726,4RWvDFVovAvcDz-vChiFIQ,2018-07,21.87736111,65.63208333,2721.468966,450465.4443,3,54,43200,0.819767442,5
687,0,686,0,687,,,,,,2721.46831,450465.1845,#DIV/0!,0,0,#N/A,#N/A
688,0,687,0,688,,,,,,2721.46831,450465.1845,#DIV/0!,0,0,#N/A,#N/A
689,10,688,0,689,1096,tKhANv8sz_9v6l6UQXIdfA,2018-08,18.95392708,189.5392708,2601.534787,425956.3728,10,180,144000,0.74127907,0
690,0,689,0,690,,,,,,2721.46831,450465.1845,#DIV/0!,0,0,#N/A,#N/A
691,25,690,0,691,1744,eVBjCTIFTktCrnXONgaaeg,2018-07,20.30327083,507.5817708,2721.46831,450465.1845,25,450,360000,0.781976744,0
692,0,691,0,692,,,,,,2721.46831,450465.1845,#DIV/0!,0,0,#N/A,#N/A
693,4,692,0,693,227,XtM9ddl4vdqyXjY-B0BEGw,2018-07,9.456770833,37.82708333,2721.46831,450465.1845,4,56,44800,0.244186047,2
694,9,693,0,694,211,5GDyd4Alkj4BsYuFesAUaw,2015-06,16.92578704,152.3320833,2721.46831,450465.1845,9,126,100800,0.651162791,0
695,15,694,0,695,44,knGdR_jiMsUMo8PeuBgFfA,2018-07,12.57619444,188.6429167,2721.46831,450465.1845,15,210,168000,0.438953488,3
696,13,695,0,696,1,oRfgmjBpIdOoTkciAVwhaQ,2018-09,24.59227564,319.6995833,2466.095871,218062.2374,13,299,239200,0.89244186,5
697,0,696,0,697,,,,,,2446.250475,338761.1762,#DIV/0!,0,0,#N/A,#N/A
698,17,697,0,698,1231,ja0s5J-5YtCHZmyN5mwirg,2018-08,14.04331495,238.7363542,2721.46831,450465.1845,17,238,190400,0.511627907,3
699,23,698,0,699,407,mgGcPmpxQue2la7t7cOq5w,2018-07,14.71630435,338.475,2721.468967,450465.3712,23,322,257600,0.540697674,3
700,0,699,0,700,,,,,,2721.468966,450465.4443,#DIV/0!,0,0,#N/A,#N/A
701,0,700,0,701,,,,,,2721.46831,450465.1845,#DIV/0!,0,0,#N/A,#N/A
702,0,701,0,702,,,,,,2721.46831,450465.1845,#DIV/0!,0,0,#N/A,#N/A
703,0,702,0,703,,,,,,2721.46831,450465.1845,#DIV/0!,0,0,#N/A,#N/A
704,12,703,0,704,1168,qgY9Kp7Kv0f2NIGWtimI5g,2017-09,17.01136285,204.1363542,2721.46831,450465.1845,12,168,134400,0.665697674,0
705,7,704,0,705,2265,nlDOMzMh2j_TOnhxuBk9ig,2016-11,23.45428571,164.18,2721.46831,450465.1845,7,126,100800,0.848837209,5
706,0,705,0,706,,,,,,2721.46831,450465.1845,#DIV/0!,0,0,#N/A,#N/A
707,4,706,0,707,2025,V3bZMDM2GmBy85N4ROGUhQ,2018-10,14.27911458,57.11645833,2721.46831,450465.1845,4,56,44800,0.51744186,3
708,1,707,0,708,458,Ge9Wp5OdtawzLxwdosxxOA,2018-07,4.8215625,4.8215625,2721.46831,450465.1845,1,8,6400,0.046511628,0
709,11,708,0,709,1492,ww88teaVDGRTLWnW5NvdUw,2018-07,25.20961174,277.3057292,2721.46831,450465.1845,11,253,202400,0.904069767,5
710,0,709,0,710,,,,,,2721.468967,450465.3712,#DIV/0!,0,0,#N/A,#N/A
711,0,710,0,711,,,,,,2721.46831,450465.1845,#DIV/0!,0,0,#N/A,#N/A
712,1,711,0,712,2500,siYlTdZ5FrLXkWjWGfxgbA,2018-07,12.51291667,12.51291667,1157.351118,53556.30765,1,14,11200,0.436046512,3
713,16,712,0,713,1356,OWjiWjODzvUIsgJgQcl1Iw,2018-07,11.04845703,176.7753125,2721.468966,450465.4443,16,224,179200,0.334302326,2
714,0,713,0,714,,,,,,2721.468967,450465.3712,#DIV/0!,0,0,#N/A,#N/A
715,0,714,0,715,,,,,,2721.46831,450465.1845,#DIV/0!,0,0,#N/A,#N/A
716,0,715,0,716,,,,,,2721.46831,450465.1845,#DIV/0!,0,0,#N/A,#N/A
717,12,716,0,717,983,kXWjUkz77hV5eLbWX9cBxA,2018-07,9.281970486,111.3836458,2721.468966,450465.4443,12,168,134400,0.229651163,2
718,0,717,0,718,,,,,,2114.225141,129537.0112,#DIV/0!,0,0,#N/A,#N/A
719,0,718,0,719,,,,,,2721.46831,450465.1845,#DIV/0!,0,0,#N/A,#N/A
720,11,719,0,720,1314,R3qAGKoh8LrgtztFxjX0BA,2018-07,20.25016098,222.7517708,2721.46831,450465.1845,11,198,158400,0.773255814,0
721,0,720,0,721,,,,,,1790.422255,113168.6329,#DIV/0!,0,0,#N/A,#N/A
722,16,721,0,722,695,BeE8KoVOrWt2zK64YBSoTA,2018-08,12.14317057,194.2907292,2721.46831,450465.1845,16,224,179200,0.395348837,2
723,0,722,0,723,,,,,,2721.46831,450465.1845,#DIV/0!,0,0,#N/A,#N/A
724,0,723,0,724,,,,,,2721.46831,450465.1845,#DIV/0!,0,0,#N/A,#N/A
725,0,724,0,725,,,,,,2721.46831,450465.1845,#DIV/0!,0,0,#N/A,#N/A
726,6,725,0,726,30,xZYsA7F1JEg3Zwcl5StkNQ,2018-08,11.0396875,66.238125,2721.46831,450465.1845,6,84,67200,0.328488372,2
727,0,726,0,727,,,,,,2721.468966,450465.4443,#DIV/0!,0,0,#N/A,#N/A
728,0,727,0,728,,,,,,2721.46831,450465.1845,#DIV/0!,0,0,#N/A,#N/A
729,23,728,0,729,2268,jIq85RlxvRmBr353qSrTjg,2016-11,27.42882246,630.8629167,2721.46831,450465.1845,23,529,423200,0.924418605,5
730,5,729,0,730,1248,WRIVUyH82gbW-oxJMvsAow,2018-08,7.301895833,36.50947917,2721.46831,450465.1845,5,40,32000,0.13372093,0
731,0,730,0,731,,,,,,2721.468967,450465.3712,#DIV/0!,0,0,#N/A,#N/A
732,0,731,0,732,,,,,,2721.46831,450465.1845,#DIV/0!,0,0,#N/A,#N/A
733,12,732,0,733,2747,Mt6Oc6rtcZFHml8k74F-ig,2018-07,7.556302083,90.675625,2672.581043,446179.6153,12,96,76800,0.145348837,0
734,0,733,0,734,,,,,,2721.46831,450465.1845,#DIV/0!,0,0,#N/A,#N/A
735,10,734,0,735,2346,9NAomxQykNm08EOmGpxeKQ,2012-09,32.14917708,321.4917708,2721.469623,450465.631,10,270,216000,0.976744186,5
736,0,735,0,736,,,,,,2721.468966,450465.4443,#DIV/0!,0,0,#N/A,#N/A
737,0,736,0,737,,,,,,2234.144001,274143.9448,#DIV/0!,0,0,#N/A,#N/A
738,0,737,0,738,,,,,,2356.646643,188903.0153,#DIV/0!,0,0,#N/A,#N/A
739,3,738,0,739,1045,nZC3eeWpt2nAgeW699cc6w,2018-08,35.57190972,106.7157292,2721.46831,450465.1845,3,81,64800,0.988372093,5
740,18,739,0,740,880,6Bx4-PlpmXOe5-hPi6fIaA,2018-07,6.648663194,119.6759375,2721.46831,450465.1845,18,144,115200,0.095930233,0
741,5,740,0,741,1478,dJZF7NUqNRtEyeiwPK37gg,2018-07,10.79222917,53.96114583,2721.46831,450465.1845,5,70,56000,0.311046512,2
742,0,741,0,742,,,,,,2245.187023,246811.0526,#DIV/0!,0,0,#N/A,#N/A
743,5,742,0,743,2628,3h8Ec_WB8ca8irAkmqdOxQ,2018-09,5.760958333,28.80479167,2721.46831,450465.1845,5,40,32000,0.069767442,0
744,0,743,0,744,,,,,,406.0527337,7043.087462,#DIV/0!,0,0,#N/A,#N/A
745,0,744,0,745,,,,,,2721.46831,450465.1845,#DIV/0!,0,0,#N/A,#N/A
746,2,745,0,746,299,sDcYXh7S7NhUnSuglxhq5Q,2015-10,17.31510417,34.63020833,2721.46831,450465.1845,2,28,22400,0.677325581,0
747,0,746,0,747,,,,,,2660.044766,443794.9136,#DIV/0!,0,0,#N/A,#N/A
748,3,747,0,748,153,GNWwyrRcZMvYWxeS3n1Afw,2012-09,24.92972222,74.78916667,2721.468967,450465.3712,3,69,55200,0.898255814,5
749,0,748,0,749,,,,,,2721.46831,450465.1845,#DIV/0!,0,0,#N/A,#N/A
750,5,749,0,750,1463,aDJU1gy4GnkIEMxste-UxQ,2018-07,22.773,113.865,2721.46831,450465.1845,5,90,72000,0.837209302,5
751,0,750,0,751,,,,,,1342.916114,101318.767,#DIV/0!,0,0,#N/A,#N/A
752,0,751,0,752,,,,,,2721.468967,450465.3712,#DIV/0!,0,0,#N/A,#N/A
753,0,752,0,753,,,,,,2425.678491,322879.3504,#DIV/0!,0,0,#N/A,#N/A
754,1,753,0,754,110,-qyXhSeve5Nll3SbubvTfw,2018-07,24.72010417,24.72010417,2721.46831,450465.1845,1,23,18400,0.895348837,5
755,0,754,0,755,,,,,,14.99056532,9.545707585,#DIV/0!,0,0,#N/A,#N/A
756,10,755,0,756,1749,jnfB52TkBwosQ1XxC5RyZQ,2018-07,31.75305208,317.5305208,2721.468967,450465.3712,10,270,216000,0.970930233,5
757,0,756,0,757,,,,,,2721.46831,450465.1845,#DIV/0!,0,0,#N/A,#N/A
758,26,757,0,758,1032,2j_NCEgq524zXXGNBUM28Q,2018-07,13.04136619,339.0755208,2721.468967,450465.3712,26,364,291200,0.459302326,3
759,5,758,0,759,2684,3FyjJZuWEr3xkW0sXHX2pQ,2018-07,15.44227083,77.21135417,2721.46831,450465.1845,5,70,56000,0.566860465,3
760,0,759,0,760,,,,,,2721.46831,450465.1845,#DIV/0!,0,0,#N/A,#N/A
761,11,760,0,761,186,Ljjdg26xz5xkwb4vat8ZRA,2018-07,23.60445076,259.6489583,2423.066413,321334.0235,11,198,158400,0.85755814,5
762,0,761,0,762,,,,,,2721.46831,450465.1845,#DIV/0!,0,0,#N/A,#N/A
763,0,762,0,763,,,,,,2721.468966,450465.4443,#DIV/0!,0,0,#N/A,#N/A
764,16,763,0,764,951,VZ2NY2yOXv2uq6uTSdwWLA,2015-06,21.47490885,343.5985417,2721.46831,450465.1845,16,288,230400,0.805232558,5
765,5,764,0,765,2330,JvrriG3huKgC5AN488aDuw,2013-08,44.16914583,220.8457292,2721.46831,450465.1845,5,150,120000,0.994186047,5
766,0,765,0,766,,,,,,132.5619755,350.1504785,#DIV/0!,0,0,#N/A,#N/A
767,0,766,0,767,,,,,,2721.46831,450465.1845,#DIV/0!,0,0,#N/A,#N/A
768,0,767,0,768,,,,,,483.6701223,10048.20409,#DIV/0!,0,0,#N/A,#N/A
769,0,768,0,769,,,,,,2682.803492,447711.4857,#DIV/0!,0,0,#N/A,#N/A
770,0,769,0,770,,,,,,2490.672428,366848.3355,#DIV/0!,0,0,#N/A,#N/A
771,9,770,0,771,778,1q3WBwZ44MOvG9vsagj_tg,2013-08,21.71523148,195.4370833,2721.46831,450465.1845,9,162,129600,0.816860465,5
772,0,771,0,772,,,,,,2721.46831,450465.1845,#DIV/0!,0,0,#N/A,#N/A
773,21,772,0,773,265,AR3hRiJKBaj8EGaqOE68OQ,2013-08,13.85469742,290.9486458,2721.46831,450465.1845,21,294,235200,0.497093023,3
774,1,773,0,774,2432,-6tlgZMOYBjH9r4Uq25Blg,2013-08,9.535520833,9.535520833,2565.795292,404373.103,1,14,11200,0.25,2
775,0,774,0,775,,,,,,2784.208417,408477.0613,#DIV/0!,0,0,#N/A,#N/A
776,19,775,0,776,2264,4eHRUdpj5qaYQYmZDlewAg,2016-11,30.7309375,583.8878125,2721.468967,450465.3712,19,513,410400,0.959302326,5
777,13,776,0,777,798,4F4n_14GXHCyV58nnsR0cg,2018-07,13.88266026,180.4745833,2721.46831,450465.1845,13,182,145600,0.5,3
778,0,777,0,778,,,,,,2721.468967,450465.3712,#DIV/0!,0,0,#N/A,#N/A
779,10,778,0,779,1226,J1iK1cJ0MkwH-pgbg9KX0w,2018-05,12.88111458,128.8111458,2721.46831,450465.1845,10,140,112000,0.453488372,3
780,12,779,0,780,1307,5-vn1drk6q2oa8C041jzTg,2018-07,16.75011285,201.0013542,2721.46831,450465.1845,12,168,134400,0.63372093,0
781,0,780,0,781,,,,,,2721.468967,450465.3712,#DIV/0!,0,0,#N/A,#N/A
782,0,781,0,782,,,,,,2721.46831,450465.1845,#DIV/0!,0,0,#N/A,#N/A
783,0,782,0,783,,,,,,2721.46831,450465.1845,#DIV/0!,0,0,#N/A,#N/A
784,0,783,0,784,,,,,,2721.468967,450465.3712,#DIV/0!,0,0,#N/A,#N/A
785,6,784,0,785,3098,wgxQG8vtECCzDx39hvx-nA,2018-07,23.50024306,141.0014583,2721.46831,450465.1845,6,108,86400,0.851744186,5
786,3,785,0,786,2048,0A6qGlpAXQ2z5K_rBpOKUA,2018-09,24.55166667,73.655,2721.46831,450465.1845,3,69,55200,0.889534884,5
787,3,786,0,787,2424,l2LVyS5JEreii5CAaKgJ6w,2018-07,30.09975694,90.29927083,2721.468967,450465.3712,3,81,64800,0.953488372,5
788,10,787,0,788,3061,kEl2ZF5QwNixw9bDt-pDTg,2018-07,11.8034375,118.034375,2721.46831,450465.1845,10,140,112000,0.372093023,2
789,0,788,0,789,,,,,,2568.000675,413266.8114,#DIV/0!,0,0,#N/A,#N/A
790,1,789,0,790,1474,3ACXw3t1NgTCflpLkJFqTw,2018-07,6.754479167,6.754479167,2332.634552,306061.2548,1,8,6400,0.104651163,0
791,0,790,0,791,,,,,,2643.457649,441044.2209,#DIV/0!,0,0,#N/A,#N/A
792,14,791,0,792,1020,2alxe1y8FszdXQBfO8aLzQ,2018-07,13.7360119,192.3041667,2721.46831,450465.1845,14,196,156800,0.488372093,3
793,0,792,0,793,,,,,,1294.973084,87398.56944,#DIV/0!,0,0,#N/A,#N/A
794,0,793,0,794,,,,,,2721.468967,450465.3712,#DIV/0!,0,0,#N/A,#N/A
795,0,794,0,795,,,,,,2721.468967,450465.3712,#DIV/0!,0,0,#N/A,#N/A
796,5,795,0,796,2673,ufNgx9SE2rcD2aLWXvdPew,2018-08,7.493770833,37.46885417,2721.468967,450465.3712,5,40,32000,0.139534884,0
797,0,796,0,797,,,,,,2721.46831,450465.1845,#DIV/0!,0,0,#N/A,#N/A
798,4,797,0,798,1689,UmJor9JdZcoe9-2TG2jQ3g,2018-07,21.478125,85.9125,2721.46831,450465.1845,4,72,57600,0.808139535,5
799,0,798,0,799,,,,,,2721.46831,450465.1845,#DIV/0!,0,0,#N/A,#N/A
800,25,799,0,800,551,xbioDgQKuQy2g_FBHSY_uQ,2018-07,32.62081667,815.5204167,2721.46831,450465.1845,25,675,540000,0.979651163,5
801,0,800,0,801,,,,,,2721.46831,450465.1845,#DIV/0!,0,0,#N/A,#N/A
802,0,801,0,802,,,,,,2721.46831,450465.1845,#DIV/0!,0,0,#N/A,#N/A
803,0,802,0,803,,,,,,2721.46831,450465.1845,#DIV/0!,0,0,#N/A,#N/A
804,0,803,0,804,,,,,,264.1286211,2990.037909,#DIV/0!,0,0,#N/A,#N/A
805,27,804,0,805,607,WkkBQT7Vmd8Psqx71O8b4w,2018-07,13.76967593,371.78125,2721.46831,450465.1845,27,378,302400,0.49127907,3
806,0,805,0,806,,,,,,2721.46831,450465.1845,#DIV/0!,0,0,#N/A,#N/A
807,0,806,0,807,,,,,,2721.46831,450465.1845,#DIV/0!,0,0,#N/A,#N/A
808,0,807,0,808,,,,,,2545.983895,395099.2922,#DIV/0!,0,0,#N/A,#N/A
809,0,808,0,809,,,,,,2721.46831,450465.1845,#DIV/0!,0,0,#N/A,#N/A
810,0,809,0,810,,,,,,2721.468967,450465.3712,#DIV/0!,0,0,#N/A,#N/A
811,10,810,0,811,376,ufPi9tQcUw4cgKQlNndsXw,2014-10,14.10064583,141.0064583,2721.46831,450465.1845,10,140,112000,0.514534884,3
812,1,811,0,812,2601,dAmk51Pg3tJXAuWojBkBLA,2018-07,5.381041667,5.381041667,2721.46831,450465.1845,1,8,6400,0.055232558,0
813,0,812,0,813,,,,,,2721.46831,450465.1845,#DIV/0!,0,0,#N/A,#N/A
814,10,813,0,814,1666,b2mcOXoLxK-tIj-O6xSAQQ,2018-07,20.63888542,206.3888542,2721.46831,450465.1845,10,180,144000,0.790697674,0
815,6,814,0,815,219,TsEtgKl8qqjX0-zSNpSijQ,2018-07,19.87375,119.2425,2721.46831,450465.1845,6,108,86400,0.761627907,0
816,0,815,0,816,,,,,,2721.46831,450465.1845,#DIV/0!,0,0,#N/A,#N/A
817,19,816,0,817,501,KmOLrMk1P4i_sjzCSL8dPw,2018-07,25.19454496,478.6963542,2721.46831,450465.1845,19,437,349600,0.901162791,5
818,0,817,0,818,,,,,,1807.033286,179395.9137,#DIV/0!,0,0,#N/A,#N/A
819,6,818,0,819,2678,ARmiOwvIJpoeuAGCCM0Pww,2015-05,5.783802083,34.7028125,2721.46831,450465.1845,6,48,38400,0.072674419,0
820,0,819,0,820,,,,,,2721.468967,450465.3712,#DIV/0!,0,0,#N/A,#N/A
821,12,820,0,821,3078,N_BvsielljEBcSoIBlxLTQ,2018-07,12.33801215,148.0561458,2721.46831,450465.1845,12,168,134400,0.421511628,3
822,3,821,0,822,1468,gAlzrl8__IjWYyFWgKxFnw,2018-07,25.916875,77.750625,2721.46831,450465.1845,3,69,55200,0.912790698,5
823,0,822,0,823,,,,,,2711.667394,450292.6632,#DIV/0!,0,0,#N/A,#N/A
824,0,823,0,824,,,,,,2721.468967,450465.3712,#DIV/0!,0,0,#N/A,#N/A
825,13,824,0,825,858,1bZ9kyj9W-glbKiCdYX43A,2018-07,10.08754808,131.138125,2721.46831,450465.1845,13,182,145600,0.276162791,2
826,4,825,0,826,822,qwfzGt6NZH7J4f7e4CQEvA,2018-07,18.56286458,74.25145833,2721.46831,450465.1845,4,72,57600,0.726744186,0
827,0,826,0,827,,,,,,2721.46831,450465.1845,#DIV/0!,0,0,#N/A,#N/A
828,18,827,0,828,410,DaO39_-eetETWUdFKIzMsg,2018-07,8.026429398,144.4757292,2721.46831,450465.1845,18,252,201600,0.154069767,0
829,3,828,0,829,3017,P_u0954JtC65m8QxK7uuKw,2018-07,3.095729167,9.2871875,2721.46831,450465.1845,3,9,7200,0.01744186,0
830,2,829,0,830,2633,3Jbh-GZMZXB4C-WRDJ07oA,2018-08,17.02359375,34.0471875,2721.46831,450465.1845,2,28,22400,0.671511628,0
831,0,830,0,831,,,,,,2721.46831,450465.1845,#DIV/0!,0,0,#N/A,#N/A
832,12,831,0,832,1684,vF7fFG5gFeYswl-DQ3L2mw,2018-07,11.91849826,143.0219792,2721.468967,450465.3712,12,168,134400,0.380813953,2
833,0,832,0,833,,,,,,1476.989383,84861.94744,#DIV/0!,0,0,#N/A,#N/A
834,13,833,0,834,517,2MagUiSmO-T-it2vbivKog,2018-07,13.70119391,178.1155208,2721.46831,450465.1845,13,182,145600,0.48255814,3
835,0,834,0,835,,,,,,2721.46831,450465.1845,#DIV/0!,0,0,#N/A,#N/A
836,0,835,0,836,,,,,,598.1364101,11677.59785,#DIV/0!,0,0,#N/A,#N/A
