jcgrid_Clip4.OBJECTID,jcgrid_Clip4.Id,jcgrid_Clip4.Shape_Length,jcgrid_Clip4.Shape_Area,jcgrid_Clip4.GeoID,jcgrid_Clip4.GridArea,jcgrid_Clip4.ImpPerc,jcgrid_imp.OBJECTID,jcgrid_imp.Id,jcgrid_imp.GeoID,jcgrid_imp.Shape_Length,jcgrid_imp.Shape_Area,jcgrid_imp.ImpArea,ImpPercent,ImpScore
1,0,2530.758569,385934.0451,1,35854.58945,43.00793632,1,0,1,5035.571905,165982.2684,15420.319,43.00793632,4
2,0,2655.536428,444097.2288,2,41258.14764,54.20534991,2,0,2,2854.071734,240724.4568,22364.12329,54.20534991,3
3,0,2721.468966,450465.4443,3,41849.77659,54.06893778,3,0,3,2364.970611,243561.8808,22627.72967,54.06893778,3
4,0,2721.46831,450465.1845,4,41849.75246,79.20314775,4,0,4,7357.934408,356782.6057,33146.32127,79.20314775,2
5,0,2721.46831,450465.1845,5,41849.75246,94.98525888,5,0,5,6582.449633,427875.5217,39751.09571,94.98525888,0
6,0,2721.46831,450465.1845,6,41849.75246,93.08160274,6,0,6,4467.39964,419300.2135,38954.42033,93.08160274,0
7,0,1415.468536,83295.55317,7,7738.441061,82.45613198,7,0,7,1413.856978,68682.29125,6380.819175,82.45613198,0
8,0,2721.46831,450465.1845,8,41849.75246,52.80578858,8,0,8,8466.710373,237871.693,22099.0918,52.80578858,3
9,0,1309.558223,47396.43741,9,4403.290734,,,,,,,,,0
10,0,2721.468967,450465.3712,10,41849.76979,86.89702166,9,0,10,4495.475433,391440.9912,36366.20352,86.89702166,0
11,0,149.2815312,887.257409,11,82.42924027,,,,,,,,,0
12,0,2721.468967,450465.3712,12,41849.76979,89.48522369,10,0,12,9193.562714,403099.945,37449.36012,89.48522369,0
13,0,2721.46831,450465.1845,13,41849.75246,94.69985233,11,0,13,10430.76225,426589.8646,39631.65378,94.69985233,0
14,0,2721.468967,450465.3712,14,41849.76979,99.87399737,12,0,14,2924.086743,449897.7729,41797.03798,99.87399737,0
15,0,2721.46831,450465.1845,15,41849.75246,30.86054399,13,0,15,4517.592524,139016.0064,12915.06127,30.86054399,4
16,0,2721.468967,450465.3712,16,41849.76979,87.39234064,14,0,16,11091.40325,393672.2316,36573.49338,87.39234064,0
17,0,2721.46831,450465.1845,17,41849.75246,78.95122817,15,0,17,10909.86394,355647.7956,33040.89355,78.95122817,2
18,0,914.6774095,30384.22115,18,2822.797804,,,,,,,,,0
19,0,2721.46831,450465.1845,19,41849.75246,79.64485372,16,0,19,10232.61458,358772.3373,33331.17413,79.64485372,2
20,0,2413.566007,309834.6623,20,28784.69717,80.81944254,17,0,20,7157.37319,250406.6469,23263.63179,80.81944254,0
21,0,2721.468967,450465.3712,21,41849.76979,87.65063636,18,0,21,11948.27419,394835.7644,36681.58954,87.65063636,0
22,0,2721.468967,450465.3712,22,41849.76979,86.96169393,19,0,22,7882.045046,391732.3173,36393.26872,86.96169393,0
23,0,2721.46831,450465.1845,23,41849.75246,98.8986995,20,0,23,3399.15194,445504.2092,41388.86092,98.8986995,0
24,0,2721.46831,450465.1845,24,41849.75246,91.15400566,21,0,24,11740.91614,410617.0598,38147.72572,91.15400566,0
25,0,2463.549816,297712.8358,25,27658.53813,37.73465559,22,0,25,8054.903572,112340.9133,10436.8541,37.73465559,4
26,0,2721.468967,450465.3712,26,41849.76979,89.9337695,23,0,26,10283.91084,405120.4886,37637.0755,89.9337695,0
27,0,2648.50387,442705.3027,27,41128.83296,82.74187196,24,0,27,11026.0246,366302.6547,34030.76631,82.74187196,0
28,0,2721.46831,450465.1845,28,41849.75246,83.71106906,25,0,28,7148.709308,377089.2217,35032.87518,83.71106906,0
29,0,2721.46831,450465.1845,29,41849.75246,92.6569651,26,0,29,11512.60037,417387.3688,38776.71053,92.6569651,0
30,0,493.0258256,9440.803642,30,877.0828667,68.8286068,27,0,30,792.9981282,6497.973617,603.6839176,68.8286068,2
31,0,2721.468967,450465.3712,31,41849.76979,93.52407132,28,0,31,8327.219002,421293.555,39139.60855,93.52407132,0
32,0,2721.46831,450465.1845,32,41849.75246,82.88380802,29,0,32,4819.159699,373362.6988,34686.66848,82.88380802,0
33,0,2642.651605,365700.1789,33,33974.79425,79.83989197,30,0,33,5314.921573,291974.6278,27125.43903,79.83989197,2
34,0,1573.85374,140615.938,34,13063.70037,90.52442706,31,0,34,2903.2411,127291.7722,11825.83991,90.52442706,0
35,0,2721.46831,450465.1845,35,41849.75246,94.40644645,32,0,35,8350.062032,425268.1732,39508.86414,94.40644645,0
36,0,2721.46831,450465.1845,36,41849.75246,89.19212212,33,0,36,10266.08695,401779.4575,37326.68232,89.19212212,0
37,0,2721.46831,450465.1845,37,41849.75246,80.71133417,34,0,37,9225.065256,363576.4604,33777.49355,80.71133417,0
38,0,2721.46831,450465.1845,38,41849.75246,93.67190607,35,0,38,9783.195606,421959.3245,39201.46081,93.67190607,0
39,0,2721.468967,450465.3712,39,41849.76979,88.3529701,36,0,39,7332.819617,397999.5347,36975.51459,88.3529701,0
40,0,2721.46831,450465.1845,40,41849.75245,83.72624926,37,0,40,6876.153383,377157.6032,35039.22805,83.72624926,0
41,0,2721.468967,450465.3712,41,41849.76979,96.48538206,38,0,41,6830.420634,434633.2344,40378.91028,96.48538206,0
42,0,2721.468966,450465.4443,42,41849.77659,21.1889905,39,0,42,3673.084564,95449.0802,8867.545186,21.1889905,5
43,0,2721.468967,450465.3712,43,41849.76979,64.18388438,40,0,43,5201.125722,289126.173,26860.80786,64.18388438,3
44,0,2721.468967,450465.3712,44,41849.76979,89.40845207,41,0,44,9201.305335,402754.1155,37417.23137,89.40845207,0
45,0,2721.46831,450465.1845,45,41849.75246,96.34844588,42,0,45,7534.964459,434016.2045,40321.5861,96.34844588,0
46,0,2225.52911,243001.4946,46,22575.66788,68.20575867,43,0,46,8098.878975,165741.013,15397.90555,68.20575867,2
47,0,2221.605745,276746.4646,47,25710.69071,79.03637147,44,0,47,4535.464267,218730.3638,20320.79702,79.03637147,2
48,0,2721.46831,450465.1845,48,41849.75245,99.47187501,45,0,48,4549.784022,448086.1653,41628.73346,99.47187501,0
49,0,2721.46831,450465.1845,49,41849.75245,89.10328869,46,0,49,4608.005088,401379.2938,37289.50574,89.10328869,0
50,0,2721.46831,450465.1845,50,41849.75246,92.19468379,47,0,50,7894.733962,415304.9524,38583.24694,92.19468379,0
51,0,1318.894601,73722.42776,51,6849.065051,,,,,,,,,0
52,0,1801.490032,97197.9488,52,9030.021045,69.58134653,48,0,52,3461.958072,67631.64157,6283.210235,69.58134653,2
53,0,2575.823144,401994.6976,53,37346.67886,5.286219066,49,0,53,697.3305462,21250.32035,1974.227258,5.286219066,5
54,0,2530.676225,366275.315,54,34028.22636,79.69226654,50,0,54,4527.257024,291893.1003,27117.86485,79.69226654,2
55,0,2721.46831,450465.1845,55,41849.75246,78.76959249,51,0,55,8038.308321,354829.5902,32964.87947,78.76959249,2
56,0,2721.46831,450465.1845,56,41849.75246,49.44736899,52,0,56,3338.571012,222743.182,20693.60152,49.44736899,4
57,0,2721.46831,450465.1845,57,41849.75246,90.58663608,53,0,57,8544.951686,408061.2574,37910.28296,90.58663608,0
58,0,2721.468967,450465.3712,58,41849.76979,75.70137673,54,0,58,7627.158188,341008.4877,31680.85189,75.70137673,2
59,0,2721.46831,450465.1845,59,41849.75246,95.80007482,55,0,59,7146.997032,431545.9838,40092.09416,95.80007482,0
60,0,2721.46831,450465.1845,60,41849.75246,84.58440891,56,0,60,9686.120429,381023.3137,35398.36574,84.58440891,0
61,0,2721.46831,450465.1845,61,41849.75246,88.82947196,57,0,61,8225.268737,400145.8448,37174.91412,88.82947196,0
62,0,1282.209236,71308.43034,62,6624.796455,,,,,,,,,0
63,0,2721.468967,450465.3712,63,41849.76979,67.89556285,58,0,63,2215.516744,305845.9992,28414.13675,67.89556285,2
64,0,2678.476833,447643.6964,64,41587.62659,78.41862987,59,0,64,8446.457131,351036.0534,32612.44696,78.41862987,2
65,0,2721.46831,450465.1845,65,41849.75246,78.61569903,60,0,65,3541.8036,354136.3537,32900.47544,78.61569903,2
66,0,175.060116,1142.021938,66,106.0977342,,,,,,,,,0
67,0,2721.46831,450465.1845,67,41849.75245,22.5942371,61,0,67,4406.107161,101779.1718,9455.632294,22.5942371,5
68,0,2721.46831,450465.1845,68,41849.75245,88.57199582,62,0,68,9151.528691,398986.0044,37067.161,88.57199582,0
69,0,2721.46831,450465.1845,69,41849.75246,92.08899858,63,0,69,10315.29254,414828.8774,38539.01794,92.08899858,0
70,0,2721.46831,450465.1845,70,41849.75246,93.11488421,64,0,70,12025.20765,419450.135,38968.34854,93.11488421,0
71,0,2721.46831,450465.1845,71,41849.75245,81.12602916,65,0,71,9883.660253,365444.517,33951.04238,81.12602916,0
72,0,2721.46831,450465.1845,72,41849.75246,81.95934138,66,0,72,9057.681588,369198.2984,34299.78148,81.95934138,0
73,0,2721.46831,450465.1845,73,41849.75246,41.57256746,67,0,73,7731.579616,187269.9427,17398.01657,41.57256746,4
74,0,1079.65397,71552.25987,74,6647.44905,7.671556851,68,0,74,472.2343955,5489.172294,509.9628331,7.671556851,5
75,0,2673.325986,447090.2107,75,41536.20587,63.42208303,69,0,75,10831.68948,283553.9246,26343.12697,63.42208303,3
76,0,1359.646694,78346.24313,76,7278.633274,,,,,,,,,0
77,0,2721.46831,450465.1845,77,41849.75246,90.16741563,70,0,77,11386.51553,406172.8152,37734.84024,90.16741563,0
78,0,2721.46831,450465.1845,78,41849.75246,4.256171756,71,0,78,1809.399972,19172.57195,1781.197344,4.256171756,5
79,0,2721.46831,450465.1845,79,41849.75246,93.59668049,72,0,79,8960.186438,421620.4595,39169.97909,93.59668049,0
80,0,2721.46831,450465.1845,80,41849.75246,99.13182878,73,0,80,2977.727165,446554.3754,41486.42495,99.13182878,0
81,0,2721.46831,450465.1845,81,41849.75246,86.65472728,74,0,81,12634.07864,390349.3772,36264.78886,86.65472728,0
82,0,2721.46831,450465.1845,82,41849.75246,43.31741347,75,0,82,4184.527193,195129.8665,18128.23031,43.31741347,4
83,0,2721.46831,450465.1845,83,41849.75246,83.83456095,76,0,83,7086.995434,377645.5097,35084.55623,83.83456095,0
84,0,2371.386241,343332.5068,84,31896.7612,55.70561851,77,0,84,4916.45144,191255.4965,17768.28811,55.70561851,3
85,0,2721.46831,450465.1845,85,41849.75246,,,,,,,,,0
86,0,172.3650062,868.1627203,86,80.65527855,,,,,,,,,0
87,0,2721.46831,450465.1845,87,41849.75245,,,,,,,,,0
88,0,2721.468967,450465.3712,88,41849.76979,56.24785812,78,0,88,9071.091775,253377.1228,23539.59914,56.24785812,3
89,0,2721.46831,450465.1845,89,41849.75246,90.93547158,79,0,89,10207.09786,409632.6398,38056.26975,90.93547158,0
90,0,2721.469623,450465.631,90,41849.79393,60.0830456,80,0,90,4159.572197,270653.4705,25144.63077,60.0830456,3
91,0,2721.46831,450465.1845,91,41849.75245,84.81289682,81,0,91,10947.52967,382052.5722,35493.98737,84.81289682,0
92,0,2721.468967,450465.3712,92,41849.76979,86.56586981,82,0,92,10783.04089,389949.2667,36227.61723,86.56586981,0
93,0,2721.46831,450465.1845,93,41849.75245,89.34796782,83,0,93,9139.440932,402481.4881,37391.90336,89.34796782,0
94,0,2721.46831,450465.1845,94,41849.75246,90.56494295,84,0,94,7904.150342,407963.5374,37901.20444,90.56494295,0
95,0,2464.515503,342324.1433,95,31803.08079,54.86965591,85,0,95,5224.894553,187832.0795,17450.241,54.86965591,3
96,0,2359.537061,245338.5242,96,22792.7859,94.64949415,86,0,96,3858.97424,232211.6721,21573.25656,94.64949415,0
97,0,2685.465868,443910.6941,97,41240.81793,76.7785844,87,0,97,7787.435146,340828.347,31664.11621,76.7785844,2
98,0,2721.46831,450465.1845,98,41849.75246,96.02353048,88,0,98,4297.031535,432552.5738,40185.6098,96.02353048,0
99,0,2721.46831,450465.1845,99,41849.75246,100,89,0,99,2721.46831,450465.1845,41849.75246,100,0
100,0,1361.811105,58218.94799,100,5408.738889,,,,,,,,,0
101,0,2721.46831,450465.1845,101,41849.75245,79.02262854,90,0,101,5403.728851,355969.4295,33070.77443,79.02262854,2
102,0,2721.468966,450465.4443,102,41849.77659,63.93555901,91,0,102,10278.48263,288007.6,26756.88861,63.93555901,3
103,0,2362.62444,346439.499,103,32185.41137,17.28554757,92,0,103,2102.874447,59883.96442,5563.424595,17.28554757,5
104,0,2721.468967,450465.3712,104,41849.76979,92.40456759,93,0,104,6657.996562,416250.5784,38671.09882,92.40456759,0
105,0,2721.46831,450465.1845,105,41849.75246,92.50411836,94,0,105,6126.690786,416698.8475,38712.74455,92.50411836,0
106,0,2721.46831,450465.1845,106,41849.75245,88.26171172,95,0,106,10199.55015,397588.2825,36937.30787,88.26171172,0
107,0,2721.46831,450465.1845,107,41849.75245,76.10892724,96,0,107,11718.86926,342844.2195,31851.39764,76.10892724,2
108,0,2721.468966,450465.4443,108,41849.77659,83.01197863,97,0,108,5363.850585,373940.2784,34740.3276,83.01197863,0
109,0,2721.46831,450465.1845,109,41849.75246,36.64851089,98,0,109,7435.236514,165088.7822,15337.31109,36.64851089,4
110,0,2754.009382,447637.1427,110,41587.01773,61.58083736,99,0,110,5351.380006,275658.7008,25609.63375,61.58083736,3
111,0,2721.46831,450465.1845,111,41849.75245,68.52402142,100,0,111,2730.644645,308676.8595,28677.13334,68.52402142,2
112,0,2721.46831,450465.1845,112,41849.75246,38.01392163,101,0,112,6212.384815,171239.4822,15908.7321,38.01392163,4
113,0,236.5841762,3474.741401,113,322.8153306,73.14891691,102,0,113,224.6982887,2541.7357,236.135918,73.14891691,2
114,0,2721.46831,450465.1845,114,41849.75246,7.850938558,103,0,114,2768.260556,35365.74486,3285.598352,7.850938558,5
115,0,2721.468967,450465.3712,115,41849.76979,37.63877776,104,0,115,7337.898787,169549.6599,15751.74185,37.63877776,4
116,0,2721.46831,450465.1845,116,41849.75246,94.53755883,105,0,116,10983.57919,425858.7888,39563.73435,94.53755883,0
117,0,2721.46831,450465.1845,117,41849.75246,78.17128684,106,0,117,6516.974495,352134.4315,32714.49003,78.17128684,2
118,0,2721.46831,450465.1845,118,41849.75245,99.63061365,107,0,118,3132.435575,448801.2276,41695.16518,99.63061365,0
119,0,2721.46831,450465.1845,119,41849.75245,86.31797964,108,0,119,10243.96146,388832.4462,36123.8608,86.31797964,0
120,0,2721.46831,450465.1845,120,41849.75245,,,,,,,,,0
121,0,2721.46831,450465.1845,121,41849.75246,96.98866792,109,0,121,4117.646266,436900.1819,40589.51743,96.98866792,0
122,0,2721.46831,450465.1845,122,41849.75246,75.35323814,110,0,122,2376.736412,339440.1033,31535.14363,75.35323814,2
123,0,2721.46831,450465.1845,123,41849.75246,99.82168436,111,0,123,2913.148525,449661.9346,41775.1278,99.82168436,0
124,0,2619.544015,431798.299,124,40115.53511,50.71813815,112,0,124,6381.777187,219000.0579,20345.85252,50.71813815,3
125,0,2721.468967,450465.3712,125,41849.76979,89.35910897,113,0,125,5122.356207,402531.8419,37396.58139,89.35910897,0
126,0,1511.670031,73309.65254,126,6810.716825,42.95687836,114,0,126,1559.49215,31491.53827,2925.671342,42.95687836,4
127,0,2721.468967,450465.3712,127,41849.76979,50.99677974,115,0,127,4674.473917,229722.8331,21342.03492,50.99677974,3
128,0,2721.46831,450465.1845,128,41849.75245,89.55705947,116,0,128,10727.7266,403423.3732,37479.40769,89.55705947,0
129,0,1995.607771,192857.0103,129,17917.07421,75.92894236,117,0,129,4886.531781,146434.2882,13604.24495,75.92894236,2
130,0,2721.46831,450465.1845,130,41849.75246,94.31098542,118,0,130,6570.394701,424838.1545,39468.91393,94.31098542,0
131,0,2721.468967,450465.3712,131,41849.76979,93.55882943,119,0,131,8484.002887,421450.1282,39154.15474,93.55882943,0
132,0,2721.46831,450465.1845,132,41849.75246,94.47537625,120,0,132,7659.852335,425578.678,39537.71109,94.47537625,0
133,0,2721.46831,450465.1845,133,41849.75246,72.76804581,121,0,133,8275.467954,327794.7118,30453.24704,72.76804581,2
134,0,2721.46831,450465.1845,134,41849.75246,82.2739359,122,0,134,5564.106382,370615.4372,34431.43851,82.2739359,0
135,0,2721.468967,450465.3712,135,41849.76979,83.47737466,123,0,135,10853.08051,376036.6656,34935.08912,83.47737466,0
136,0,2721.468967,450465.3712,136,41849.76979,89.43293967,124,0,136,10182.76353,402864.4236,37427.47937,89.43293967,0
137,0,2721.468967,450465.3712,137,41849.76979,95.98539742,125,0,137,6444.891689,432380.9768,40169.66786,95.98539742,0
138,0,2721.468966,450465.4443,138,41849.77659,84.05216219,126,0,138,14189.73704,378625.9459,35175.6421,84.05216219,0
139,0,2721.468967,450465.3712,139,41849.76979,91.14993191,127,0,139,10065.23577,410598.8791,38146.03667,91.14993191,0
140,0,2721.46831,450465.1845,140,41849.75246,50.52735599,128,0,140,3378.831723,227608.1474,21145.5734,50.52735599,3
141,0,2721.46831,450465.1845,141,41849.75245,7.150703848,129,0,141,4871.662883,32211.43128,2992.551859,7.150703848,5
142,0,2721.46831,450465.1845,142,41849.75245,91.62243139,130,0,142,9170.626502,412727.1546,38343.76073,91.62243139,0
143,0,2721.468967,450465.3712,143,41849.76979,71.52542203,131,0,143,8315.71018,322197.2578,29933.22446,71.52542203,2
144,0,2721.46831,450465.1845,144,41849.75246,85.85129763,132,0,144,9531.0633,386730.2063,35928.55554,85.85129763,0
145,0,2721.46831,450465.1845,145,41849.75246,78.89217852,133,0,145,12166.32247,355381.7975,33016.18142,78.89217852,2
146,0,2686.019666,445578.6943,146,41395.78084,37.9687452,134,0,146,1777.526366,169180.6391,15717.45855,37.9687452,4
147,0,2721.46831,450465.1845,147,41849.75246,92.82303843,135,0,147,9584.184755,418135.4713,38846.2118,92.82303843,0
148,0,2721.468967,450465.3712,148,41849.76979,83.42323274,136,0,148,10637.58414,375792.775,34912.43086,83.42323274,0
149,0,2721.46831,450465.1845,149,41849.75246,93.68913459,137,0,149,7608.787453,422036.933,39208.67091,93.68913459,0
150,0,27.17722045,28.79474771,150,2.675130298,100,138,0,150,27.17722045,28.79474771,2.675130298,100,0
151,0,2374.870428,247175.6603,151,22963.46211,63.74422212,139,0,151,4092.217586,157560.2019,14637.88029,63.74422212,3
152,0,2721.46831,450465.1845,152,41849.75245,99.26894505,140,0,152,2849.317647,447172.0365,41543.80777,99.26894505,0
153,0,2721.46831,450465.1845,153,41849.75246,90.84450348,141,0,153,10361.90404,409222.8602,38018.19983,90.84450348,0
154,0,2721.46831,450465.1845,154,41849.75246,88.65774062,142,0,154,8959.216209,399372.2549,37103.04498,88.65774062,0
155,0,2868.556192,435026.1899,155,40415.41718,66.53841721,143,0,155,7961.366839,289459.5412,26891.7789,66.53841721,2
156,0,2721.46831,450465.1845,156,41849.75246,88.84548907,144,0,156,8798.586572,400217.9963,37181.61724,88.84548907,0
157,0,2721.468967,450465.3712,157,41849.76979,95.22918457,145,0,157,6937.291651,428974.4997,39853.19452,95.22918457,0
158,0,2721.468967,450465.3712,158,41849.76979,92.76194539,146,0,158,11183.53868,417860.4416,38820.6606,92.76194539,0
159,0,1193.986607,35001.24985,159,3251.735522,78.10947656,147,0,159,1146.622533,27339.29305,2539.913595,78.10947656,2
160,0,756.6764488,19905.56118,160,1849.294544,,,,,,,,,0
161,0,76.47875615,233.1623807,161,21.66158063,3.257529175,148,0,161,13.96094035,7.595332577,0.705632309,3.257529175,5
162,0,2721.46831,450465.1845,162,41849.75246,94.21542237,149,0,162,7634.302961,424407.6762,39428.92104,94.21542237,0
163,0,2721.468967,450465.3712,163,41849.76979,97.05956422,150,0,163,5412.288873,437219.7262,40619.20419,97.05956422,0
164,0,2721.468966,450465.4443,164,41849.77659,0.083010197,151,0,164,161.3867287,373.9322508,34.73958181,0.083010197,5
165,0,2721.468967,450465.3712,165,41849.76979,89.92534528,152,0,165,7433.489307,405082.5404,37633.54999,89.92534528,0
166,0,2721.46831,450465.1845,166,41849.75246,93.53224036,153,0,166,8619.104358,421330.1791,39143.01106,93.53224036,0
167,0,2721.46831,450465.1845,167,41849.75246,83.62756707,154,0,167,7710.638405,376713.0743,34997.9298,83.62756707,0
168,0,2721.46831,450465.1845,168,41849.75246,90.16100042,155,0,168,10997.21315,406143.9169,37732.15549,90.16100042,0
169,0,2721.46831,450465.1845,169,41849.75246,90.00780811,156,0,169,9197.941224,405453.8389,37668.04488,90.00780811,0
170,0,2721.46831,450465.1845,170,41849.75246,91.23056731,157,0,170,6569.682914,410961.9434,38179.76658,91.23056731,0
171,0,2721.468967,450465.3712,171,41849.76979,92.16999871,158,0,171,8266.30783,415193.9268,38572.93228,92.16999871,0
172,0,1862.272009,135136.147,172,12554.60909,99.46917292,159,0,172,2048.057246,134418.8078,12487.96583,99.46917292,0
173,0,2721.46831,450465.1845,173,41849.75245,62.5475882,160,0,173,2691.483884,281755.1086,26176.01083,62.5475882,3
174,0,2721.46831,450465.1845,174,41849.75246,93.98381219,161,0,174,10801.92069,423364.353,39331.99275,93.98381219,0
175,0,2721.468967,450465.4443,175,41849.77659,35.98930094,162,0,175,4407.368103,162119.3644,15061.44204,35.98930094,4
176,0,2721.46831,450465.1845,176,41849.75246,50.26083864,163,0,176,7477.300186,226407.5795,21034.03655,50.26083864,3
177,0,2721.46831,450465.1845,177,41849.75245,79.65707397,164,0,177,8245.788971,358827.3852,33336.28827,79.65707397,2
178,0,2156.123109,202355.3459,178,18799.50199,,,,,,,,,0
179,0,2721.46831,450465.1845,179,41849.75246,91.99306917,165,0,179,7964.859696,414396.7488,38498.87172,91.99306917,0
180,0,2721.46831,450465.1845,180,41849.75246,,,,,,,,,0
181,0,2721.46831,450465.1845,181,41849.75246,42.61771815,166,0,181,9677.869801,191977.9827,17835.40955,42.61771815,4
182,0,2176.53703,242661.2028,182,22544.0536,36.3059885,167,0,182,2869.939122,88100.54837,8184.841508,36.3059885,4
183,0,744.2479,22427.40485,183,2083.582424,,,,,,,,,0
184,0,2543.333184,389702.474,184,36204.68935,,,,,,,,,0
185,0,2721.468967,450465.3712,185,41849.76979,86.18209954,168,0,185,9479.763589,388220.5146,36067.01026,86.18209954,0
186,0,2721.46831,450465.1845,186,41849.75245,42.41797459,169,0,186,6182.314161,191078.2075,17751.81736,42.41797459,4
187,0,2721.46831,450465.1845,187,41849.75246,87.04905092,170,0,187,11549.66182,392125.6678,36429.81232,87.04905092,0
188,0,2721.46831,450465.1845,188,41849.75246,90.44868348,171,0,188,8748.171133,407439.8289,37852.55013,90.44868348,0
189,0,2721.46831,450465.1845,189,41849.75245,85.14101474,172,0,189,10313.59145,383530.6291,35631.30391,85.14101474,0
190,0,2721.46831,450465.1845,190,41849.75246,9.154250732,173,0,190,1856.30755,41236.71245,3831.031271,9.154250732,5
191,0,2721.46831,450465.1845,191,41849.75246,92.48677979,174,0,191,9182.964,416620.7433,38705.4884,92.48677979,0
192,0,1404.395747,83631.24928,192,7769.628375,,,,,,,,,0
193,0,2721.46831,450465.1845,193,41849.75245,49.48008,175,0,193,5124.913502,222890.5337,20707.29099,49.48008,4
194,0,2721.468967,450465.4443,194,41849.77659,99.7218023,176,0,194,4002.577761,449212.2598,41733.35148,99.7218023,0
195,0,2721.46831,450465.1845,195,41849.75246,93.30904554,177,0,195,8467.359689,420324.7642,39049.60458,93.30904554,0
196,0,2686.989712,448367.4283,196,41654.86375,88.90817219,178,0,196,3032.058055,398635.2852,37034.57799,88.90817219,0
197,0,2721.46831,450465.1845,197,41849.75246,93.45500831,179,0,197,8718.022327,420982.2756,39110.68963,93.45500831,0
198,0,2721.46831,450465.1845,198,41849.75245,3.606506543,180,0,198,1383.8074,16246.05636,1509.314061,3.606506543,5
199,0,2721.46831,450465.1845,199,41849.75246,37.75250567,181,0,199,3662.994787,170061.8943,15799.33017,37.75250567,4
200,0,2721.46831,450465.1845,200,41849.75246,73.80300009,182,0,200,7983.755081,332456.8205,30886.37284,73.80300009,2
201,0,2721.46831,450465.1845,201,41849.75246,91.95401352,183,0,201,9361.967145,414220.8167,38482.52703,91.95401352,0
202,0,2692.248504,448970.9176,202,41710.92996,,,,,,,,,0
203,0,2721.46831,450465.1845,203,41849.75246,73.74412456,184,0,203,8617.044841,332191.6068,30861.73358,73.74412456,2
204,0,1246.234123,63226.92787,204,5873.997305,65.23839218,185,0,204,1215.666423,41248.23117,3832.101398,65.23839218,2
205,0,2721.46831,450465.1845,205,41849.75246,92.90437494,186,0,205,7540.702848,418501.864,38880.25093,92.90437494,0
206,0,2028.440799,174135.2959,206,16177.76307,68.39233851,187,0,206,3922.247157,119095.201,11064.35048,68.39233851,2
207,0,2721.46831,450465.1845,207,41849.75246,93.05666943,188,0,207,7082.861361,419187.8977,38943.9858,93.05666943,0
208,0,2721.46831,450465.1845,208,41849.75246,86.74898854,189,0,208,8068.255921,390773.9913,36304.23696,86.74898854,0
209,0,2721.46831,450465.1845,209,41849.75246,73.17412269,190,0,209,9297.054227,329623.9468,30623.18921,73.17412269,2
210,0,2721.46831,450465.1845,210,41849.75246,92.6979743,191,0,210,10980.63956,417572.101,38793.87277,92.6979743,0
211,0,2721.46831,450465.1845,211,41849.75246,58.82814937,192,0,211,3875.123488,265000.3316,24619.43489,58.82814937,3
212,0,1729.710793,166439.1244,212,15462.76248,92.58136007,193,0,212,4447.474706,154091.605,14315.63581,92.58136007,0
213,0,2721.46831,450465.1845,213,41849.75246,95.78744925,194,0,213,7294.989201,431489.11,40086.8104,95.78744925,0
214,0,2559.217325,384428.6116,214,35714.72954,97.68422999,195,0,214,4559.234083,375526.1291,34887.65854,97.68422999,0
215,0,2721.46831,450465.1845,215,41849.75246,99.79930546,196,0,215,3425.48047,449561.1255,41765.76229,99.79930546,0
216,0,2721.468967,450465.3712,216,41849.76979,46.72229063,197,0,216,3871.337466,210467.7399,19553.17107,46.72229063,4
217,0,2721.46831,450465.1845,217,41849.75246,47.33433628,198,0,217,6889.989752,213224.7052,19809.30256,47.33433628,4
218,0,2721.46831,450465.1845,218,41849.75246,100,199,0,218,2721.46831,450465.1845,41849.75246,100,0
219,0,158.0586141,1058.78292,219,98.36454547,,,,,,,,,0
220,0,2721.46831,450465.1845,220,41849.75245,77.33322405,200,0,220,10128.83257,348359.2504,32363.76283,77.33322405,2
221,0,2257.463873,302402.7627,221,28094.24833,20.50806938,201,0,221,1700.793844,62016.96838,5761.587941,20.50806938,5
222,0,2721.46831,450465.1845,222,41849.75246,46.83720024,202,0,222,3575.475977,210985.2805,19601.25236,46.83720024,4
223,0,2721.46831,450465.1845,223,41849.75246,93.29547998,203,0,223,6173.444496,420263.6561,39043.92742,93.29547998,0
224,0,2721.468967,450465.3712,224,41849.76979,91.23905887,204,0,224,10133.57442,411000.3652,38183.3361,91.23905887,0
225,0,2721.46831,450465.1845,225,41849.75246,81.27361294,205,0,225,8920.108537,366109.3305,34012.80583,81.27361294,0
226,0,1115.63446,64267.1256,226,5970.635223,44.21921654,206,0,226,1293.235196,28418.41943,2640.168118,44.21921654,4
227,0,2721.46831,450465.1845,227,41849.75246,93.29330653,207,0,227,2893.919719,420253.8654,39043.01784,93.29330653,0
228,0,2858.39787,364746.0116,228,33886.14885,16.17443919,208,0,228,2183.639409,58995.62184,5480.89454,16.17443919,5
229,0,2721.46831,450465.1845,229,41849.75246,74.75588432,209,0,229,10763.5348,336749.2323,31285.15253,74.75588432,2
230,0,2683.584029,448327.9892,230,41651.19971,73.77633112,210,0,230,4070.207221,330759.9418,30728.72702,73.77633112,2
231,0,2648.20092,441372.1776,231,41004.98109,27.60642597,211,0,231,4169.428568,121847.0835,11320.00975,27.60642597,5
232,0,2721.46831,450465.1845,232,41849.75245,92.61115162,212,0,232,8699.227942,417180.995,38757.5377,92.61115162,0
233,0,2721.46831,450465.1845,233,41849.75245,42.03063422,213,0,233,7056.286823,189333.374,17589.71638,42.03063422,4
234,0,1282.152912,58917.78323,234,5473.663067,12.33494338,214,0,234,444.3564254,7267.475203,675.1732402,12.33494338,5
235,0,2721.46831,450465.1845,235,41849.75246,92.63213035,215,0,235,9851.712623,417275.4969,38766.31724,92.63213035,0
236,0,2980.424334,382667.8813,236,35551.15169,73.5529144,216,0,236,6230.74444,281463.3792,26148.90817,73.5529144,2
237,0,2721.46831,450465.1845,237,41849.75246,18.15041079,217,0,237,2482.807783,81761.28146,7595.901985,18.15041079,5
238,0,2721.468967,450465.3712,238,41849.76979,40.69608777,218,0,238,10232.64613,183321.7828,17031.21905,40.69608777,4
239,0,2483.96267,341731.8897,239,31748.05841,,,,,,,,,0
240,0,2721.46831,450465.1845,240,41849.75245,85.51179171,219,0,240,8482.697286,385200.8503,35786.47315,85.51179171,0
241,0,2721.46831,450465.1845,241,41849.75246,87.51530964,220,0,241,7950.443631,394226.001,36624.94044,87.51530964,0
242,0,2721.46831,450465.1845,242,41849.75246,98.6913477,221,0,242,5135.927688,444570.1615,41302.08471,98.6913477,0
243,0,2721.468967,450465.3712,243,41849.76979,64.20754635,222,0,243,5649.953882,289232.762,26870.71034,64.20754635,3
244,0,2167.274764,280031.0471,244,26015.83964,92.79955772,223,0,244,5731.2483,259867.5732,24142.58412,92.79955772,0
245,0,2101.074616,239870.5858,245,22284.79577,21.62798273,224,0,245,2142.700876,51879.16887,4819.75178,21.62798273,5
246,0,2721.468967,450465.3712,246,41849.76979,88.66690105,225,0,246,10029.19252,399413.6849,37106.89397,88.66690105,0
247,0,2721.46831,450465.1845,247,41849.75246,54.59929617,226,0,247,2322.483246,245950.8202,22849.67029,54.59929617,3
248,0,2721.468967,450465.3712,248,41849.76979,85.48977443,227,0,248,10874.61023,385101.8297,35777.2738,85.48977443,0
249,0,2721.46831,450465.1845,249,41849.75246,71.21004069,228,0,249,14196.31206,320776.4412,29801.22575,71.21004069,2
250,0,2721.46831,450465.1845,250,41849.75246,88.39328383,229,0,250,11567.08889,398180.9691,36992.37047,88.39328383,0
251,0,2721.46831,450465.1845,251,41849.75246,48.5108076,230,0,251,6943.405149,218524.299,20301.6529,48.5108076,4
252,0,2168.959479,235966.3655,252,21922.08038,30.48041384,231,0,252,2204.1424,71923.52474,6681.940823,30.48041384,4
253,0,2721.46831,450465.1845,253,41849.75246,84.26341241,232,0,253,8877.984629,379577.3362,35264.0295,84.26341241,0
254,0,1842.98686,121298.7092,254,11269.06391,,,,,,,,,0
255,0,2721.468967,450465.3712,255,41849.76979,62.64325729,233,0,255,9123.769897,282186.1815,26216.05897,62.64325729,3
256,0,2721.46831,450465.1845,256,41849.75245,96.93752197,234,0,256,7340.883607,436669.7872,40568.11298,96.93752197,0
257,0,2721.46831,450465.1845,257,41849.75246,93.01431731,235,0,257,10464.47037,418997.1161,38926.26154,93.01431731,0
258,0,2721.46831,450465.1845,258,41849.75246,84.43438523,236,0,258,11690.61179,380347.5092,35335.58121,84.43438523,0
259,0,2721.46831,450465.1845,259,41849.75246,91.0115119,237,0,259,7633.963549,409975.175,38088.09244,91.0115119,0
260,0,2721.46831,450465.1845,260,41849.75246,99.77421915,238,0,260,3030.419803,449448.1204,41755.26373,99.77421915,0
261,0,2721.46831,450465.1845,261,41849.75245,86.81239716,239,0,261,8716.614604,391059.625,36330.77331,86.81239716,0
262,0,2721.468967,450465.3712,262,41849.76979,70.64917949,240,0,262,5691.5399,318250.0886,29566.51898,70.64917949,2
263,0,2721.46831,450465.1845,263,41849.75246,66.08576458,241,0,263,4397.996627,297693.3613,27656.72888,66.08576458,2
264,0,2721.468967,450465.3712,264,41849.76979,7.174315213,242,0,264,1345.945691,32317.80565,3002.434401,7.174315213,5
265,0,1380.313412,65623.74442,265,6096.669739,59.71940679,243,0,265,1506.389562,39190.11088,3640.895002,59.71940679,3
266,0,2721.468967,450465.3712,266,41849.76979,27.20121768,244,0,266,5634.678466,122532.0662,11383.64698,27.20121768,5
267,0,2721.468967,450465.3712,267,41849.76979,95.50223075,245,0,267,8059.241396,430204.4782,39967.46372,95.50223075,0
268,0,2721.46831,450465.1845,268,41849.75246,91.63934474,246,0,268,4293.213222,412803.3434,38350.83893,91.63934474,0
269,0,2544.730573,395798.941,269,36771.07193,,,,,,,,,0
270,0,2721.46831,450465.1845,270,41849.75246,17.108226,247,0,270,4083.406476,77066.60182,7159.75023,17.108226,5
271,0,2721.46831,450465.1845,271,41849.75246,86.39520666,248,0,271,10165.80147,389180.3271,36156.18012,86.39520666,0
272,0,2721.46831,450465.1845,272,41849.75245,32.03887099,249,0,272,2433.860337,144323.9593,13408.1882,32.03887099,4
273,0,2721.468966,450465.4443,273,41849.77659,82.98626162,250,0,273,10037.8634,373824.4321,34729.56509,82.98626162,0
274,0,947.2582625,36934.59066,274,3431.349479,,,,,,,,,0
275,0,2721.468967,450465.3712,275,41849.76979,86.45577763,251,0,275,7694.726644,389453.3396,36181.54391,86.45577763,0
276,0,2721.46831,450465.1845,276,41849.75245,78.00311693,252,0,276,6952.440309,351376.8846,32644.11134,78.00311693,2
277,0,2721.46831,450465.1845,277,41849.75245,89.81376723,253,0,277,9469.798627,404579.7523,37586.83926,89.81376723,0
278,0,2721.46831,450465.1845,278,41849.75246,85.6003289,254,0,278,12709.25992,385599.6795,35823.52574,85.6003289,0
279,0,2721.46831,450465.1845,279,41849.75246,,,,,,,,,0
280,0,2544.605713,404335.2107,280,37564.12051,,,,,,,,,0
281,0,1865.517065,158389.6847,281,14714.94207,,,,,,,,,0
282,0,2721.46831,450465.1845,282,41849.75245,94.62180107,255,0,282,8777.306785,426238.2708,39598.98952,94.62180107,0
283,0,2721.468967,450465.3712,283,41849.76979,91.20104538,256,0,283,7960.229664,410829.1276,38167.42754,91.20104538,0
284,0,2721.46831,450465.1845,284,41849.75246,33.84750768,257,0,284,4891.897413,152471.2379,14165.09818,33.84750768,4
285,0,2721.46831,450465.1845,285,41849.75246,86.16681585,258,0,285,10501.27037,388151.506,36060.59913,86.16681585,0
286,0,2721.46831,450465.1845,286,41849.75246,75.75736856,259,0,286,11046.75989,341260.5701,31704.27121,75.75736856,2
287,0,2721.46831,450465.1845,287,41849.75245,92.4123221,260,0,287,8994.252856,416285.3373,38674.32804,92.4123221,0
288,0,2721.46831,450465.1845,288,41849.75246,84.50946296,261,0,288,10353.49291,380685.7083,35367.00105,84.50946296,0
289,0,2721.468967,450465.3712,289,41849.76979,87.47074625,262,0,289,8369.122867,394025.4218,36606.30594,87.47074625,0
290,0,2721.46831,450465.1845,290,41849.75245,81.53716081,263,0,290,13355.03164,367296.5219,34123.09996,81.53716081,0
291,0,2721.468967,450465.3712,291,41849.76979,92.91988801,264,0,291,8470.443092,418571.9184,38886.75923,92.91988801,0
292,0,2721.46831,450465.1845,292,41849.75245,95.21006247,265,0,292,7873.983389,428888.1836,39845.17545,95.21006247,0
293,0,1661.322619,118371.5348,293,10997.11942,32.88897663,266,0,293,1909.962249,38931.18641,3616.840035,32.88897663,4
294,0,2092.905344,174958.8346,294,16254.27263,98.84952126,267,0,294,2281.863747,172945.9704,16067.27068,98.84952126,0
295,0,1181.637404,44903.06851,295,4171.648257,37.34859859,268,0,295,1209.779384,16770.66681,1558.052162,37.34859859,4
296,0,2051.606812,72897.74095,296,6772.448833,1.572238886,269,0,296,201.3876266,1146.12663,106.4790741,1.572238886,5
297,0,2721.46831,450465.1845,297,41849.75245,82.30433054,270,0,297,6250.616171,370752.3544,34444.15859,82.30433054,0
298,0,2721.46831,450465.1845,298,41849.75246,92.61040931,271,0,298,10062.79256,417177.6512,38757.22705,92.61040931,0
299,0,2721.468967,450465.3712,299,41849.76979,87.54112074,272,0,299,5995.078323,394342.4344,36635.7575,87.54112074,0
300,0,2721.46831,450465.1845,300,41849.75246,40.60169089,273,0,300,6527.891791,182896.4818,16991.70713,40.60169089,4
301,0,2721.468967,450465.4443,301,41849.77659,89.33228879,274,0,301,3480.757833,402411.0916,37385.36328,89.33228879,0
302,0,2721.46831,450465.1845,302,41849.75245,96.87461197,275,0,302,4519.413224,436386.3996,40541.7853,96.87461197,0
303,0,2721.46831,450465.1845,303,41849.75246,98.19325489,276,0,303,2888.727399,442326.4269,41093.6341,98.19325489,0
304,0,2721.468967,450465.3712,304,41849.76979,78.6516727,277,0,304,12751.84317,354298.5494,32915.54396,78.6516727,2
305,0,2721.46831,450465.1845,305,41849.75246,95.82405242,278,0,305,5837.983816,431653.9946,40102.12873,95.82405242,0
306,0,2721.46831,450465.1845,306,41849.75246,92.91408378,279,0,306,8114.178286,418545.599,38884.31406,92.91408378,0
307,0,2721.46831,450465.1845,307,41849.75246,82.38799587,280,0,307,10373.91963,371129.2376,34479.17232,82.38799587,0
308,0,1846.557438,100359.7419,308,9323.762411,95.02564714,281,0,308,3022.707544,95367.49421,8859.965569,95.02564714,0
309,0,1635.020778,113266.8768,309,10522.87928,59.64777033,282,0,309,3035.20102,67561.16654,6276.662864,59.64777033,3
310,0,2721.468967,450465.3712,310,41849.76979,95.62963654,283,0,310,8628.478546,430778.3972,40020.78275,95.62963654,0
311,0,2721.46831,450465.1845,311,41849.75245,87.31363908,284,0,311,10050.65073,393317.5454,36540.54182,87.31363908,0
312,0,2721.46831,450465.1845,312,41849.75246,28.45377143,285,0,312,7813.918437,128174.334,11907.83291,28.45377143,5
313,0,2721.46831,450465.1845,313,41849.75246,98.68326374,286,0,313,4481.824249,444533.7461,41298.70159,98.68326374,0
314,0,2721.46831,450465.1845,314,41849.75246,90.40067467,287,0,314,9505.017654,407223.566,37832.45857,90.40067467,0
315,0,2721.46831,450465.1845,315,41849.75246,87.86906921,288,0,315,7686.020376,395819.5647,36772.98795,87.86906921,0
316,0,2721.46831,450465.1845,316,41849.75246,95.96107563,289,0,316,5550.952426,432271.2364,40159.4726,95.96107563,0
317,0,2721.468967,450465.3712,317,41849.76979,99.15084044,290,0,317,3292.499195,446640.2014,41494.39847,99.15084044,0
318,0,842.0907795,30408.71456,318,2825.073325,74.32827672,291,0,318,1768.742281,22602.2735,2099.828319,74.32827672,2
319,0,2721.46831,450465.1845,319,41849.75246,81.45413028,292,0,319,8385.401249,366922.4983,34088.35189,81.45413028,0
320,0,2721.468967,450465.3712,320,41849.76979,59.45644996,293,0,320,6795.382875,267830.718,24882.38744,59.45644996,3
321,0,2721.46831,450465.1845,321,41849.75246,89.68622019,294,0,321,9012.787993,404005.1973,37533.46114,89.68622019,0
322,0,2721.46831,450465.1845,322,41849.75245,8.631267909,295,0,322,2733.68821,38880.85691,3612.164254,8.631267909,5
323,0,1019.940044,44309.07714,323,4116.464432,,,,,,,,,0
324,0,679.6433028,16264.49912,324,1511.027457,38.69792577,296,0,324,516.0163198,6294.023797,584.7362835,38.69792577,4
325,0,2721.46831,450465.1845,325,41849.75245,84.48285854,297,0,325,6558.753566,380565.8646,35355.86717,84.48285854,0
326,0,2721.46831,450465.1845,326,41849.75245,73.03711471,298,0,326,6095.201123,329006.7736,30565.85171,73.03711471,2
327,0,2721.468967,450465.3712,327,41849.76979,67.26907003,299,0,327,13777.64041,303023.866,28151.95095,67.26907003,2
328,0,2173.707393,246042.9067,328,22858.22544,,,,,,,,,0
329,0,2130.81297,212445.6633,329,19736.9269,88.32952331,300,0,329,4954.739918,187652.2417,17433.53345,88.32952331,0
330,0,946.8146245,10952.7356,330,1017.546504,79.82352475,301,0,330,947.4742428,8742.859616,812.2414856,79.82352475,2
331,0,2721.468967,450465.3712,331,41849.76979,46.59483237,302,0,331,10747.48824,209893.5846,19499.83008,46.59483237,4
332,0,2721.46831,450465.1845,332,41849.75246,94.4848654,303,0,332,9306.131842,425621.4233,39541.68228,94.4848654,0
333,0,2721.46831,450465.1845,333,41849.75246,85.47972576,304,0,333,11406.04441,385056.4044,35773.05363,85.47972576,0
334,0,2721.46831,450465.1845,334,41849.75246,90.09528048,305,0,334,9189.540486,405847.8715,37704.65185,90.09528048,0
335,0,2721.46831,450465.1845,335,41849.75246,67.24794439,306,0,335,7363.045045,302928.5768,28143.09826,67.24794439,2
336,0,2721.46831,450465.1845,336,41849.75246,52.3965787,307,0,336,11173.47759,236028.3449,21927.83848,52.3965787,3
337,0,2721.46831,450465.1845,337,41849.75246,92.51089005,308,0,337,9529.413509,416729.3516,38715.57848,92.51089005,0
338,0,1947.988207,131906.7983,338,12254.59158,,,,,,,,,0
339,0,2721.46831,450465.1845,339,41849.75246,100,309,0,339,2721.46831,450465.1845,41849.75246,100,0
340,0,2475.331289,355488.0766,340,33026.0551,82.76914851,310,0,340,7920.695622,294234.454,27335.38459,82.76914851,0
341,0,2723.387334,450452.2809,341,41848.55366,20.06425401,311,0,341,2506.8277,90379.88984,8396.600107,20.06425401,5
342,0,2721.468967,450465.3712,342,41849.76979,92.86743701,312,0,342,8557.08063,418335.6448,38864.8086,92.86743701,0
343,0,2721.46831,450465.1845,343,41849.75246,88.84353072,313,0,343,13757.73662,400209.1746,37180.79768,88.84353072,0
344,0,2721.46831,450465.1845,344,41849.75246,82.41877738,314,0,344,10532.09043,371267.8976,34492.05431,82.41877738,0
345,0,2721.46831,450465.1845,345,41849.75246,88.21211075,315,0,345,9378.901161,397364.8475,36916.54999,88.21211075,0
346,0,2721.468967,450465.4443,346,41849.77659,99.8836201,316,0,346,2859.86312,449941.1931,41801.07186,99.8836201,0
347,0,1665.247866,120725.4317,347,11215.80447,,,,,,,,,0
348,0,2594.829637,419482.1119,348,38971.3193,14.5323697,317,0,348,1324.793447,60960.69131,5663.456197,14.5323697,5
349,0,2721.46831,450465.1845,349,41849.75246,90.74837753,318,0,349,10064.02993,408789.8463,37977.97135,90.74837753,0
350,0,2765.423259,218103.0916,350,20262.52129,9.658352932,319,0,350,1583.276117,21065.16634,1957.025819,9.658352932,5
351,0,220.1546935,1922.217347,351,178.5805494,99.90047239,320,0,351,220.41534,1920.30421,178.4028124,99.90047239,0
352,0,1263.435654,63218.62247,352,5873.225705,,,,,,,,,0
353,0,2721.46831,450465.1845,353,41849.75246,96.78995508,321,0,353,5027.448842,436005.0498,40506.3566,96.78995508,0
354,0,2721.46831,450465.1845,354,41849.75246,91.40051715,322,0,354,10998.52537,411727.5082,38250.89017,91.40051715,0
355,0,2721.468967,450465.3712,355,41849.76979,82.71802039,323,0,355,10913.0891,372616.0376,34617.30111,82.71802039,0
356,0,2721.46831,450465.1845,356,41849.75246,90.24688165,324,0,356,8075.037843,406530.7819,37768.09657,90.24688165,0
357,0,2528.276376,396059.1478,357,36795.24603,86.09626896,325,0,357,11201.00878,340992.1492,31679.33399,86.09626896,0
358,0,2721.46831,450465.1845,358,41849.75246,81.26385142,326,0,358,10456.75073,366065.3583,34008.72066,81.26385142,0
359,0,2721.468967,450465.3712,359,41849.76979,,,,,,,,,0
360,0,2721.46831,450465.1845,360,41849.75245,94.92019173,327,0,360,5941.33064,427582.4168,39723.86527,94.92019173,0
361,0,2721.468967,450465.3712,361,41849.76979,96.75686762,328,0,361,5279.559025,435856.1829,40492.52636,96.75686762,0
362,0,2721.46831,450465.1845,362,41849.75246,39.72591093,329,0,362,6572.124132,178951.398,16625.19539,39.72591093,4
363,0,2721.46831,450465.1845,363,41849.75246,93.63691481,330,0,363,7888.331245,421801.7011,39186.81705,93.63691481,0
364,0,2721.46831,450465.1845,364,41849.75246,95.63761904,331,0,364,7987.073875,430814.1771,40024.10682,95.63761904,0
365,0,418.85163,7137.069967,365,663.0581489,87.75613722,332,0,365,374.6079229,6263.216914,581.874219,87.75613722,0
366,0,2721.46831,450465.1845,366,41849.75246,93.06437165,333,0,366,9294.167724,419222.5935,38947.20916,93.06437165,0
367,0,2721.46831,450465.1845,367,41849.75245,86.26793011,334,0,367,10657.64292,388606.9906,36102.9152,86.26793011,0
368,0,2721.468967,450465.3712,368,41849.76979,87.92166565,335,0,368,6750.359653,396056.6575,36795.01467,87.92166565,0
369,0,2721.468967,450465.3712,369,41849.76979,99.1912809,336,0,369,2678.397052,446822.3717,41511.32271,99.1912809,0
370,0,2643.013197,441388.0174,370,41006.45266,3.496831875,337,0,370,700.8176088,15434.59689,1433.926708,3.496831875,5
371,0,2721.46831,450465.1845,371,41849.75245,92.66011426,338,0,371,9896.546691,417401.5547,38778.02844,92.66011426,0
372,0,2721.46831,450465.1845,372,41849.75246,94.99003142,339,0,372,7833.023314,427897.0203,39753.09301,94.99003142,0
373,0,2656.270468,438227.4291,373,40712.82323,90.99327403,340,0,373,9196.619909,398757.4854,37045.9308,90.99327403,0
374,0,2677.88856,446473.8899,374,41478.94757,9.299788182,341,0,374,2105.238526,41521.12605,3857.454264,9.299788182,5
375,0,2721.46831,450465.1845,375,41849.75246,22.27843675,342,0,375,5622.910991,100356.6012,9323.470632,22.27843675,5
376,0,2721.46831,450465.1845,376,41849.75246,32.47472811,343,0,376,3495.12669,146287.3439,13590.59332,32.47472811,4
377,0,2721.46831,450465.1845,377,41849.75245,87.31459497,344,0,377,6746.551385,393321.8514,36540.94185,87.31459497,0
378,0,2721.46831,450465.1845,378,41849.75246,92.16046608,345,0,378,9521.316622,415150.8136,38568.92692,92.16046608,0
379,0,2721.46831,450465.1845,379,41849.75246,93.61930377,346,0,379,9975.293788,421722.3695,39179.44688,93.61930377,0
380,0,2721.46831,450465.1845,380,41849.75245,65.42126903,347,0,380,5011.414213,294700.0402,27378.63914,65.42126903,2
381,0,2650.443815,442789.0099,381,41136.60964,85.85479059,348,0,381,4037.077882,380155.5772,35317.75006,85.85479059,0
382,0,2721.46831,450465.1845,382,41849.75245,71.28380764,349,0,382,9096.659145,321108.7356,29832.09704,71.28380764,2
383,0,2721.46831,450465.1845,383,41849.75246,91.2901587,350,0,383,7140.521545,411230.3818,38204.70543,91.2901587,0
384,0,2721.468967,450465.3712,384,41849.76979,56.3149196,351,0,384,5972.683527,253679.2116,23567.66421,56.3149196,3
385,0,2721.46831,450465.1845,385,41849.75246,93.60245196,352,0,385,8636.654953,421646.458,39172.39444,93.60245196,0
386,0,2721.469623,450465.631,386,41849.79393,97.33042582,353,0,386,6370.967324,438440.1168,40732.58264,97.33042582,0
387,0,2721.46831,450465.1845,387,41849.75246,92.93302782,354,0,387,6245.121849,418630.9352,38892.24209,92.93302782,0
388,0,2721.46831,450465.1845,388,41849.75246,93.44914467,355,0,388,6080.339516,420955.862,39108.23572,93.44914467,0
389,0,2721.46831,450465.1845,389,41849.75246,92.36170913,356,0,389,10089.59354,416057.3434,38653.14663,92.36170913,0
390,0,2721.46831,450465.1845,390,41849.75246,95.5063605,357,0,390,6272.574187,430222.9031,39969.17545,95.5063605,0
391,0,2721.46831,450465.1845,391,41849.75246,94.47752744,358,0,391,8125.930038,425588.3683,39538.61136,94.47752744,0
392,0,2721.46831,450465.1845,392,41849.75246,82.97242357,359,0,392,6999.612046,373761.8809,34723.75387,82.97242357,0
393,0,2721.468967,450465.3712,393,41849.76979,62.37350303,360,0,393,6386.980578,280971.0319,26103.16743,62.37350303,3
394,0,2023.773397,149959.9203,394,13931.7882,,,,,,,,,0
395,0,2721.468967,450465.3712,395,41849.76979,95.80360414,361,0,395,8671.349727,431562.061,40093.58779,95.80360414,0
396,0,2685.077474,440349.4936,396,40909.97026,57.19776146,362,0,396,2466.514466,251870.053,23399.5872,57.19776146,3
397,0,2721.46831,450465.1845,397,41849.75246,34.04660498,363,0,397,6549.936586,153368.1019,14248.4199,34.04660498,4
398,0,2721.46831,450465.1845,398,41849.75246,93.91096755,364,0,398,6995.162325,423036.2133,39301.50745,93.91096755,0
399,0,2721.468967,450465.3712,399,41849.76979,93.99879964,365,0,399,4787.875828,423432.0417,39338.28126,93.99879964,0
400,0,2721.46831,450465.1845,400,41849.75246,73.24735706,366,0,400,6252.923423,329953.8422,30653.83761,73.24735706,2
401,0,2721.46831,450465.1845,401,41849.75246,96.15049305,367,0,401,7883.919762,433124.496,40238.74333,96.15049305,0
402,0,2721.46831,450465.1845,402,41849.75246,93.68843605,368,0,402,12123.04441,422033.7863,39208.37856,93.68843605,0
403,0,2721.46831,450465.1845,403,41849.75246,87.71063598,369,0,403,7542.286012,395105.8782,36706.68403,87.71063598,0
404,0,2721.46831,450465.1845,404,41849.75246,86.71148533,370,0,404,2697.639964,390605.0524,36288.54196,86.71148533,0
405,0,2721.46831,450465.1845,405,41849.75246,,,,,,,,,0
406,0,671.9858334,16483.08484,406,1531.334815,97.62782255,371,0,406,802.9750693,16092.07682,1495.008836,97.62782255,0
407,0,2721.46831,450465.1845,407,41849.75246,60.3763886,372,0,407,8463.934826,271974.6103,25267.36917,60.3763886,3
408,0,2528.856595,420402.0578,408,39056.78542,2.505332325,373,0,408,1059.520343,10532.46865,978.5022702,2.505332325,5
409,0,2662.931928,368903.7233,409,34272.41445,72.44800416,374,0,409,5094.449209,267263.3848,24829.68025,72.44800416,2
410,0,2721.46831,450465.1845,410,41849.75246,0.190063685,375,0,410,315.9777447,856.1707308,79.54118182,0.190063685,5
411,0,2453.975617,356508.767,411,33120.88072,0.365368662,376,0,411,234.4696164,1302.571311,121.0133187,0.365368662,5
412,0,2721.46831,450465.1845,412,41849.75246,16.34527823,377,0,412,2118.336613,73629.78773,6840.458476,16.34527823,5
413,0,2721.46831,450465.1845,413,41849.75245,93.03155896,378,0,413,8394.952155,419074.7837,38933.47713,93.03155896,0
414,0,2721.468967,450465.3712,414,41849.76979,90.1451577,379,0,414,9401.018666,406072.7192,37725.54098,90.1451577,0
415,0,2721.46831,450465.1845,415,41849.75246,93.38640021,380,0,415,5971.162211,420673.22,39081.97731,93.38640021,0
416,0,2721.46831,450465.1845,416,41849.75246,25.46060565,381,0,416,7059.220098,114691.1642,10655.20044,25.46060565,5
417,0,2721.46831,450465.1845,417,41849.75245,73.07076122,382,0,417,11598.81033,329158.3394,30579.93269,73.07076122,2
418,0,810.3636708,23452.5498,418,2178.821888,,,,,,,,,0
419,0,2721.46831,450465.1845,419,41849.75245,13.52914939,383,0,419,4792.723655,60944.10775,5661.915528,13.52914939,5
420,0,2721.46831,450465.1845,420,41849.75246,78.83833894,384,0,420,10413.9195,355139.269,32993.64969,78.83833894,2
421,0,2721.46831,450465.1845,421,41849.75245,78.36691254,385,0,421,11333.13726,353015.6572,32796.35891,78.36691254,2
422,0,2721.46831,450465.1845,422,41849.75246,91.31674838,386,0,422,6975.159468,411350.1591,38215.83315,91.31674838,0
423,0,2718.009572,450441.3678,423,41847.5398,0.811330423,387,0,423,304.5974254,3654.567855,339.5218217,0.811330423,5
424,0,3047.210314,256358.8469,424,23816.61147,9.544906957,388,0,424,1200.936266,24469.21341,2273.273405,9.544906957,5
425,0,2721.46831,450465.1845,425,41849.75246,99.22724602,389,0,425,3266.614943,446984.1969,41526.35683,99.22724602,0
426,0,2520.680159,364235.5729,426,33838.72735,4.879779452,390,0,426,1087.058406,17773.89264,1651.255264,4.879779452,5
427,0,2721.46831,450465.1845,427,41849.75246,91.12992661,391,0,427,10018.35363,410508.592,38137.6487,91.12992661,0
428,0,2721.468967,450465.3712,428,41849.76979,61.75829157,392,0,428,9085.991409,278199.7173,25845.70285,61.75829157,3
429,0,2721.46831,450465.1845,429,41849.75246,87.08963362,393,0,429,7507.784425,392308.4788,36446.79608,87.08963362,0
430,0,2721.46831,450465.1845,430,41849.75246,85.71253129,394,0,430,7516.08442,386105.1122,35870.48217,85.71253129,0
431,0,2721.46831,450465.1845,431,41849.75245,85.81473109,395,0,431,12435.70126,386565.4867,35913.25253,85.81473109,0
432,0,2721.46831,450465.1845,432,41849.75246,87.2707863,396,0,432,9621.153546,393124.5085,36522.60803,87.2707863,0
433,0,2721.46831,450465.1845,433,41849.75246,81.31131417,397,0,433,9132.000055,366279.1614,34028.5837,81.31131417,0
434,0,2721.468967,450465.3712,434,41849.76979,92.68878921,398,0,434,7818.147671,417530.8983,38790.04491,92.68878921,0
435,0,2721.469623,450465.631,435,41849.79393,94.38116498,399,0,435,10071.23282,425154.7103,39498.32305,94.38116498,0
436,0,1828.471921,184952.0037,436,17182.67213,30.85810347,400,0,436,2856.211829,57072.68067,5302.246744,30.85810347,4
437,0,2324.415608,252558.6133,437,23463.55681,84.72785777,401,0,437,4976.299183,213987.5027,19880.16904,84.72785777,0
438,0,2721.468967,450465.3712,438,41849.76979,74.23343604,402,0,438,2770.170248,334395.9232,31066.52209,74.23343604,2
439,0,2721.468967,450465.4443,439,41849.77659,85.99701118,403,0,439,5578.068865,387386.8185,35989.55706,85.99701118,0
440,0,2721.46831,450465.1845,440,41849.75245,89.23686496,404,0,440,6946.451362,401981.0084,37345.40708,89.23686496,0
441,0,1271.777272,45496.00739,441,4226.734301,89.8805857,405,0,441,1885.248163,40892.07792,3799.013546,89.8805857,0
442,0,2721.46831,450465.1845,442,41849.75245,92.12620351,406,0,442,8618.404357,414996.4726,38554.58811,92.12620351,0
443,0,2721.46831,450465.1845,443,41849.75246,80.39897003,407,0,443,8306.60243,362169.3687,33646.76993,80.39897003,0
444,0,632.1025338,16680.71,444,1549.694868,97.10062579,408,0,444,614.1733684,16197.0738,1504.763414,97.10062579,0
445,0,2259.155088,264403.2178,445,24563.96097,87.77633891,409,0,445,4946.378111,232083.4645,21561.34563,87.77633891,0
446,0,2721.46831,450465.1845,446,41849.75245,90.26864107,410,0,446,9094.800542,406628.8006,37777.20283,90.26864107,0
447,0,2721.468966,450465.4443,447,41849.77659,79.09886409,411,0,447,12431.12813,356313.0496,33102.69791,79.09886409,2
448,0,2721.46831,450465.1845,448,41849.75246,95.34744995,412,0,448,3839.020646,429507.0664,39902.67178,95.34744995,0
449,0,2721.468967,450465.3712,449,41849.76979,84.18796503,413,0,449,9199.695715,379237.6291,35232.46956,84.18796503,0
450,0,2721.46831,450465.1845,450,41849.75246,75.35585473,414,0,450,10137.78774,339451.8901,31536.23867,75.35585473,2
451,0,2378.526787,310259.876,451,28824.20097,91.02757754,415,0,451,5522.876384,282422.0492,26237.97189,91.02757754,0
452,0,2721.46831,450465.1845,452,41849.75246,91.97531648,416,0,452,5180.242881,414316.7791,38491.44227,91.97531648,0
453,0,2721.46831,450465.1845,453,41849.75246,67.33268982,417,0,453,4009.837382,303310.3255,28178.56401,67.33268982,2
454,0,2721.468967,450465.4443,454,41849.77659,97.17834725,418,0,454,2643.471859,437754.8737,40668.92122,97.17834725,0
455,0,2721.46831,450465.1845,455,41849.75245,79.14784986,419,0,455,6770.484257,356533.5079,33123.17924,79.14784986,2
456,0,2721.468967,450465.3712,456,41849.76979,68.48700759,420,0,456,10572.86636,308510.2529,28661.65502,68.48700759,2
457,0,2721.46831,450465.1845,457,41849.75246,98.01231422,421,0,457,6282.841306,441511.3521,41017.91088,98.01231422,0
458,0,2721.46831,450465.1845,458,41849.75245,92.22275632,422,0,458,7659.76769,415431.4094,38594.99523,92.22275632,0
459,0,2721.46831,450465.1845,459,41849.75245,63.71330364,423,0,459,9135.705763,287006.2508,26663.85985,63.71330364,3
460,0,2721.468967,450465.3712,460,41849.76979,85.95425433,424,0,460,3681.779603,387194.1508,35971.65757,85.95425433,0
461,0,2721.468967,450465.4443,461,41849.77659,95.27124187,425,0,461,3247.435256,429164.023,39870.80188,95.27124187,0
462,0,2721.46831,450465.1845,462,41849.75246,85.59413707,426,0,462,7105.489778,385571.7875,35820.93448,85.59413707,0
463,0,2369.532482,250385.6006,463,23261.67652,68.17680846,427,0,463,4551.147818,170704.9114,15859.06865,68.17680846,2
464,0,2721.46831,450465.1845,464,41849.75246,99.70383253,428,0,464,3097.372246,449131.0532,41725.8071,99.70383253,0
465,0,2721.46831,450465.1845,465,41849.75246,85.66371497,429,0,465,9167.071736,385885.2117,35850.05266,85.66371497,0
466,0,2721.46831,450465.1845,466,41849.75246,49.21943125,430,0,466,7357.340532,221716.4018,20598.21014,49.21943125,4
467,0,2721.46831,450465.1845,467,41849.75246,82.19969484,431,0,467,11304.10565,370281.0071,34400.36881,82.19969484,0
468,0,2721.46831,450465.1845,468,41849.75246,90.92724023,432,0,468,8314.91915,409595.5605,38052.82495,90.92724023,0
469,0,2721.46831,450465.1845,469,41849.75246,87.62151995,433,0,469,7145.17857,394704.4415,36669.3892,87.62151995,0
470,0,2721.46831,450465.1845,470,41849.75246,93.73549377,434,0,470,6737.70021,422245.765,39228.07211,93.73549377,0
471,0,738.3657148,23105.78618,471,2146.606364,,,,,,,,,0
472,0,2721.46831,450465.1845,472,41849.75246,94.82684938,435,0,472,9803.186163,427161.942,39684.80173,94.82684938,0
473,0,2721.468967,450465.3712,473,41849.76979,24.72304092,436,0,473,1529.243659,111368.738,10346.53571,24.72304092,5
474,0,2721.46831,450465.1845,474,41849.75246,,,,,,,,,0
475,0,2424.315249,346922.666,475,32230.29923,86.67740941,437,0,475,10557.79968,300703.5795,27936.38842,86.67740941,0
476,0,2576.048845,391452.0408,476,36367.23008,70.67341004,438,0,476,7922.788677,276652.5059,25701.96163,70.67341004,2
477,0,2721.46831,450465.1845,477,41849.75245,92.43181101,439,0,477,8595.272512,416373.128,38682.4841,92.43181101,0
478,0,2721.46831,450465.1845,478,41849.75246,89.13803044,440,0,478,11268.33189,401535.7933,37304.04508,89.13803044,0
479,0,2721.46831,450465.1845,479,41849.75246,92.70377394,441,0,479,9931.969239,417598.2263,38796.29991,92.70377394,0
480,0,1542.487287,102030.454,480,9478.977264,79.45065349,442,0,480,3570.896158,81063.86245,7531.10938,79.45065349,2
481,0,2721.46831,450465.1845,481,41849.75246,95.96693301,443,0,481,6137.66138,432297.6218,40161.9239,95.96693301,0
482,0,2721.468967,450465.3712,482,41849.76979,93.80909986,444,0,482,8640.545637,422577.5099,39258.89234,93.80909986,0
483,0,2721.468967,450465.3712,483,41849.76979,80.891967,445,0,483,8589.15806,364390.2994,33853.10197,80.891967,0
484,0,2721.468967,450465.3712,484,41849.76979,66.0417777,446,0,484,5720.170919,297495.339,27638.33194,66.0417777,2
485,0,2721.46831,450465.1845,485,41849.75246,97.60256705,447,0,485,5111.541502,439665.5838,40846.4327,97.60256705,0
486,0,2721.468967,450465.3712,486,41849.76979,73.45444285,448,0,486,6136.902685,330886.8286,30740.51524,73.45444285,2
487,0,2721.46831,450465.1845,487,41849.75246,90.89133925,449,0,487,7646.758625,409433.8391,38037.80048,90.89133925,0
488,0,2573.245757,408684.8144,488,37968.21354,92.93597451,450,0,488,5539.268295,379815.215,35286.12926,92.93597451,0
489,0,2721.46831,450465.1845,489,41849.75246,83.80358436,451,0,489,10854.34652,377505.9709,35071.5926,83.80358436,0
490,0,2721.46831,450465.1845,490,41849.75246,82.94713459,452,0,490,10167.06593,373647.9629,34713.17049,82.94713459,0
491,0,2721.46831,450465.1845,491,41849.75246,78.68786851,453,0,491,6778.579736,354461.4521,32930.67818,78.68786851,2
492,0,2721.469623,450465.631,492,41849.79393,99.99955615,454,0,492,2725.815108,450463.6316,41849.60818,99.99955615,0
493,0,2721.46831,450465.1845,493,41849.75246,81.22247403,455,0,493,11625.67871,365878.9675,33991.40432,81.22247403,0
494,0,2721.46831,450465.1845,494,41849.75246,61.94256657,456,0,494,11313.30678,279029.6968,25922.81077,61.94256657,3
495,0,2721.468967,450465.3712,495,41849.76979,81.48795859,457,0,495,10057.62776,367075.0351,34102.52308,81.48795859,0
496,0,2721.468967,450465.3712,496,41849.76979,89.47464184,458,0,496,9764.648947,403052.2775,37444.93164,89.47464184,0
497,0,2721.46831,450465.1845,497,41849.75246,93.93756814,459,0,497,6978.172668,423156.0396,39312.63973,93.93756814,0
498,0,2721.468967,450465.3712,498,41849.76979,50.25264805,460,0,498,6891.027151,226370.7776,21030.61752,50.25264805,3
499,0,2721.46831,450465.1845,499,41849.75246,83.19285432,461,0,499,8769.265502,374754.8447,34816.00359,83.19285432,0
500,0,2721.468967,450465.3712,500,41849.76979,90.58621108,462,0,500,6688.336446,408059.512,37910.1208,90.58621108,0
501,0,2721.46831,450465.1845,501,41849.75245,93.94359338,463,0,501,8922.117757,423183.1813,39315.16128,93.94359338,0
502,0,2393.315658,341354.0032,502,31712.95146,97.30199161,464,0,502,5888.921058,332144.2436,30857.33337,97.30199161,0
503,0,2721.46831,450465.1845,503,41849.75246,90.80000578,465,0,503,9636.330426,409022.4136,37999.57765,90.80000578,0
504,0,2721.46831,450465.1845,504,41849.75246,90.50145701,466,0,504,6327.309692,407677.5553,37874.63573,90.50145701,0
505,0,935.4666655,26458.32153,505,2458.068336,,,,,,,,,0
506,0,2721.46831,450465.1845,506,41849.75246,94.59294743,467,0,506,9428.757744,426108.2952,39586.91434,94.59294743,0
507,0,2721.469623,450465.631,507,41849.79393,54.95270582,468,0,507,11403.86482,247543.053,22997.59414,54.95270582,3
508,0,2721.46831,450465.1845,508,41849.75245,79.39492115,469,0,508,5704.105759,357646.4781,33226.57796,79.39492115,2
509,0,2721.46831,450465.1845,509,41849.75245,60.41849166,470,0,509,7900.655584,272164.2699,25284.9892,60.41849166,3
510,0,2721.46831,450465.1845,510,41849.75246,89.2207309,471,0,510,11286.54357,401908.3301,37338.65502,89.2207309,0
511,0,2721.46831,450465.1845,511,41849.75246,79.41158347,472,0,511,8514.445067,357721.536,33233.5511,79.41158347,2
512,0,2721.46831,450465.1845,512,41849.75246,86.1027573,473,0,512,7979.405801,387862.9445,36033.79079,86.1027573,0
513,0,2721.46831,450465.1845,513,41849.75246,85.81549115,474,0,513,5792.939672,386568.9106,35913.57062,85.81549115,0
514,0,2721.46831,450465.1845,514,41849.75246,85.17135315,475,0,514,5893.492644,383667.2931,35644.00046,85.17135315,0
515,0,1986.781938,109213.9187,515,10146.34564,51.65511226,476,0,515,5055.578787,56414.57231,5241.106232,51.65511226,3
516,0,2721.46831,450465.1845,516,41849.75246,91.96234817,477,0,516,11146.02655,414258.3614,38486.01506,91.96234817,0
517,0,2721.46831,450465.1845,517,41849.75246,28.05488974,478,0,517,8953.05449,126377.5108,11740.90191,28.05488974,5
518,0,2721.46831,450465.1845,518,41849.75246,94.166975,479,0,518,6433.409224,424189.4377,39408.64593,94.166975,0
519,0,2721.46831,450465.1845,519,41849.75246,83.28336656,480,0,519,7302.361405,375162.5709,34853.88274,83.28336656,0
520,0,2721.46831,450465.1845,520,41849.75246,90.60703464,481,0,520,9759.953811,408153.1458,37918.8197,90.60703464,0
521,0,2721.46831,450465.1845,521,41849.75246,44.39335418,482,0,521,2891.2356,199976.6048,18578.50883,44.39335418,4
522,0,2721.46831,450465.1845,522,41849.75246,24.01009947,483,0,522,6307.391558,108157.1389,10048.16719,24.01009947,5
523,0,2721.468967,450465.3712,523,41849.76979,38.16299078,484,0,523,9347.710816,171911.0581,15971.12379,38.16299078,4
524,0,2721.46831,450465.1845,524,41849.75245,91.72261866,485,0,524,5968.01957,413178.4634,38385.68886,91.72261866,0
525,0,2721.468967,450465.4443,525,41849.77659,92.91022734,486,0,525,8542.130721,418528.4684,38882.72257,92.91022734,0
526,0,2721.468967,450465.3712,526,41849.76979,89.32701805,487,0,526,7016.50937,402387.2834,37383.15142,89.32701805,0
527,0,2721.46831,450465.1845,527,41849.75245,70.68230246,488,0,527,7822.267641,318399.1642,29580.36861,70.68230246,2
528,0,2721.468967,450465.3712,528,41849.76979,53.62113955,489,0,528,8528.334384,241544.6653,22440.32346,53.62113955,3
529,0,2721.468967,450465.4443,529,41849.77659,96.33339314,490,0,529,6931.533119,433948.6475,40315.30981,96.33339314,0
530,0,2721.46831,450465.1845,530,41849.75246,94.77894917,491,0,530,7964.72567,426946.1683,39664.75561,94.77894917,0
531,0,2721.468967,450465.3712,531,41849.76979,,,,,,,,,0
532,0,2721.46831,450465.1845,532,41849.75245,77.19009493,492,0,532,10426.38736,347714.5036,32303.86365,77.19009493,2
533,0,2721.46831,450465.1845,533,41849.75246,81.58997112,493,0,533,12421.37635,367534.414,34145.20094,81.58997112,0
534,0,2721.46831,450465.1845,534,41849.75246,40.79089044,494,0,534,7980.272617,183748.7599,17070.88667,40.79089044,4
535,0,2721.46831,450465.1845,535,41849.75245,88.99265868,495,0,535,9741.331903,400880.9441,37243.20736,88.99265868,0
536,0,2721.468967,450465.3712,536,41849.76979,62.86472381,496,0,536,7042.043308,283183.8114,26308.74219,62.86472381,3
537,0,2721.46831,450465.1845,537,41849.75245,64.00609066,497,0,537,7512.312185,288325.1544,26786.3905,64.00609066,3
538,0,2721.46831,450465.1845,538,41849.75246,93.66385306,498,0,538,7282.263884,421923.0485,39198.09065,93.66385306,0
539,0,2721.46831,450465.1845,539,41849.75246,84.0030474,499,0,539,7652.371733,378404.4825,35155.06739,84.0030474,0
540,0,2721.46831,450465.1845,540,41849.75246,31.70926247,500,0,540,6613.771981,142839.1877,13270.24785,31.70926247,4
541,0,2382.012839,313488.8557,541,29124.1842,79.94939894,501,0,541,8038.689042,250632.4559,23284.61021,79.94939894,2
542,0,2721.46831,450465.1845,542,41849.75246,97.41860403,502,0,542,4774.877316,438836.8944,40769.44463,97.41860403,0
543,0,2721.46831,450465.1845,543,41849.75246,95.06102248,503,0,543,7359.569467,428216.8103,39782.80259,95.06102248,0
544,0,2721.46831,450465.1845,544,41849.75246,90.13785759,504,0,544,8953.605917,406039.6665,37722.47027,90.13785759,0
545,0,2721.46831,450465.1845,545,41849.75246,95.12894163,505,0,545,6589.104907,428522.7624,39811.22658,95.12894163,0
546,0,2721.46831,450465.1845,546,41849.75246,88.5449771,506,0,546,7558.693582,398864.2945,37055.85373,88.5449771,0
547,0,2721.46831,450465.1845,547,41849.75246,32.17544264,507,0,547,8210.294268,144939.1671,13465.3431,32.17544264,4
548,0,2173.437615,253123.4593,548,23516.03293,0.748653309,508,0,548,271.5027568,1895.017154,176.0535587,0.748653309,5
549,0,919.9004432,36024.21373,549,3346.772356,44.13263504,509,0,549,1020.167574,15898.43477,1477.01883,44.13263504,4
550,0,2721.468967,450465.3712,550,41849.76979,87.52019346,510,0,550,10294.53498,394248.1643,36626.99949,87.52019346,0
551,0,2721.468967,450465.3712,551,41849.76979,88.47756293,511,0,551,9726.605035,398560.7822,37027.6564,88.47756293,0
552,0,2721.468967,450465.3712,552,41849.76979,83.12063139,512,0,552,11441.74651,374429.6607,34785.79289,83.12063139,0
553,0,2721.46831,450465.1845,553,41849.75246,89.88935337,513,0,553,12601.36053,404920.2415,37618.47187,89.88935337,0
554,0,2721.468967,450465.3712,554,41849.76979,61.74804637,514,0,554,8974.771612,278153.5663,25841.41526,61.74804637,3
555,0,2721.468967,450465.4443,555,41849.77659,91.06547003,515,0,555,9373.892852,410218.4742,38110.69576,91.06547003,0
556,0,1719.936357,168599.3523,556,15663.45503,96.09993653,516,0,556,3239.206269,162023.8706,15052.57034,96.09993653,0
557,0,2721.46831,450465.1845,557,41849.75245,98.76173432,517,0,557,3739.568626,444887.2288,41331.54134,98.76173432,0
558,0,2721.468967,450465.3712,558,41849.76979,93.21152552,518,0,558,9227.316935,419885.6444,39008.80885,93.21152552,0
559,0,1444.963777,89081.2065,559,8275.947995,,,,,,,,,0
560,0,2634.869125,439246.3794,560,40807.48719,40.87012102,519,0,560,2094.479767,179520.5268,16678.0694,40.87012102,4
561,0,2721.46831,450465.1845,561,41849.75246,91.77002918,520,0,561,7869.562314,413392.0313,38405.53004,91.77002918,0
562,0,2721.46831,450465.1845,562,41849.75246,73.41152392,521,0,562,11861.6065,330693.3567,30722.54103,73.41152392,2
563,0,2721.46831,450465.1845,563,41849.75246,84.19929838,522,0,563,4415.613646,379288.5248,35237.19794,84.19929838,0
564,0,2721.46831,450465.1845,564,41849.75246,81.43782696,523,0,564,6857.792981,366849.0575,34081.52899,81.43782696,0
565,0,2721.46831,450465.1845,565,41849.75246,,,,,,,,,0
566,0,2721.46831,450465.1845,566,41849.75246,94.89134514,524,0,566,7419.288744,427452.473,39711.79304,94.89134514,0
567,0,2691.686661,449076.7758,567,41720.76455,24.04158421,525,0,567,4180.197317,107965.1712,10030.33274,24.04158421,5
568,0,2611.222737,369377.0451,568,34316.38766,,,,,,,,,0
569,0,2721.46831,450465.1845,569,41849.75246,45.55432995,526,0,569,5186.801898,205206.3965,19064.37432,45.55432995,4
570,0,2721.46831,450465.1845,570,41849.75245,6.486300191,527,0,570,4279.641849,29218.52412,2714.500573,6.486300191,5
571,0,2721.46831,450465.1845,571,41849.75245,53.79469074,528,0,571,8831.369452,242326.3529,22512.94491,53.79469074,3
572,0,2721.46831,450465.1845,572,41849.75246,93.44472288,529,0,572,8199.562379,420935.9434,39106.38521,93.44472288,0
573,0,2721.46831,450465.1845,573,41849.75246,90.62954707,530,0,573,9309.771169,408254.5564,37928.2411,90.62954707,0
574,0,2721.468967,450465.3712,574,41849.76979,50.46711196,531,0,574,5709.299518,227336.8632,21120.37018,50.46711196,3
575,0,2721.46831,450465.1845,575,41849.75246,90.93593304,532,0,575,7032.571774,409634.7186,38056.46287,90.93593304,0
576,0,2721.46831,450465.1845,576,41849.75246,96.5204406,533,0,576,4679.561072,434790.9809,40393.56546,96.5204406,0
577,0,2721.46831,450465.1845,577,41849.75246,,,,,,,,,0
578,0,1852.092219,40771.56428,578,3787.817418,100,534,0,578,1852.092219,40771.56428,3787.817418,100,0
579,0,2721.468967,450465.3712,579,41849.76979,90.70950104,535,0,579,9369.485845,408614.8906,37961.71737,90.70950104,0
580,0,2721.468966,450465.4443,580,41849.77659,85.30951629,536,0,580,10563.80502,384289.8916,35701.84198,85.30951629,0
581,0,2721.46831,450465.1845,581,41849.75245,95.62001328,537,0,581,7897.704525,430734.8693,40016.73886,95.62001328,0
582,0,2721.468966,450465.4443,582,41849.77659,58.61622854,538,0,582,5511.952491,264045.8543,24530.76069,58.61622854,3
583,0,2721.46831,450465.1845,583,41849.75246,89.0799844,539,0,583,8061.61769,401274.3161,37279.75296,89.0799844,0
584,0,2721.46831,450465.1845,584,41849.75246,93.19523339,540,0,584,9235.524045,419812.0801,39001.97448,93.19523339,0
585,0,209.1212964,1864.644247,585,173.2318119,100,541,0,585,209.1212964,1864.644247,173.2318119,100,0
586,0,2721.46831,450465.1845,586,41849.75246,95.58482747,542,0,586,7148.079162,430576.3694,40002.01368,95.58482747,0
587,0,2721.46831,450465.1845,587,41849.75245,56.86043429,543,0,587,6862.91684,256136.4602,23795.951,56.86043429,3
588,0,2721.468967,450465.3712,588,41849.76979,88.02118504,544,0,588,11925.71576,396504.9579,36836.66331,88.02118504,0
589,0,2721.46831,450465.1845,589,41849.75246,68.04638189,545,0,589,5679.330253,306525.2597,28477.24238,68.04638189,2
590,0,2721.468967,450465.3712,590,41849.76979,93.02404677,546,0,590,9893.929912,419041.1176,38930.34943,93.02404677,0
591,0,1473.178748,93068.81165,591,8646.410117,68.56003181,547,0,591,2066.403636,63808.00687,5927.981527,68.56003181,2
592,0,2721.468967,450465.3712,592,41849.76979,71.50733045,548,0,592,8893.413048,322115.7615,29925.65318,71.50733045,2
593,0,2721.46831,450465.1845,593,41849.75245,,,,,,,,,0
594,0,2721.46831,450465.1845,594,41849.75245,91.77908655,549,0,594,9799.971081,413432.8316,38409.32053,91.77908655,0
595,0,2721.46831,450465.1845,595,41849.75246,28.13485742,550,0,595,2255.671047,126737.7374,11774.36818,28.13485742,5
596,0,2721.46831,450465.1845,596,41849.75246,91.0898373,551,0,596,12087.58762,410328.0037,38120.87142,91.0898373,0
597,0,2721.46831,450465.1845,597,41849.75246,92.63363929,552,0,597,7127.328373,417282.2941,38766.94873,92.63363929,0
598,0,2721.46831,450465.1845,598,41849.75246,92.93389491,553,0,598,5842.93515,418634.8412,38892.60497,92.93389491,0
599,0,2721.46831,450465.1845,599,41849.75246,87.63814306,554,0,599,3614.823539,394779.3229,36676.34593,87.63814306,0
600,0,2353.399092,270825.9937,600,25160.65877,,,,,,,,,0
601,0,2721.468966,450465.4443,601,41849.77659,94.07008301,555,0,601,8309.613606,423753.2174,39368.11958,94.07008301,0
602,0,2721.46831,450465.1845,602,41849.75246,87.0172384,556,0,602,8248.134085,391982.3635,36416.49887,87.0172384,0
603,0,2721.46831,450465.1845,603,41849.75246,,,,,,,,,0
604,0,1900.968975,242633.3544,604,22541.46639,,,,,,,,,0
605,0,2239.637434,287288.2901,605,26690.06227,99.11537479,557,0,605,2620.838028,284746.8655,26453.95525,99.11537479,0
606,0,2382.397686,324299.8899,606,30128.56616,2.630672076,558,0,606,415.032405,8531.266649,792.583777,2.630672076,5
607,0,881.7146543,17313.46027,607,1608.479526,90.4576734,559,0,607,913.8937986,15661.35334,1454.993156,90.4576734,0
608,0,2721.46831,450465.1845,608,41849.75246,89.14914651,560,0,608,8381.417442,401585.8673,37308.69713,89.14914651,0
609,0,2721.46831,450465.1845,609,41849.75246,93.06823692,561,0,609,6043.374513,419240.0052,38948.82676,93.06823692,0
610,0,675.4359112,7197.673423,610,668.6884167,,,,,,,,,0
611,0,2721.46831,450465.1845,611,41849.75246,80.35758156,562,0,611,8257.979659,361982.9281,33629.44896,80.35758156,0
612,0,2721.46831,450465.1845,612,41849.75245,86.12079774,563,0,612,11244.73779,387944.2104,36041.34066,86.12079774,0
613,0,2721.46831,450465.1845,613,41849.75246,64.28298262,564,0,613,6956.615473,289572.4563,26902.2691,64.28298262,3
614,0,2721.46831,450465.1845,614,41849.75245,92.73511271,565,0,614,10734.34087,417739.3966,38809.41511,92.73511271,0
615,0,2721.468967,450465.3712,615,41849.76979,84.29291604,566,0,615,5232.872575,379710.3971,35276.39131,84.29291604,0
616,0,2721.46831,450465.1845,616,41849.75246,91.39003383,567,0,616,10375.26589,411680.2845,38246.50293,91.39003383,0
617,0,2713.059452,450358.3367,617,41839.82593,74.56397084,568,0,617,6395.693352,335805.0588,31197.4356,74.56397084,2
618,0,2721.46831,450465.1845,618,41849.75246,84.32587973,569,0,618,5714.581379,379858.7297,35290.17192,84.32587973,0
619,0,2721.46831,450465.1845,619,41849.75245,43.58220268,570,0,619,4765.084984,196322.6497,18239.04393,43.58220268,4
620,0,2721.46831,450465.1845,620,41849.75245,90.46658874,571,0,620,14346.07144,407520.4859,37860.04344,90.46658874,0
621,0,2721.46831,450465.1845,621,41849.75246,96.94534093,572,0,621,5648.886063,436705.0089,40571.3852,96.94534093,0
622,0,2721.46831,450465.1845,622,41849.75246,76.10869952,573,0,622,10017.77769,342843.1937,31851.30235,76.10869952,2
623,0,2721.46831,450465.1845,623,41849.75246,97.61656648,574,0,623,6433.713025,439728.6463,40852.29143,97.61656648,0
624,0,2721.46831,450465.1845,624,41849.75246,0.640621408,575,0,624,470.2944034,2885.776407,268.0984734,0.640621408,5
625,0,2721.46831,450465.1845,625,41849.75246,98.81621087,576,0,625,4575.315135,445132.6266,41354.33963,98.81621087,0
626,0,2721.469623,450465.631,626,41849.79393,68.83700457,577,0,626,3775.522341,310087.047,28808.14456,68.83700457,2
627,0,2721.468967,450465.3712,627,41849.76979,95.69842166,578,0,627,7009.090662,431088.2503,40049.56916,95.69842166,0
628,0,2721.468967,450465.3712,628,41849.76979,72.67337251,579,0,628,5000.58818,327368.3772,30413.6391,72.67337251,2
629,0,2721.46831,450465.1845,629,41849.75246,93.40011136,580,0,629,5946.558773,420734.984,39087.7154,93.40011136,0
630,0,2721.46831,450465.1845,630,41849.75246,87.90531253,581,0,630,11911.28991,395982.8283,36788.15569,87.90531253,0
631,0,2721.468967,450465.3712,631,41849.76979,82.48378367,582,0,631,7321.701364,371560.8823,34519.27358,82.48378367,0
632,0,2721.468967,450465.4443,632,41849.77659,91.47225921,583,0,632,8671.036519,412050.9189,38280.93612,91.47225921,0
633,0,2721.46831,450465.1845,633,41849.75246,89.02652103,584,0,633,9871.366941,401033.4822,37257.37867,89.02652103,0
634,0,2721.46831,450465.1845,634,41849.75246,87.36016928,585,0,634,7078.222507,393527.1477,36560.01459,87.36016928,0
635,0,2209.453274,246622.2799,635,22912.05119,65.18578288,586,0,635,4434.88474,160762.6639,14935.39994,65.18578288,2
636,0,2721.468967,450465.4443,636,41849.77659,40.63622182,587,0,636,4736.469035,183052.1372,17006.16805,40.63622182,4
637,0,2217.695027,201999.6628,637,18766.45782,44.99295503,588,0,637,4411.819201,90885.61745,8443.583928,44.99295503,4
638,0,2633.119955,436097.9274,638,40514.98525,89.72241732,589,0,638,4514.026351,391277.6023,36351.02414,89.72241732,0
639,0,2163.374736,290218.1409,639,26962.25541,91.33507534,590,0,639,5814.326308,265070.9577,24625.99629,91.33507534,0
640,0,2721.46831,450465.1845,640,41849.75246,71.03598687,591,0,640,5035.149504,319992.3893,29728.38466,71.03598687,2
641,0,2721.46831,450465.1845,641,41849.75246,81.86352153,592,0,641,6250.745669,368766.6633,34259.68111,81.86352153,0
642,0,2721.46831,450465.1845,642,41849.75246,59.93027258,593,0,642,6399.234626,269965.013,25080.67072,59.93027258,3
643,0,2721.46831,450465.1845,643,41849.75246,76.53432172,594,0,643,3128.42861,344760.4736,32029.42418,76.53432172,2
644,0,565.0775107,14275.92188,644,1326.281846,42.15305738,595,0,644,495.617507,6017.73754,559.0683477,42.15305738,4
645,0,2721.468967,450465.3712,645,41849.76979,75.16197848,596,0,645,3249.878511,338578.6853,31455.11497,75.16197848,2
646,0,2721.468967,450465.3712,646,41849.76979,87.10773614,597,0,646,10545.39764,392390.1869,36454.38705,87.10773614,0
647,0,2721.46831,450465.1845,647,41849.75246,88.11337544,598,0,647,4503.740083,396920.0793,36875.2295,88.11337544,0
648,0,2721.46831,450465.1845,648,41849.75246,90.80298707,599,0,648,9225.124574,409035.8433,38000.82531,90.80298707,0
649,0,2721.468967,450465.3712,649,41849.76979,86.5751219,600,0,649,11828.46572,389990.9442,36231.48921,86.5751219,0
650,0,2721.46831,450465.1845,650,41849.75246,,,,,,,,,0
651,0,2721.468967,450465.3712,651,41849.76979,83.59658012,601,0,651,6187.286922,376573.6449,34984.97633,83.59658012,0
652,0,2542.889397,403997.4771,652,37532.74391,18.97903961,602,0,652,5596.718138,76674.84121,7123.354333,18.97903961,5
653,0,2721.46831,450465.1845,653,41849.75246,65.65759217,603,0,653,4647.787784,295764.5937,27477.53979,65.65759217,2
654,0,2721.468967,450465.3712,654,41849.76979,87.42849058,604,0,654,11077.15399,393835.0746,36588.62204,87.42849058,0
655,0,2721.468967,450465.3712,655,41849.76979,17.89141071,605,0,655,3696.279029,80594.60965,7487.514194,17.89141071,5
656,0,2721.46831,450465.1845,656,41849.75245,63.9156499,606,0,656,4778.811496,287917.7502,26748.54126,63.9156499,3
657,0,2721.46831,450465.1845,657,41849.75246,94.40510633,607,0,657,11645.38973,425262.1364,39508.3033,94.40510633,0
658,0,2721.46831,450465.1845,658,41849.75245,93.97965668,608,0,658,8437.711022,423345.6339,39330.25368,93.97965668,0
659,0,2721.46831,450465.1845,659,41849.75245,95.3429071,609,0,659,8017.75444,429486.6024,39900.77061,95.3429071,0
660,0,2721.46831,450465.1845,660,41849.75246,,,,,,,,,0
661,0,2721.468967,450465.3712,661,41849.76979,,,,,,,,,0
662,0,2721.46831,450465.1845,662,41849.75246,64.99112566,610,0,662,5830.877802,292762.3941,27198.62521,64.99112566,3
663,0,2721.46831,450465.1845,663,41849.75246,92.42828974,611,0,663,8303.315568,416357.2659,38681.01045,92.42828974,0
664,0,2721.46831,450465.1845,664,41849.75246,94.63962683,612,0,664,7410.211227,426318.5696,39606.44955,94.63962683,0
665,0,2721.46831,450465.1845,665,41849.75245,,,,,,,,,0
666,0,2721.46831,450465.1845,666,41849.75245,87.39657283,613,0,666,7533.40708,393691.1331,36575.24938,87.39657283,0
667,0,2721.46831,450465.1845,667,41849.75246,90.36566945,614,0,667,9467.636144,407065.8796,37817.80897,90.36566945,0
668,0,2721.468967,450465.4443,668,41849.77659,85.79239122,615,0,668,9851.464331,386465.0763,35903.92406,85.79239122,0
669,0,2721.46831,450465.1845,669,41849.75246,86.31806811,616,0,669,5058.968866,388832.8448,36123.89783,86.31806811,0
670,0,1001.991352,21374.65761,670,1985.778614,72.21819288,617,0,670,1673.571012,15436.39146,1434.09343,72.21819288,2
671,0,2721.46831,450465.1845,671,41849.75246,82.48205879,618,0,671,8762.441319,371552.9583,34518.53743,82.48205879,0
672,0,985.4846038,35662.17065,672,3313.137319,,,,,,,,,0
673,0,2721.468967,450465.3712,673,41849.76979,96.03613158,619,0,673,5666.059894,432609.5166,40190.89999,96.03613158,0
674,0,2721.46831,450465.1845,674,41849.75246,59.13386608,620,0,674,3473.927451,266377.479,24747.37657,59.13386608,3
675,0,2721.46831,450465.1845,675,41849.75246,88.60684429,621,0,675,7712.847418,399142.9846,37081.74499,88.60684429,0
676,0,2721.46831,450465.1845,676,41849.75246,92.27938796,622,0,676,8001.070379,415686.5153,38618.69543,92.27938796,0
677,0,2721.46831,450465.1845,677,41849.75246,91.93584931,623,0,677,10773.39605,414138.9932,38474.92535,91.93584931,0
678,0,2721.46831,450465.1845,678,41849.75246,5.057327341,624,0,678,3552.801133,22781.49894,2116.478973,5.057327341,5
679,0,2721.46831,450465.1845,679,41849.75246,93.48010054,625,0,679,6937.745423,421095.3074,39121.19067,93.48010054,0
680,0,2721.46831,450465.1845,680,41849.75246,95.69868768,626,0,680,9927.807565,431089.2701,40049.6639,95.69868768,0
681,0,2721.46831,450465.1845,681,41849.75246,90.25681081,627,0,681,8717.260762,406575.5094,37772.2519,90.25681081,0
682,0,2721.46831,450465.1845,682,41849.75245,60.74600434,628,0,682,3847.195157,273639.6005,25422.05244,60.74600434,3
683,0,2721.468967,450465.3712,683,41849.76979,86.12838384,629,0,683,6406.357389,387978.5439,36044.53036,86.12838384,0
684,0,2721.46831,450465.1845,684,41849.75246,62.02541015,630,0,684,7278.16318,279402.8783,25957.48061,62.02541015,3
685,0,2721.46831,450465.1845,685,41849.75246,91.90059018,631,0,685,9927.078956,413980.1631,38460.16949,91.90059018,0
686,0,2721.468967,450465.3712,686,41849.76979,80.32063373,632,0,686,5247.385739,361816.6408,33614.00031,80.32063373,0
687,0,2721.468967,450465.3712,687,41849.76979,90.75469899,633,0,687,8851.794698,408818.4916,37980.6326,90.75469899,0
688,0,2721.46831,450465.1845,688,41849.75246,91.56188611,634,0,688,7805.251941,412454.4192,38318.42268,91.56188611,0
689,0,2601.535003,425956.4346,689,39572.80597,92.7609489,635,0,689,8127.94177,395121.2306,36708.11033,92.7609489,0
690,0,2721.46831,450465.1845,690,41849.75245,84.82722681,636,0,690,4855.329924,382117.1238,35499.98444,84.82722681,0
691,0,2721.468967,450465.3712,691,41849.76979,92.11738452,637,0,691,10489.157,414956.9181,38550.91336,92.11738452,0
692,0,2721.46831,450465.1845,692,41849.75246,14.27490848,638,0,692,5841.345534,64303.49285,5974.013864,14.27490848,5
693,0,2721.46831,450465.1845,693,41849.75246,87.65600223,639,0,693,9655.368135,394859.7722,36683.81995,87.65600223,0
694,0,2721.46831,450465.1845,694,41849.75246,87.73898089,640,0,694,8924.814817,395233.5622,36718.54631,87.73898089,0
695,0,2721.468967,450465.3712,695,41849.76979,94.03317774,641,0,695,10168.78073,423586.9031,39352.66841,94.03317774,0
696,0,2466.096019,218062.3394,696,20258.73527,59.24670359,642,0,696,8945.127621,129194.7479,12002.63284,59.24670359,3
697,0,2446.250475,338761.1174,697,31472.06352,,,,,,,,,0
698,0,2721.46831,450465.1845,698,41849.75245,78.6448656,643,0,698,11569.36489,354267.7389,32912.68157,78.6448656,2
699,0,2721.468967,450465.3712,699,41849.76979,87.13921947,644,0,699,11349.65264,392532.0084,36467.56275,87.13921947,0
700,0,2721.46831,450465.1845,700,41849.75246,94.96702309,645,0,700,8986.152065,427793.3758,39743.46408,94.96702309,0
701,0,2721.46831,450465.1845,701,41849.75246,68.60584659,646,0,701,6538.753298,309045.4534,28711.37697,68.60584659,2
702,0,2721.46831,450465.1845,702,41849.75246,99.8720376,647,0,702,2870.699154,449888.7585,41796.20051,99.8720376,0
703,0,2721.46831,450465.1845,703,41849.75246,76.87775187,648,0,703,7879.353056,346307.5068,32173.14885,76.87775187,2
704,0,2721.46831,450465.1845,704,41849.75246,81.79524171,649,0,704,6327.076224,368459.0865,34231.10618,81.79524171,0
705,0,2721.468967,450465.3712,705,41849.76979,26.78808952,650,0,705,5841.039425,120671.0669,11210.7538,26.78808952,5
706,0,2721.468967,450465.3712,706,41849.76979,93.12583985,651,0,706,3742.265093,419499.6601,38972.9496,93.12583985,0
707,0,2721.46831,450465.1845,707,41849.75245,61.71926756,652,0,707,7267.154634,278023.8125,25829.36069,61.71926756,3
708,0,2721.46831,450465.1845,708,41849.75246,62.50681095,653,0,708,8980.485311,281571.4213,26158.94565,62.50681095,3
709,0,2721.46831,450465.1845,709,41849.75246,54.57065269,654,0,709,8287.695815,245821.7914,22837.68307,54.57065269,3
710,0,2721.46831,450465.1845,710,41849.75246,88.64041815,655,0,710,10175.20367,399294.2232,37095.79557,88.64041815,0
711,0,2721.46831,450465.1845,711,41849.75245,73.38268788,656,0,711,4872.357162,330563.4604,30710.47322,73.38268788,2
712,0,1157.350519,53556.25619,712,4975.558914,90.86885957,657,0,712,1799.264455,48665.95923,4521.233642,90.86885957,0
713,0,2721.468967,450465.3712,713,41849.76979,96.79981987,658,0,713,5390.185266,436049.6679,40510.50178,96.79981987,0
714,0,2721.468967,450465.3712,714,41849.76979,89.87976772,659,0,714,9971.370693,404877.2292,37614.47588,89.87976772,0
715,0,2721.468966,450465.4443,715,41849.77659,80.43605577,660,0,715,5972.118276,362336.636,33662.30964,80.43605577,0
716,0,2721.46831,450465.1845,716,41849.75245,91.98001727,661,0,716,8229.319944,414337.9545,38493.40954,91.98001727,0
717,0,2721.46831,450465.1845,717,41849.75246,57.99204926,662,0,717,6114.031794,261233.9917,24269.52906,57.99204926,3
718,0,2114.225663,129536.7965,718,12034.41033,14.24744856,663,0,718,706.3419276,18455.68845,1714.596421,14.24744856,5
719,0,2721.46831,450465.1845,719,41849.75245,98.65327034,664,0,719,3154.106317,444398.6362,41286.14942,98.65327034,0
720,0,2721.46831,450465.1845,720,41849.75246,77.5642298,665,0,720,10509.26111,349399.8509,32460.43816,77.5642298,2
721,0,1790.422254,113168.5717,721,10513.7464,39.79247432,666,0,721,2590.505305,45032.57484,4183.679836,39.79247432,4
722,0,2721.46831,450465.1845,722,41849.75246,92.71433678,667,0,722,10112.89174,417645.8083,38800.72043,92.71433678,0
723,0,2721.46831,450465.1845,723,41849.75245,82.54880902,668,0,723,10203.91041,371853.6449,34546.47223,82.54880902,0
724,0,2721.46831,450465.1845,724,41849.75246,71.15719943,669,0,724,6244.957192,320538.4097,29779.11181,71.15719943,2
725,0,2721.468967,450465.3712,725,41849.76979,82.8373608,670,0,725,9800.678356,373153.6248,34667.2448,82.8373608,0
726,0,2721.46831,450465.1845,726,41849.75246,87.6920888,671,0,726,7045.404595,395022.3296,36698.92209,87.6920888,0
727,0,2721.46831,450465.1845,727,41849.75246,22.73434773,672,0,727,4169.424777,102410.3214,9514.268246,22.73434773,5
728,0,2721.46831,450465.1845,728,41849.75246,92.2262383,673,0,728,8944.614119,415447.0945,38596.45243,92.2262383,0
729,0,2721.468967,450465.3712,729,41849.76979,60.45575043,674,0,729,8795.707884,272332.2206,25300.59238,60.45575043,3
730,0,2721.46831,450465.1845,730,41849.75245,92.13084919,675,0,730,10477.63012,415017.3998,38556.53232,92.13084919,0
731,0,2721.46831,450465.1845,731,41849.75246,90.2090826,676,0,731,4591.788651,406360.5104,37752.27776,90.2090826,0
732,0,2721.46831,450465.1845,732,41849.75246,83.88358916,677,0,732,8439.487238,377866.3647,35105.07442,83.88358916,0
733,0,2672.581477,446179.7577,733,41451.62168,92.79135438,678,0,733,9855.641514,414016.2401,38463.52117,92.79135438,0
734,0,2721.46831,450465.1845,734,41849.75246,,,,,,,,,0
735,0,2721.46831,450465.1845,735,41849.75246,10.29386504,679,0,735,5380.106392,46370.27814,4307.957037,10.29386504,5
736,0,2721.46831,450465.1845,736,41849.75245,83.38192341,680,0,736,12692.65932,375606.5352,34895.12854,83.38192341,0
737,0,2234.143997,274143.8663,737,25468.90045,85.10824231,681,0,737,3541.739387,233319.026,21676.13351,85.10824231,0
738,0,2356.645426,188902.757,738,17549.71059,19.48385145,682,0,738,1390.874598,36805.53256,3419.359541,19.48385145,5
739,0,2721.46831,450465.1845,739,41849.75246,92.11294076,683,0,739,10643.362,414936.7286,38549.03769,92.11294076,0
740,0,2721.46831,450465.1845,740,41849.75246,95.15009316,684,0,740,6514.817251,428618.0427,39820.07845,95.15009316,0
741,0,2721.469623,450465.631,741,41849.79393,84.56414992,685,0,741,10812.79161,380932.4315,35389.92248,84.56414992,0
742,0,2245.186442,246811.0332,742,22929.58701,,,,,,,,,0
743,0,2721.468967,450465.3712,743,41849.76979,97.62483337,686,0,743,4664.20825,439766.068,40855.76803,97.62483337,0
744,0,406.0516143,7043.063483,744,654.3246257,99.33724043,687,0,744,400.4074243,6996.384905,649.9880267,99.33724043,0
745,0,2721.468967,450465.3712,745,41849.76979,92.19694585,688,0,745,11366.15966,415315.3143,38584.20959,92.19694585,0
746,0,2721.46831,450465.1845,746,41849.75246,69.42567711,689,0,746,9618.257079,312738.5045,29054.47401,69.42567711,2
747,0,2660.044353,443794.7801,747,41230.04912,77.02594896,690,0,747,7585.620838,341837.1408,31757.83659,77.02594896,2
748,0,2721.46831,450465.1845,748,41849.75246,19.1097293,691,0,748,5114.247755,86082.67734,7997.374405,19.1097293,5
749,0,2721.46831,450465.1845,749,41849.75246,82.36403343,692,0,749,7654.024109,371021.2952,34469.1441,82.36403343,0
750,0,2721.46831,450465.1845,750,41849.75245,90.63911713,693,0,750,7865.733436,408297.6662,37932.24615,90.63911713,0
751,0,1342.916105,101318.7064,751,9412.853484,,,,,,,,,0
752,0,2721.46831,450465.1845,752,41849.75246,64.14866618,694,0,752,3914.452251,288967.4075,26846.058,64.14866618,3
753,0,2425.678593,322879.4393,753,29996.60145,21.19064115,695,0,753,4203.133498,68420.22334,6356.472172,21.19064115,5
754,0,2721.46831,450465.1845,754,41849.75245,24.47098774,696,0,754,7277.677895,110233.2801,10241.04779,24.47098774,5
755,0,14.99104181,9.546585915,755,0.886910401,,,,,,,,,0
756,0,2721.46831,450465.1845,756,41849.75246,65.29071468,697,0,756,9581.876017,294111.9383,27324.00247,65.29071468,2
757,0,2721.468967,450465.3712,757,41849.76979,60.50751873,698,0,757,12789.97314,272565.4188,25322.2573,60.50751873,3
758,0,2721.468967,450465.4443,758,41849.77659,92.72611346,699,0,758,9223.666429,417699.099,38805.67132,92.72611346,0
759,0,2721.46831,450465.1845,759,41849.75246,94.47943876,700,0,759,8234.116132,425596.9782,39539.41124,94.47943876,0
760,0,2721.46831,450465.1845,760,41849.75246,91.59518178,701,0,760,9253.230979,412604.4046,38332.35684,91.59518178,0
761,0,2423.06622,321333.8905,761,29853.0147,38.87974927,702,0,761,4947.020309,124933.811,11606.77726,38.87974927,4
762,0,2721.46831,450465.1845,762,41849.75246,96.77288898,703,0,762,4010.438538,435928.1729,40499.21448,96.77288898,0
763,0,2721.46831,450465.1845,763,41849.75246,87.55329309,704,0,763,9718.016396,394397.1033,36640.83642,87.55329309,0
764,0,2721.46831,450465.1845,764,41849.75246,86.93341604,705,0,764,7751.644738,391604.773,36381.41941,86.93341604,0
765,0,2721.46831,450465.1845,765,41849.75246,15.18851257,706,0,765,5923.310066,68418.96118,6356.354912,15.18851257,5
766,0,132.5624293,350.1569232,766,32.53077277,43.06042795,707,0,766,87.51563253,150.7790697,14.00788997,43.06042795,4
767,0,2721.469623,450465.631,767,41849.79393,76.58295495,708,0,767,4193.443052,344979.8912,32049.80883,76.58295495,2
768,0,483.6701281,10048.22779,768,933.5146425,65.24438457,709,0,768,406.0482742,6555.904383,609.0658834,65.24438457,2
769,0,2682.803465,447711.4848,769,41593.92436,12.54998474,710,0,769,1559.43003,56187.72304,5220.031161,12.54998474,5
770,0,2490.672428,366848.2823,770,34081.45697,,,,,,,,,0
771,0,2721.46831,450465.1845,771,41849.75246,91.07240258,711,0,771,11492.10002,410249.4664,38113.57504,91.07240258,0
772,0,2721.46831,450465.1845,772,41849.75246,93.643241,712,0,772,9020.603561,421830.1984,39189.46455,93.643241,0
773,0,2721.46831,450465.1845,773,41849.75245,93.12867145,713,0,773,9474.543399,419512.2417,38974.11847,93.12867145,0
774,0,2565.795292,404373.103,774,37567.64083,28.72035958,714,0,774,1686.847078,116137.4092,10789.56153,28.72035958,5
775,0,2784.208009,408477.0059,775,37948.90741,,,,,,,,,0
776,0,2721.46831,450465.1845,776,41849.75246,68.30866256,715,0,776,4674.801604,307706.7429,28587.00619,68.30866256,2
777,0,2721.46831,450465.1845,777,41849.75245,85.27872875,716,0,777,10032.72146,384150.9828,35688.93688,85.27872875,0
778,0,2721.46831,450465.1845,778,41849.75246,94.1408677,717,0,778,6739.173375,424071.8334,39397.72009,94.1408677,0
779,0,2721.46831,450465.1845,779,41849.75246,81.08391353,718,0,779,11892.57168,365254.8007,33933.41709,81.08391353,0
780,0,2721.46831,450465.1845,780,41849.75245,88.13231022,719,0,780,11532.52987,397005.3739,36883.15366,88.13231022,0
781,0,2721.468967,450465.3712,781,41849.76979,87.04259561,720,0,781,11827.47286,392096.7514,36427.12589,87.04259561,0
782,0,2721.468967,450465.3712,782,41849.76979,89.97507578,721,0,782,8942.193839,405306.5591,37654.36209,89.97507578,0
783,0,2721.46831,450465.1845,783,41849.75246,,,,,,,,,0
784,0,2721.46831,450465.1845,784,41849.75246,98.81018063,722,0,784,5434.571942,445105.4625,41351.81599,98.81018063,0
785,0,2721.468967,450465.3712,785,41849.76979,88.48569678,723,0,785,9591.081148,398597.4224,37031.0604,88.48569678,0
786,0,2721.468967,450465.3712,786,41849.76979,59.847727,724,0,786,5970.047009,269593.2855,25046.13598,59.847727,3
787,0,2721.46831,450465.1845,787,41849.75246,92.60003673,725,0,787,8049.698535,417130.9263,38752.88615,92.60003673,0
788,0,2721.46831,450465.1845,788,41849.75245,93.54159874,726,0,788,8790.242403,421372.3354,39146.92752,93.54159874,0
789,0,2568.000726,413266.9015,789,38393.90506,63.18601893,727,0,789,2288.464385,261126.9026,24259.58012,63.18601893,3
790,0,2332.635677,306061.3713,790,28434.14555,84.78137395,728,0,790,8462.339416,259483.0357,24106.85927,84.78137395,0
791,0,2643.457448,441044.1949,791,40974.51038,84.84959087,729,0,791,5882.111864,374224.1949,34766.70442,84.84959087,0
792,0,2721.46831,450465.1845,792,41849.75246,91.92741706,730,0,792,8312.871531,414101.0089,38471.39648,91.92741706,0
793,0,1294.973048,87398.55077,793,8119.623537,5.313732707,731,0,793,400.6252477,4644.125378,431.4550916,5.313732707,5
794,0,2721.46831,450465.1845,794,41849.75246,83.779717,732,0,794,9791.318296,377398.4568,35061.60417,83.779717,0
795,0,2721.46831,450465.1845,795,41849.75246,92.99631642,733,0,795,8944.812449,418916.0284,38918.72822,92.99631642,0
796,0,2721.46831,450465.1845,796,41849.75246,89.84042209,734,0,796,11709.79726,404699.8231,37597.99425,89.84042209,0
797,0,2721.46831,450465.1845,797,41849.75245,6.482112296,735,0,797,4616.551834,29199.65912,2712.74795,6.482112296,5
798,0,2721.46831,450465.1845,798,41849.75246,84.09875098,736,0,798,9495.717596,378835.5938,35195.1191,84.09875098,0
799,0,2721.46831,450465.1845,799,41849.75246,91.50434836,737,0,799,7435.18216,412195.2317,38294.34328,91.50434836,0
800,0,2721.468967,450465.3712,800,41849.76979,60.74831256,738,0,800,11362.80563,273650.1116,25423.02896,60.74831256,3
801,0,2721.46831,450465.1845,801,41849.75246,97.93859013,739,0,801,4158.897246,441179.2508,40987.05753,97.93859013,0
802,0,2721.46831,450465.1845,802,41849.75246,79.63333006,740,0,802,8346.825226,358720.4272,33326.3515,79.63333006,2
803,0,2721.46831,450465.1845,803,41849.75246,91.60518837,741,0,803,10545.21443,412649.4808,38336.54457,91.60518837,0
804,0,264.1297411,2990.063349,804,277.7870861,100,742,0,804,264.1297411,2990.063349,277.7870861,100,0
805,0,2721.46831,450465.1845,805,41849.75245,84.2954585,743,0,805,11856.99176,379721.6927,35277.44071,84.2954585,0
806,0,2721.468967,450465.3712,806,41849.76979,62.58471094,744,0,806,3585.353418,281922.4504,26191.55745,62.58471094,3
807,0,2721.468967,450465.3712,807,41849.76979,,,,,,,,,0
808,0,2545.983866,395099.2299,808,36706.06638,,,,,,,,,0
809,0,2721.46831,450465.1845,809,41849.75246,88.39411096,745,0,809,13462.59253,398184.695,36992.71662,88.39411096,0
810,0,2721.46831,450465.1845,810,41849.75246,97.79890028,746,0,810,2863.560964,440549.9966,40928.59767,97.79890028,0
811,0,2721.46831,450465.1845,811,41849.75245,93.58006181,747,0,811,4494.349315,421545.5981,39163.02421,93.58006181,0
812,0,2721.46831,450465.1845,812,41849.75246,95.0933065,748,0,812,8172.867199,428362.2386,39796.31337,95.0933065,0
813,0,2721.46831,450465.1845,813,41849.75246,57.8073227,749,0,813,8434.315902,260401.8629,24192.22145,57.8073227,3
814,0,2721.468967,450465.3712,814,41849.76979,92.79083598,750,0,814,8129.761861,417990.5837,38832.75125,92.79083598,0
815,0,2721.46831,450465.1845,815,41849.75246,89.5971146,751,0,815,7977.952939,403603.8076,37496.17067,89.5971146,0
816,0,2721.46831,450465.1845,816,41849.75246,56.46421067,752,0,816,5464.67083,254351.6108,23630.13239,56.46421067,3
817,0,2721.46831,450465.1845,817,41849.75245,88.90039919,753,0,817,9198.561789,400465.3473,37204.59699,88.90039919,0
818,0,1807.033286,179395.9137,818,16666.49241,0.441415196,754,0,818,210.2190526,791.8808242,73.56843015,0.441415196,5
819,0,2721.46831,450465.1845,819,41849.75246,94.42899556,755,0,819,9494.60988,425369.7491,39518.30089,94.42899556,0
820,0,2721.46831,450465.1845,820,41849.75246,85.49309679,756,0,820,7046.314549,385116.6362,35778.64937,85.49309679,0
821,0,2721.46831,450465.1845,821,41849.75246,95.78685814,757,0,821,7698.412742,431486.4473,40086.56302,95.78685814,0
822,0,2721.46831,450465.1845,822,41849.75246,83.51187608,758,0,822,10395.93901,376191.9267,34949.51341,83.51187608,0
823,0,2711.667172,450292.6566,823,41833.72402,,,,,,,,,0
824,0,2721.46831,450465.1845,824,41849.75246,9.597020353,759,0,824,5707.177657,43231.23544,4016.329261,9.597020353,5
825,0,2721.46831,450465.1845,825,41849.75246,92.68833856,760,0,825,10997.45071,417528.6953,38789.84024,92.68833856,0
826,0,2721.46831,450465.1845,826,41849.75246,85.03043637,761,0,826,9000.135713,383032.5121,35585.02713,85.03043637,0
827,0,2721.46831,450465.1845,827,41849.75246,84.4160132,762,0,827,14014.30129,380264.7496,35327.89256,84.4160132,0
828,0,2721.46831,450465.1845,828,41849.75246,93.26272226,763,0,828,13192.65869,420116.0939,39030.2184,93.26272226,0
829,0,2721.468967,450465.4443,829,41849.77659,71.0067313,764,0,829,6050.198142,319860.7877,29716.15842,71.0067313,2
830,0,2721.46831,450465.1845,830,41849.75246,90.67201331,765,0,830,9675.073751,408445.8521,37946.01312,90.67201331,0
831,0,2721.46831,450465.1845,831,41849.75246,36.12599381,766,0,831,4831.509649,162735.0247,15118.63898,36.12599381,4
832,0,2721.46831,450465.1845,832,41849.75246,93.72145395,767,0,832,7905.551669,422182.5205,39222.19648,93.72145395,0
833,0,1476.989386,84861.86907,833,7883.957153,,,,,,,,,0
834,0,2721.46831,450465.1845,834,41849.75246,91.37765908,768,0,834,9522.773861,411624.5406,38241.32412,91.37765908,0
835,0,2721.46831,450465.1845,835,41849.75245,86.33903288,769,0,835,12502.08097,388927.2838,36132.67153,86.33903288,0
836,0,598.1381255,11677.66919,836,1084.895308,,,,,,,,,0
