FID,Join_Count,TARGET_FID,Id,Shape_Leng,Shape_Area,GeoID,FLD_AR_ID,FLD_ZONE,FLOODWAY,SFHA_TF,STATIC_BFE,V_DATUM,DEPTH,LEN_UNIT,VELOCITY,VEL_UNIT,AR_REVERT,BFE_REVERT,DEP_REVERT,SOURCE_CIT,flood_score
0,1,1,0,2530.758569,385934.0451,1,698,AREA NOT INCLUDED, ,F,-9999, ,-9999, ,-9999, , ,-9999,-9999,STUDY1,0
1,3,2,0,2655.536428,444097.2288,2,480,0.2 PCT ANNUAL CHANCE FLOOD HAZARD, ,F,-9999, ,-9999, ,-9999, , ,-9999,-9999,STUDY1,1
2,7,3,0,2721.468967,450465.4443,3,353,0.2 PCT ANNUAL CHANCE FLOOD HAZARD, ,F,-9999, ,-9999, ,-9999, , ,-9999,-9999,STUDY1,1
3,2,4,0,2721.46831,450465.1845,4,387,0.2 PCT ANNUAL CHANCE FLOOD HAZARD, ,F,-9999, ,-9999, ,-9999, , ,-9999,-9999,STUDY1,1
4,4,5,0,2721.46831,450465.1845,5,383,0.2 PCT ANNUAL CHANCE FLOOD HAZARD, ,F,-9999, ,-9999, ,-9999, , ,-9999,-9999,STUDY1,1
5,2,6,0,2721.46831,450465.1845,6,330,0.2 PCT ANNUAL CHANCE FLOOD HAZARD, ,F,-9999, ,-9999, ,-9999, , ,-9999,-9999,STUDY1,1
6,1,7,0,1415.468536,83295.55317,7,698,AREA NOT INCLUDED, ,F,-9999, ,-9999, ,-9999, , ,-9999,-9999,STUDY1,0
7,1,8,0,2721.46831,450465.1845,8,726,X, ,F,-9999, ,-9999, ,-9999, , ,-9999,-9999,STUDY1,3
8,1,9,0,1309.558223,47396.43741,9,699,VE, ,T,14,NAVD88,-9999,FEET,-9999, , ,-9999,-9999,STUDY1,5
9,2,10,0,2721.468967,450465.3712,10,489,AE, ,T,11,NAVD88,-9999,FEET,-9999, , ,-9999,-9999,STUDY1,0
10,1,11,0,149.2815312,887.257409,11,649,OPEN WATER, ,F,-9999, ,-9999, ,-9999, , ,-9999,-9999,STUDY1,4
11,1,12,0,2721.468967,450465.3712,12,726,X, ,F,-9999, ,-9999, ,-9999, , ,-9999,-9999,STUDY1,3
12,1,13,0,2721.46831,450465.1845,13,726,X, ,F,-9999, ,-9999, ,-9999, , ,-9999,-9999,STUDY1,3
13,1,14,0,2721.468967,450465.3712,14,698,AREA NOT INCLUDED, ,F,-9999, ,-9999, ,-9999, , ,-9999,-9999,STUDY1,0
14,1,15,0,2721.46831,450465.1845,15,698,AREA NOT INCLUDED, ,F,-9999, ,-9999, ,-9999, , ,-9999,-9999,STUDY1,0
15,1,16,0,2721.468967,450465.3712,16,726,X, ,F,-9999, ,-9999, ,-9999, , ,-9999,-9999,STUDY1,3
16,1,17,0,2721.46831,450465.1845,17,726,X, ,F,-9999, ,-9999, ,-9999, , ,-9999,-9999,STUDY1,3
17,1,18,0,914.6774095,30384.22115,18,698,AREA NOT INCLUDED, ,F,-9999, ,-9999, ,-9999, , ,-9999,-9999,STUDY1,0
18,1,19,0,2721.46831,450465.1845,19,726,X, ,F,-9999, ,-9999, ,-9999, , ,-9999,-9999,STUDY1,3
19,1,20,0,2413.566007,309834.6623,20,726,X, ,F,-9999, ,-9999, ,-9999, , ,-9999,-9999,STUDY1,3
20,3,21,0,2721.468967,450465.3712,21,330,0.2 PCT ANNUAL CHANCE FLOOD HAZARD, ,F,-9999, ,-9999, ,-9999, , ,-9999,-9999,STUDY1,1
21,3,22,0,2721.468967,450465.3712,22,417,0.2 PCT ANNUAL CHANCE FLOOD HAZARD, ,F,-9999, ,-9999, ,-9999, , ,-9999,-9999,STUDY1,1
22,1,23,0,2721.46831,450465.1845,23,698,AREA NOT INCLUDED, ,F,-9999, ,-9999, ,-9999, , ,-9999,-9999,STUDY1,0
23,1,24,0,2721.46831,450465.1845,24,726,X, ,F,-9999, ,-9999, ,-9999, , ,-9999,-9999,STUDY1,3
24,3,25,0,2463.549816,297712.8358,25,533,AE, ,T,11,NAVD88,-9999,FEET,-9999, , ,-9999,-9999,STUDY1,0
25,3,26,0,2721.468967,450465.3712,26,477,0.2 PCT ANNUAL CHANCE FLOOD HAZARD, ,F,-9999, ,-9999, ,-9999, , ,-9999,-9999,STUDY1,1
26,1,27,0,2648.50387,442705.3027,27,726,X, ,F,-9999, ,-9999, ,-9999, , ,-9999,-9999,STUDY1,3
27,2,28,0,2721.46831,450465.1845,28,489,AE, ,T,11,NAVD88,-9999,FEET,-9999, , ,-9999,-9999,STUDY1,0
28,1,29,0,2721.46831,450465.1845,29,726,X, ,F,-9999, ,-9999, ,-9999, , ,-9999,-9999,STUDY1,3
29,2,30,0,493.0258256,9440.803642,30,489,AE, ,T,11,NAVD88,-9999,FEET,-9999, , ,-9999,-9999,STUDY1,0
30,1,31,0,2721.468967,450465.3712,31,726,X, ,F,-9999, ,-9999, ,-9999, , ,-9999,-9999,STUDY1,3
31,4,32,0,2721.46831,450465.1845,32,640,0.2 PCT ANNUAL CHANCE FLOOD HAZARD, ,F,-9999, ,-9999, ,-9999, , ,-9999,-9999,STUDY1,1
32,3,33,0,2642.651605,365700.1789,33,505,0.2 PCT ANNUAL CHANCE FLOOD HAZARD, ,F,-9999, ,-9999, ,-9999, , ,-9999,-9999,STUDY1,1
33,3,34,0,1573.85374,140615.938,34,489,AE, ,T,11,NAVD88,-9999,FEET,-9999, , ,-9999,-9999,STUDY1,0
34,1,35,0,2721.46831,450465.1845,35,726,X, ,F,-9999, ,-9999, ,-9999, , ,-9999,-9999,STUDY1,3
35,1,36,0,2721.46831,450465.1845,36,726,X, ,F,-9999, ,-9999, ,-9999, , ,-9999,-9999,STUDY1,3
36,1,37,0,2721.46831,450465.1845,37,489,AE, ,T,11,NAVD88,-9999,FEET,-9999, , ,-9999,-9999,STUDY1,0
37,1,38,0,2721.46831,450465.1845,38,726,X, ,F,-9999, ,-9999, ,-9999, , ,-9999,-9999,STUDY1,3
38,1,39,0,2721.468967,450465.3712,39,726,X, ,F,-9999, ,-9999, ,-9999, , ,-9999,-9999,STUDY1,3
39,1,40,0,2721.46831,450465.1845,40,726,X, ,F,-9999, ,-9999, ,-9999, , ,-9999,-9999,STUDY1,3
40,1,41,0,2721.468967,450465.3712,41,726,X, ,F,-9999, ,-9999, ,-9999, , ,-9999,-9999,STUDY1,3
41,2,42,0,2721.468966,450465.4443,42,285,AE, ,T,12,NAVD88,-9999,FEET,-9999, , ,-9999,-9999,STUDY1,0
42,3,43,0,2721.468967,450465.3712,43,480,0.2 PCT ANNUAL CHANCE FLOOD HAZARD, ,F,-9999, ,-9999, ,-9999, , ,-9999,-9999,STUDY1,1
43,1,44,0,2721.468967,450465.3712,44,726,X, ,F,-9999, ,-9999, ,-9999, , ,-9999,-9999,STUDY1,3
44,3,45,0,2721.46831,450465.1845,45,423,0.2 PCT ANNUAL CHANCE FLOOD HAZARD, ,F,-9999, ,-9999, ,-9999, , ,-9999,-9999,STUDY1,1
45,3,46,0,2225.52911,243001.4946,46,274,0.2 PCT ANNUAL CHANCE FLOOD HAZARD, ,F,-9999, ,-9999, ,-9999, , ,-9999,-9999,STUDY1,1
46,5,47,0,2221.605745,276746.4646,47,326,X, ,F,-9999, ,-9999, ,-9999, , ,-9999,-9999,STUDY1,3
47,1,48,0,2721.46831,450465.1845,48,726,X, ,F,-9999, ,-9999, ,-9999, , ,-9999,-9999,STUDY1,3
48,3,49,0,2721.46831,450465.1845,49,345,0.2 PCT ANNUAL CHANCE FLOOD HAZARD, ,F,-9999, ,-9999, ,-9999, , ,-9999,-9999,STUDY1,1
49,1,50,0,2721.46831,450465.1845,50,726,X, ,F,-9999, ,-9999, ,-9999, , ,-9999,-9999,STUDY1,3
50,3,51,0,1318.894601,73722.42776,51,365,VE, ,T,16,NAVD88,-9999,FEET,-9999, , ,-9999,-9999,STUDY1,5
51,1,52,0,1801.490032,97197.9488,52,726,X, ,F,-9999, ,-9999, ,-9999, , ,-9999,-9999,STUDY1,3
52,1,53,0,2575.823144,401994.6976,53,698,AREA NOT INCLUDED, ,F,-9999, ,-9999, ,-9999, , ,-9999,-9999,STUDY1,0
53,8,54,0,2530.676225,366275.315,54,283,0.2 PCT ANNUAL CHANCE FLOOD HAZARD, ,F,-9999, ,-9999, ,-9999, , ,-9999,-9999,STUDY1,1
54,3,55,0,2721.46831,450465.1845,55,340,AE, ,T,11,NAVD88,-9999,FEET,-9999, , ,-9999,-9999,STUDY1,0
55,1,56,0,2721.46831,450465.1845,56,698,AREA NOT INCLUDED, ,F,-9999, ,-9999, ,-9999, , ,-9999,-9999,STUDY1,0
56,4,57,0,2721.46831,450465.1845,57,327,AE, ,T,11,NAVD88,-9999,FEET,-9999, , ,-9999,-9999,STUDY1,0
57,2,58,0,2721.468967,450465.3712,58,381,AE, ,T,13,NAVD88,-9999,FEET,-9999, , ,-9999,-9999,STUDY1,0
58,1,59,0,2721.46831,450465.1845,59,726,X, ,F,-9999, ,-9999, ,-9999, , ,-9999,-9999,STUDY1,3
59,1,60,0,2721.46831,450465.1845,60,726,X, ,F,-9999, ,-9999, ,-9999, , ,-9999,-9999,STUDY1,3
60,1,61,0,2721.46831,450465.1845,61,726,X, ,F,-9999, ,-9999, ,-9999, , ,-9999,-9999,STUDY1,3
61,1,62,0,1282.209236,71308.43034,62,699,VE, ,T,14,NAVD88,-9999,FEET,-9999, , ,-9999,-9999,STUDY1,5
62,1,63,0,2721.468967,450465.3712,63,698,AREA NOT INCLUDED, ,F,-9999, ,-9999, ,-9999, , ,-9999,-9999,STUDY1,0
63,2,64,0,2678.476833,447643.6964,64,340,AE, ,T,11,NAVD88,-9999,FEET,-9999, , ,-9999,-9999,STUDY1,0
64,2,65,0,2721.46831,450465.1845,65,698,AREA NOT INCLUDED, ,F,-9999, ,-9999, ,-9999, , ,-9999,-9999,STUDY1,0
65,1,66,0,175.060116,1142.021938,66,690,AE, ,T,10,NAVD88,-9999,FEET,-9999, , ,-9999,-9999,STUDY1,0
66,2,67,0,2721.46831,450465.1845,67,698,AREA NOT INCLUDED, ,F,-9999, ,-9999, ,-9999, , ,-9999,-9999,STUDY1,0
67,1,68,0,2721.46831,450465.1845,68,726,X, ,F,-9999, ,-9999, ,-9999, , ,-9999,-9999,STUDY1,3
68,1,69,0,2721.46831,450465.1845,69,726,X, ,F,-9999, ,-9999, ,-9999, , ,-9999,-9999,STUDY1,3
69,1,70,0,2721.46831,450465.1845,70,726,X, ,F,-9999, ,-9999, ,-9999, , ,-9999,-9999,STUDY1,3
70,1,71,0,2721.46831,450465.1845,71,726,X, ,F,-9999, ,-9999, ,-9999, , ,-9999,-9999,STUDY1,3
71,1,72,0,2721.46831,450465.1845,72,726,X, ,F,-9999, ,-9999, ,-9999, , ,-9999,-9999,STUDY1,3
72,3,73,0,2721.46831,450465.1845,73,447,AE, ,T,12,NAVD88,-9999,FEET,-9999, , ,-9999,-9999,STUDY1,0
73,2,74,0,1079.65397,71552.25987,74,701,AE, ,T,12,NAVD88,-9999,FEET,-9999, , ,-9999,-9999,STUDY1,0
74,3,75,0,2673.325986,447090.2107,75,274,0.2 PCT ANNUAL CHANCE FLOOD HAZARD, ,F,-9999, ,-9999, ,-9999, , ,-9999,-9999,STUDY1,1
75,1,76,0,1359.646694,78346.24313,76,649,OPEN WATER, ,F,-9999, ,-9999, ,-9999, , ,-9999,-9999,STUDY1,4
76,2,77,0,2721.46831,450465.1845,77,411,0.2 PCT ANNUAL CHANCE FLOOD HAZARD, ,F,-9999, ,-9999, ,-9999, , ,-9999,-9999,STUDY1,1
77,3,78,0,2721.46831,450465.1845,78,423,0.2 PCT ANNUAL CHANCE FLOOD HAZARD, ,F,-9999, ,-9999, ,-9999, , ,-9999,-9999,STUDY1,1
78,1,79,0,2721.46831,450465.1845,79,726,X, ,F,-9999, ,-9999, ,-9999, , ,-9999,-9999,STUDY1,3
79,1,80,0,2721.46831,450465.1845,80,698,AREA NOT INCLUDED, ,F,-9999, ,-9999, ,-9999, , ,-9999,-9999,STUDY1,0
80,1,81,0,2721.46831,450465.1845,81,726,X, ,F,-9999, ,-9999, ,-9999, , ,-9999,-9999,STUDY1,3
81,1,82,0,2721.46831,450465.1845,82,698,AREA NOT INCLUDED, ,F,-9999, ,-9999, ,-9999, , ,-9999,-9999,STUDY1,0
82,4,83,0,2721.46831,450465.1845,83,385,AE, ,T,10,NAVD88,-9999,FEET,-9999, , ,-9999,-9999,STUDY1,0
83,5,84,0,2371.386241,343332.5068,84,291,X, ,F,-9999, ,-9999, ,-9999, , ,-9999,-9999,STUDY1,3
84,2,85,0,2721.46831,450465.1845,85,690,AE, ,T,10,NAVD88,-9999,FEET,-9999, , ,-9999,-9999,STUDY1,0
85,1,86,0,172.3650062,868.1627203,86,698,AREA NOT INCLUDED, ,F,-9999, ,-9999, ,-9999, , ,-9999,-9999,STUDY1,0
86,1,87,0,2721.46831,450465.1845,87,649,OPEN WATER, ,F,-9999, ,-9999, ,-9999, , ,-9999,-9999,STUDY1,4
87,2,88,0,2721.468967,450465.3712,88,698,AREA NOT INCLUDED, ,F,-9999, ,-9999, ,-9999, , ,-9999,-9999,STUDY1,0
88,3,89,0,2721.46831,450465.1845,89,394,AE, ,T,12,NAVD88,-9999,FEET,-9999, , ,-9999,-9999,STUDY1,0
89,6,90,0,2721.469623,450465.631,90,298,X, ,F,-9999, ,-9999, ,-9999, , ,-9999,-9999,STUDY1,3
90,1,91,0,2721.46831,450465.1845,91,726,X, ,F,-9999, ,-9999, ,-9999, , ,-9999,-9999,STUDY1,3
91,1,92,0,2721.468967,450465.3712,92,726,X, ,F,-9999, ,-9999, ,-9999, , ,-9999,-9999,STUDY1,3
92,3,93,0,2721.46831,450465.1845,93,344,X, ,F,-9999, ,-9999, ,-9999, , ,-9999,-9999,STUDY1,3
93,1,94,0,2721.46831,450465.1845,94,726,X, ,F,-9999, ,-9999, ,-9999, , ,-9999,-9999,STUDY1,3
94,3,95,0,2464.515503,342324.1433,95,308,AE, ,T,12,NAVD88,-9999,FEET,-9999, , ,-9999,-9999,STUDY1,0
95,4,96,0,2359.537061,245338.5242,96,489,AE, ,T,11,NAVD88,-9999,FEET,-9999, , ,-9999,-9999,STUDY1,0
96,2,97,0,2685.465868,443910.6941,97,468,X, ,F,-9999, ,-9999, ,-9999, , ,-9999,-9999,STUDY1,3
97,1,98,0,2721.46831,450465.1845,98,698,AREA NOT INCLUDED, ,F,-9999, ,-9999, ,-9999, , ,-9999,-9999,STUDY1,0
98,1,99,0,2721.46831,450465.1845,99,698,AREA NOT INCLUDED, ,F,-9999, ,-9999, ,-9999, , ,-9999,-9999,STUDY1,0
99,1,100,0,1361.811105,58218.94799,100,690,AE, ,T,10,NAVD88,-9999,FEET,-9999, , ,-9999,-9999,STUDY1,0
100,4,101,0,2721.46831,450465.1845,101,452,X, ,F,-9999, ,-9999, ,-9999, , ,-9999,-9999,STUDY1,3
101,4,102,0,2721.468966,450465.4443,102,340,AE, ,T,11,NAVD88,-9999,FEET,-9999, , ,-9999,-9999,STUDY1,0
102,6,103,0,2362.62444,346439.499,103,333,AE, ,T,14,NAVD88,-9999,FEET,-9999, , ,-9999,-9999,STUDY1,0
103,3,104,0,2721.468967,450465.3712,104,417,0.2 PCT ANNUAL CHANCE FLOOD HAZARD, ,F,-9999, ,-9999, ,-9999, , ,-9999,-9999,STUDY1,1
104,3,105,0,2721.46831,450465.1845,105,359,0.2 PCT ANNUAL CHANCE FLOOD HAZARD, ,F,-9999, ,-9999, ,-9999, , ,-9999,-9999,STUDY1,1
105,5,106,0,2721.46831,450465.1845,106,403,0.2 PCT ANNUAL CHANCE FLOOD HAZARD, ,F,-9999, ,-9999, ,-9999, , ,-9999,-9999,STUDY1,1
106,3,107,0,2721.46831,450465.1845,107,408,0.2 PCT ANNUAL CHANCE FLOOD HAZARD, ,F,-9999, ,-9999, ,-9999, , ,-9999,-9999,STUDY1,1
107,1,108,0,2721.468966,450465.4443,108,698,AREA NOT INCLUDED, ,F,-9999, ,-9999, ,-9999, , ,-9999,-9999,STUDY1,0
108,2,109,0,2721.46831,450465.1845,109,698,AREA NOT INCLUDED, ,F,-9999, ,-9999, ,-9999, , ,-9999,-9999,STUDY1,0
109,4,110,0,2754.009382,447637.1427,110,489,AE, ,T,11,NAVD88,-9999,FEET,-9999, , ,-9999,-9999,STUDY1,0
110,1,111,0,2721.46831,450465.1845,111,698,AREA NOT INCLUDED, ,F,-9999, ,-9999, ,-9999, , ,-9999,-9999,STUDY1,0
111,2,112,0,2721.46831,450465.1845,112,690,AE, ,T,10,NAVD88,-9999,FEET,-9999, , ,-9999,-9999,STUDY1,0
112,1,113,0,236.5841762,3474.741401,113,489,AE, ,T,11,NAVD88,-9999,FEET,-9999, , ,-9999,-9999,STUDY1,0
113,1,114,0,2721.46831,450465.1845,114,690,AE, ,T,10,NAVD88,-9999,FEET,-9999, , ,-9999,-9999,STUDY1,0
114,6,115,0,2721.468967,450465.3712,115,477,0.2 PCT ANNUAL CHANCE FLOOD HAZARD, ,F,-9999, ,-9999, ,-9999, , ,-9999,-9999,STUDY1,1
115,1,116,0,2721.46831,450465.1845,116,726,X, ,F,-9999, ,-9999, ,-9999, , ,-9999,-9999,STUDY1,3
116,1,117,0,2721.46831,450465.1845,117,726,X, ,F,-9999, ,-9999, ,-9999, , ,-9999,-9999,STUDY1,3
117,1,118,0,2721.46831,450465.1845,118,698,AREA NOT INCLUDED, ,F,-9999, ,-9999, ,-9999, , ,-9999,-9999,STUDY1,0
118,1,119,0,2721.46831,450465.1845,119,726,X, ,F,-9999, ,-9999, ,-9999, , ,-9999,-9999,STUDY1,3
119,1,120,0,2721.46831,450465.1845,120,649,OPEN WATER, ,F,-9999, ,-9999, ,-9999, , ,-9999,-9999,STUDY1,4
120,3,121,0,2721.46831,450465.1845,121,545,0.2 PCT ANNUAL CHANCE FLOOD HAZARD, ,F,-9999, ,-9999, ,-9999, , ,-9999,-9999,STUDY1,1
121,1,122,0,2721.46831,450465.1845,122,698,AREA NOT INCLUDED, ,F,-9999, ,-9999, ,-9999, , ,-9999,-9999,STUDY1,0
122,1,123,0,2721.46831,450465.1845,123,698,AREA NOT INCLUDED, ,F,-9999, ,-9999, ,-9999, , ,-9999,-9999,STUDY1,0
123,2,124,0,2619.544015,431798.299,124,690,AE, ,T,10,NAVD88,-9999,FEET,-9999, , ,-9999,-9999,STUDY1,0
124,2,125,0,2721.468967,450465.3712,125,480,0.2 PCT ANNUAL CHANCE FLOOD HAZARD, ,F,-9999, ,-9999, ,-9999, , ,-9999,-9999,STUDY1,1
125,2,126,0,1511.670031,73309.65254,126,567,AE, ,T,11,NAVD88,-9999,FEET,-9999, , ,-9999,-9999,STUDY1,0
126,1,127,0,2721.468967,450465.3712,127,698,AREA NOT INCLUDED, ,F,-9999, ,-9999, ,-9999, , ,-9999,-9999,STUDY1,0
127,3,128,0,2721.46831,450465.1845,128,401,X, ,F,-9999, ,-9999, ,-9999, , ,-9999,-9999,STUDY1,3
128,3,129,0,1995.607771,192857.0103,129,533,AE, ,T,11,NAVD88,-9999,FEET,-9999, , ,-9999,-9999,STUDY1,0
129,1,130,0,2721.46831,450465.1845,130,726,X, ,F,-9999, ,-9999, ,-9999, , ,-9999,-9999,STUDY1,3
130,1,131,0,2721.468967,450465.3712,131,726,X, ,F,-9999, ,-9999, ,-9999, , ,-9999,-9999,STUDY1,3
131,3,132,0,2721.46831,450465.1845,132,330,0.2 PCT ANNUAL CHANCE FLOOD HAZARD, ,F,-9999, ,-9999, ,-9999, , ,-9999,-9999,STUDY1,1
132,2,133,0,2721.46831,450465.1845,133,464,AE, ,T,12,NAVD88,-9999,FEET,-9999, , ,-9999,-9999,STUDY1,0
133,2,134,0,2721.46831,450465.1845,134,698,AREA NOT INCLUDED, ,F,-9999, ,-9999, ,-9999, , ,-9999,-9999,STUDY1,0
134,1,135,0,2721.468967,450465.3712,135,726,X, ,F,-9999, ,-9999, ,-9999, , ,-9999,-9999,STUDY1,3
135,1,136,0,2721.468967,450465.3712,136,726,X, ,F,-9999, ,-9999, ,-9999, , ,-9999,-9999,STUDY1,3
136,1,137,0,2721.468967,450465.3712,137,726,X, ,F,-9999, ,-9999, ,-9999, , ,-9999,-9999,STUDY1,3
137,5,138,0,2721.468967,450465.4443,138,313,0.2 PCT ANNUAL CHANCE FLOOD HAZARD, ,F,-9999, ,-9999, ,-9999, , ,-9999,-9999,STUDY1,1
138,1,139,0,2721.468967,450465.3712,139,726,X, ,F,-9999, ,-9999, ,-9999, , ,-9999,-9999,STUDY1,3
139,1,140,0,2721.46831,450465.1845,140,698,AREA NOT INCLUDED, ,F,-9999, ,-9999, ,-9999, , ,-9999,-9999,STUDY1,0
140,4,141,0,2721.46831,450465.1845,141,439,X, ,F,-9999, ,-9999, ,-9999, , ,-9999,-9999,STUDY1,3
141,1,142,0,2721.46831,450465.1845,142,726,X, ,F,-9999, ,-9999, ,-9999, , ,-9999,-9999,STUDY1,3
142,3,143,0,2721.468967,450465.3712,143,307,0.2 PCT ANNUAL CHANCE FLOOD HAZARD, ,F,-9999, ,-9999, ,-9999, , ,-9999,-9999,STUDY1,1
143,1,144,0,2721.46831,450465.1845,144,726,X, ,F,-9999, ,-9999, ,-9999, , ,-9999,-9999,STUDY1,3
144,1,145,0,2721.46831,450465.1845,145,726,X, ,F,-9999, ,-9999, ,-9999, , ,-9999,-9999,STUDY1,3
145,4,146,0,2686.019666,445578.6943,146,347,0.2 PCT ANNUAL CHANCE FLOOD HAZARD, ,F,-9999, ,-9999, ,-9999, , ,-9999,-9999,STUDY1,1
146,1,147,0,2721.46831,450465.1845,147,726,X, ,F,-9999, ,-9999, ,-9999, , ,-9999,-9999,STUDY1,3
147,1,148,0,2721.468967,450465.3712,148,726,X, ,F,-9999, ,-9999, ,-9999, , ,-9999,-9999,STUDY1,3
148,1,149,0,2721.46831,450465.1845,149,726,X, ,F,-9999, ,-9999, ,-9999, , ,-9999,-9999,STUDY1,3
149,1,150,0,27.17722045,28.79474771,150,533,AE, ,T,11,NAVD88,-9999,FEET,-9999, , ,-9999,-9999,STUDY1,0
150,3,151,0,2374.870428,247175.6603,151,693,AE, ,T,9,NAVD88,-9999,FEET,-9999, , ,-9999,-9999,STUDY1,0
151,1,152,0,2721.46831,450465.1845,152,698,AREA NOT INCLUDED, ,F,-9999, ,-9999, ,-9999, , ,-9999,-9999,STUDY1,0
152,1,153,0,2721.46831,450465.1845,153,726,X, ,F,-9999, ,-9999, ,-9999, , ,-9999,-9999,STUDY1,3
153,2,154,0,2721.46831,450465.1845,154,344,X, ,F,-9999, ,-9999, ,-9999, , ,-9999,-9999,STUDY1,3
154,6,155,0,2868.556192,435026.1899,155,332,X, ,F,-9999, ,-9999, ,-9999, , ,-9999,-9999,STUDY1,3
155,3,156,0,2721.46831,450465.1845,156,400,X, ,F,-9999, ,-9999, ,-9999, , ,-9999,-9999,STUDY1,3
156,1,157,0,2721.468967,450465.3712,157,726,X, ,F,-9999, ,-9999, ,-9999, , ,-9999,-9999,STUDY1,3
157,1,158,0,2721.468967,450465.3712,158,726,X, ,F,-9999, ,-9999, ,-9999, , ,-9999,-9999,STUDY1,3
158,2,159,0,1193.986607,35001.24985,159,332,X, ,F,-9999, ,-9999, ,-9999, , ,-9999,-9999,STUDY1,3
159,1,160,0,756.6764488,19905.56118,160,649,OPEN WATER, ,F,-9999, ,-9999, ,-9999, , ,-9999,-9999,STUDY1,4
160,1,161,0,76.47875615,233.1623807,161,283,0.2 PCT ANNUAL CHANCE FLOOD HAZARD, ,F,-9999, ,-9999, ,-9999, , ,-9999,-9999,STUDY1,1
161,3,162,0,2721.46831,450465.1845,162,401,X, ,F,-9999, ,-9999, ,-9999, , ,-9999,-9999,STUDY1,3
162,4,163,0,2721.468967,450465.3712,163,307,0.2 PCT ANNUAL CHANCE FLOOD HAZARD, ,F,-9999, ,-9999, ,-9999, , ,-9999,-9999,STUDY1,1
163,2,164,0,2721.468967,450465.4443,164,340,AE, ,T,11,NAVD88,-9999,FEET,-9999, , ,-9999,-9999,STUDY1,0
164,1,165,0,2721.468967,450465.3712,165,726,X, ,F,-9999, ,-9999, ,-9999, , ,-9999,-9999,STUDY1,3
165,1,166,0,2721.46831,450465.1845,166,726,X, ,F,-9999, ,-9999, ,-9999, , ,-9999,-9999,STUDY1,3
166,3,167,0,2721.46831,450465.1845,167,366,X, ,F,-9999, ,-9999, ,-9999, , ,-9999,-9999,STUDY1,3
167,1,168,0,2721.46831,450465.1845,168,726,X, ,F,-9999, ,-9999, ,-9999, , ,-9999,-9999,STUDY1,3
168,1,169,0,2721.46831,450465.1845,169,726,X, ,F,-9999, ,-9999, ,-9999, , ,-9999,-9999,STUDY1,3
169,1,170,0,2721.46831,450465.1845,170,726,X, ,F,-9999, ,-9999, ,-9999, , ,-9999,-9999,STUDY1,3
170,1,171,0,2721.468967,450465.3712,171,489,AE, ,T,11,NAVD88,-9999,FEET,-9999, , ,-9999,-9999,STUDY1,0
171,2,172,0,1862.272009,135136.147,172,489,AE, ,T,11,NAVD88,-9999,FEET,-9999, , ,-9999,-9999,STUDY1,0
172,5,173,0,2721.46831,450465.1845,173,392,0.2 PCT ANNUAL CHANCE FLOOD HAZARD, ,F,-9999, ,-9999, ,-9999, , ,-9999,-9999,STUDY1,1
173,2,174,0,2721.46831,450465.1845,174,362,0.2 PCT ANNUAL CHANCE FLOOD HAZARD, ,F,-9999, ,-9999, ,-9999, , ,-9999,-9999,STUDY1,1
174,1,175,0,2721.468967,450465.4443,175,698,AREA NOT INCLUDED, ,F,-9999, ,-9999, ,-9999, , ,-9999,-9999,STUDY1,0
175,1,176,0,2721.46831,450465.1845,176,726,X, ,F,-9999, ,-9999, ,-9999, , ,-9999,-9999,STUDY1,3
176,3,177,0,2721.46831,450465.1845,177,554,0.2 PCT ANNUAL CHANCE FLOOD HAZARD, ,F,-9999, ,-9999, ,-9999, , ,-9999,-9999,STUDY1,1
177,2,178,0,2156.123109,202355.3459,178,649,OPEN WATER, ,F,-9999, ,-9999, ,-9999, , ,-9999,-9999,STUDY1,4
178,1,179,0,2721.46831,450465.1845,179,726,X, ,F,-9999, ,-9999, ,-9999, , ,-9999,-9999,STUDY1,3
179,2,180,0,2721.46831,450465.1845,180,649,OPEN WATER, ,F,-9999, ,-9999, ,-9999, , ,-9999,-9999,STUDY1,4
180,5,181,0,2721.46831,450465.1845,181,312,AE, ,T,12,NAVD88,-9999,FEET,-9999, , ,-9999,-9999,STUDY1,0
181,1,182,0,2176.53703,242661.2028,182,698,AREA NOT INCLUDED, ,F,-9999, ,-9999, ,-9999, , ,-9999,-9999,STUDY1,0
182,1,183,0,744.2479,22427.40485,183,649,OPEN WATER, ,F,-9999, ,-9999, ,-9999, , ,-9999,-9999,STUDY1,4
183,2,184,0,2543.333184,389702.474,184,690,AE, ,T,10,NAVD88,-9999,FEET,-9999, , ,-9999,-9999,STUDY1,0
184,3,185,0,2721.468967,450465.3712,185,296,0.2 PCT ANNUAL CHANCE FLOOD HAZARD, ,F,-9999, ,-9999, ,-9999, , ,-9999,-9999,STUDY1,1
185,3,186,0,2721.46831,450465.1845,186,442,0.2 PCT ANNUAL CHANCE FLOOD HAZARD, ,F,-9999, ,-9999, ,-9999, , ,-9999,-9999,STUDY1,1
186,1,187,0,2721.46831,450465.1845,187,726,X, ,F,-9999, ,-9999, ,-9999, , ,-9999,-9999,STUDY1,3
187,1,188,0,2721.46831,450465.1845,188,726,X, ,F,-9999, ,-9999, ,-9999, , ,-9999,-9999,STUDY1,3
188,1,189,0,2721.46831,450465.1845,189,726,X, ,F,-9999, ,-9999, ,-9999, , ,-9999,-9999,STUDY1,3
189,4,190,0,2721.46831,450465.1845,190,328,0.2 PCT ANNUAL CHANCE FLOOD HAZARD, ,F,-9999, ,-9999, ,-9999, , ,-9999,-9999,STUDY1,1
190,1,191,0,2721.46831,450465.1845,191,726,X, ,F,-9999, ,-9999, ,-9999, , ,-9999,-9999,STUDY1,3
191,1,192,0,1404.395747,83631.24928,192,698,AREA NOT INCLUDED, ,F,-9999, ,-9999, ,-9999, , ,-9999,-9999,STUDY1,0
192,1,193,0,2721.46831,450465.1845,193,698,AREA NOT INCLUDED, ,F,-9999, ,-9999, ,-9999, , ,-9999,-9999,STUDY1,0
193,1,194,0,2721.468967,450465.4443,194,726,X, ,F,-9999, ,-9999, ,-9999, , ,-9999,-9999,STUDY1,3
194,1,195,0,2721.46831,450465.1845,195,726,X, ,F,-9999, ,-9999, ,-9999, , ,-9999,-9999,STUDY1,3
195,1,196,0,2686.989712,448367.4283,196,698,AREA NOT INCLUDED, ,F,-9999, ,-9999, ,-9999, , ,-9999,-9999,STUDY1,0
196,1,197,0,2721.46831,450465.1845,197,726,X, ,F,-9999, ,-9999, ,-9999, , ,-9999,-9999,STUDY1,3
197,1,198,0,2721.46831,450465.1845,198,698,AREA NOT INCLUDED, ,F,-9999, ,-9999, ,-9999, , ,-9999,-9999,STUDY1,0
198,2,199,0,2721.46831,450465.1845,199,381,AE, ,T,13,NAVD88,-9999,FEET,-9999, , ,-9999,-9999,STUDY1,0
199,2,200,0,2721.46831,450465.1845,200,477,0.2 PCT ANNUAL CHANCE FLOOD HAZARD, ,F,-9999, ,-9999, ,-9999, , ,-9999,-9999,STUDY1,1
200,4,201,0,2721.46831,450465.1845,201,394,AE, ,T,12,NAVD88,-9999,FEET,-9999, , ,-9999,-9999,STUDY1,0
201,3,202,0,2692.248504,448970.9176,202,412,VE, ,T,13,NAVD88,-9999,FEET,-9999, , ,-9999,-9999,STUDY1,5
202,1,203,0,2721.46831,450465.1845,203,726,X, ,F,-9999, ,-9999, ,-9999, , ,-9999,-9999,STUDY1,3
203,2,204,0,1246.234123,63226.92787,204,326,X, ,F,-9999, ,-9999, ,-9999, , ,-9999,-9999,STUDY1,3
204,1,205,0,2721.46831,450465.1845,205,726,X, ,F,-9999, ,-9999, ,-9999, , ,-9999,-9999,STUDY1,3
205,2,206,0,2028.440799,174135.2959,206,449,0.2 PCT ANNUAL CHANCE FLOOD HAZARD, ,F,-9999, ,-9999, ,-9999, , ,-9999,-9999,STUDY1,1
206,1,207,0,2721.46831,450465.1845,207,489,AE, ,T,11,NAVD88,-9999,FEET,-9999, , ,-9999,-9999,STUDY1,0
207,1,208,0,2721.46831,450465.1845,208,726,X, ,F,-9999, ,-9999, ,-9999, , ,-9999,-9999,STUDY1,3
208,2,209,0,2721.46831,450465.1845,209,442,0.2 PCT ANNUAL CHANCE FLOOD HAZARD, ,F,-9999, ,-9999, ,-9999, , ,-9999,-9999,STUDY1,1
209,2,210,0,2721.46831,450465.1845,210,423,0.2 PCT ANNUAL CHANCE FLOOD HAZARD, ,F,-9999, ,-9999, ,-9999, , ,-9999,-9999,STUDY1,1
210,4,211,0,2721.46831,450465.1845,211,453,0.2 PCT ANNUAL CHANCE FLOOD HAZARD, ,F,-9999, ,-9999, ,-9999, , ,-9999,-9999,STUDY1,1
211,2,212,0,1729.710793,166439.1244,212,364,X, ,F,-9999, ,-9999, ,-9999, , ,-9999,-9999,STUDY1,3
212,1,213,0,2721.46831,450465.1845,213,726,X, ,F,-9999, ,-9999, ,-9999, , ,-9999,-9999,STUDY1,3
213,2,214,0,2559.217325,384428.6116,214,449,0.2 PCT ANNUAL CHANCE FLOOD HAZARD, ,F,-9999, ,-9999, ,-9999, , ,-9999,-9999,STUDY1,1
214,4,215,0,2721.46831,450465.1845,215,492,0.2 PCT ANNUAL CHANCE FLOOD HAZARD, ,F,-9999, ,-9999, ,-9999, , ,-9999,-9999,STUDY1,1
215,1,216,0,2721.468967,450465.3712,216,698,AREA NOT INCLUDED, ,F,-9999, ,-9999, ,-9999, , ,-9999,-9999,STUDY1,0
216,1,217,0,2721.46831,450465.1845,217,726,X, ,F,-9999, ,-9999, ,-9999, , ,-9999,-9999,STUDY1,3
217,1,218,0,2721.46831,450465.1845,218,698,AREA NOT INCLUDED, ,F,-9999, ,-9999, ,-9999, , ,-9999,-9999,STUDY1,0
218,1,219,0,158.0586141,1058.78292,219,649,OPEN WATER, ,F,-9999, ,-9999, ,-9999, , ,-9999,-9999,STUDY1,4
219,3,220,0,2721.46831,450465.1845,220,330,0.2 PCT ANNUAL CHANCE FLOOD HAZARD, ,F,-9999, ,-9999, ,-9999, , ,-9999,-9999,STUDY1,1
220,2,221,0,2257.463873,302402.7627,221,690,AE, ,T,10,NAVD88,-9999,FEET,-9999, , ,-9999,-9999,STUDY1,0
221,1,222,0,2721.46831,450465.1845,222,698,AREA NOT INCLUDED, ,F,-9999, ,-9999, ,-9999, , ,-9999,-9999,STUDY1,0
222,1,223,0,2721.46831,450465.1845,223,489,AE, ,T,11,NAVD88,-9999,FEET,-9999, , ,-9999,-9999,STUDY1,0
223,1,224,0,2721.468967,450465.3712,224,726,X, ,F,-9999, ,-9999, ,-9999, , ,-9999,-9999,STUDY1,3
224,5,225,0,2721.46831,450465.1845,225,504,0.2 PCT ANNUAL CHANCE FLOOD HAZARD, ,F,-9999, ,-9999, ,-9999, , ,-9999,-9999,STUDY1,1
225,1,226,0,1115.63446,64267.1256,226,291,X, ,F,-9999, ,-9999, ,-9999, , ,-9999,-9999,STUDY1,3
226,1,227,0,2721.46831,450465.1845,227,698,AREA NOT INCLUDED, ,F,-9999, ,-9999, ,-9999, , ,-9999,-9999,STUDY1,0
227,1,228,0,2858.39787,364746.0116,228,698,AREA NOT INCLUDED, ,F,-9999, ,-9999, ,-9999, , ,-9999,-9999,STUDY1,0
228,3,229,0,2721.46831,450465.1845,229,362,0.2 PCT ANNUAL CHANCE FLOOD HAZARD, ,F,-9999, ,-9999, ,-9999, , ,-9999,-9999,STUDY1,1
229,1,230,0,2683.584029,448327.9892,230,698,AREA NOT INCLUDED, ,F,-9999, ,-9999, ,-9999, , ,-9999,-9999,STUDY1,0
230,3,231,0,2648.20092,441372.1776,231,291,X, ,F,-9999, ,-9999, ,-9999, , ,-9999,-9999,STUDY1,3
231,1,232,0,2721.46831,450465.1845,232,726,X, ,F,-9999, ,-9999, ,-9999, , ,-9999,-9999,STUDY1,3
232,2,233,0,2721.46831,450465.1845,233,344,X, ,F,-9999, ,-9999, ,-9999, , ,-9999,-9999,STUDY1,3
233,1,234,0,1282.152912,58917.78323,234,698,AREA NOT INCLUDED, ,F,-9999, ,-9999, ,-9999, , ,-9999,-9999,STUDY1,0
234,3,235,0,2721.46831,450465.1845,235,423,0.2 PCT ANNUAL CHANCE FLOOD HAZARD, ,F,-9999, ,-9999, ,-9999, , ,-9999,-9999,STUDY1,1
235,2,236,0,2980.424334,382667.8813,236,488,X, ,F,-9999, ,-9999, ,-9999, , ,-9999,-9999,STUDY1,3
236,6,237,0,2721.46831,450465.1845,237,367,X, ,F,-9999, ,-9999, ,-9999, , ,-9999,-9999,STUDY1,3
237,3,238,0,2721.468967,450465.3712,238,312,AE, ,T,12,NAVD88,-9999,FEET,-9999, , ,-9999,-9999,STUDY1,0
238,4,239,0,2483.96267,341731.8897,239,365,VE, ,T,16,NAVD88,-9999,FEET,-9999, , ,-9999,-9999,STUDY1,5
239,1,240,0,2721.46831,450465.1845,240,726,X, ,F,-9999, ,-9999, ,-9999, , ,-9999,-9999,STUDY1,3
240,1,241,0,2721.46831,450465.1845,241,726,X, ,F,-9999, ,-9999, ,-9999, , ,-9999,-9999,STUDY1,3
241,2,242,0,2721.46831,450465.1845,242,698,AREA NOT INCLUDED, ,F,-9999, ,-9999, ,-9999, , ,-9999,-9999,STUDY1,0
242,3,243,0,2721.468967,450465.3712,243,479,0.2 PCT ANNUAL CHANCE FLOOD HAZARD, ,F,-9999, ,-9999, ,-9999, , ,-9999,-9999,STUDY1,1
243,2,244,0,2167.274764,280031.0471,244,489,AE, ,T,11,NAVD88,-9999,FEET,-9999, , ,-9999,-9999,STUDY1,0
244,1,245,0,2101.074616,239870.5858,245,698,AREA NOT INCLUDED, ,F,-9999, ,-9999, ,-9999, , ,-9999,-9999,STUDY1,0
245,2,246,0,2721.468967,450465.3712,246,411,0.2 PCT ANNUAL CHANCE FLOOD HAZARD, ,F,-9999, ,-9999, ,-9999, , ,-9999,-9999,STUDY1,1
246,6,247,0,2721.46831,450465.1845,247,367,X, ,F,-9999, ,-9999, ,-9999, , ,-9999,-9999,STUDY1,3
247,1,248,0,2721.468967,450465.3712,248,726,X, ,F,-9999, ,-9999, ,-9999, , ,-9999,-9999,STUDY1,3
248,1,249,0,2721.46831,450465.1845,249,726,X, ,F,-9999, ,-9999, ,-9999, , ,-9999,-9999,STUDY1,3
249,1,250,0,2721.46831,450465.1845,250,726,X, ,F,-9999, ,-9999, ,-9999, , ,-9999,-9999,STUDY1,3
250,3,251,0,2721.46831,450465.1845,251,690,AE, ,T,10,NAVD88,-9999,FEET,-9999, , ,-9999,-9999,STUDY1,0
251,1,252,0,2168.959479,235966.3655,252,690,AE, ,T,10,NAVD88,-9999,FEET,-9999, , ,-9999,-9999,STUDY1,0
252,2,253,0,2721.46831,450465.1845,253,447,AE, ,T,12,NAVD88,-9999,FEET,-9999, , ,-9999,-9999,STUDY1,0
253,2,254,0,1842.98686,121298.7092,254,414,VE, ,T,13,NAVD88,-9999,FEET,-9999, , ,-9999,-9999,STUDY1,5
254,1,255,0,2721.468967,450465.3712,255,726,X, ,F,-9999, ,-9999, ,-9999, , ,-9999,-9999,STUDY1,3
255,1,256,0,2721.46831,450465.1845,256,726,X, ,F,-9999, ,-9999, ,-9999, , ,-9999,-9999,STUDY1,3
256,6,257,0,2721.46831,450465.1845,257,385,AE, ,T,10,NAVD88,-9999,FEET,-9999, , ,-9999,-9999,STUDY1,0
257,1,258,0,2721.46831,450465.1845,258,726,X, ,F,-9999, ,-9999, ,-9999, , ,-9999,-9999,STUDY1,3
258,3,259,0,2721.46831,450465.1845,259,434,X, ,F,-9999, ,-9999, ,-9999, , ,-9999,-9999,STUDY1,3
259,1,260,0,2721.46831,450465.1845,260,698,AREA NOT INCLUDED, ,F,-9999, ,-9999, ,-9999, , ,-9999,-9999,STUDY1,0
260,1,261,0,2721.46831,450465.1845,261,726,X, ,F,-9999, ,-9999, ,-9999, , ,-9999,-9999,STUDY1,3
261,2,262,0,2721.468967,450465.3712,262,489,AE, ,T,11,NAVD88,-9999,FEET,-9999, , ,-9999,-9999,STUDY1,0
262,1,263,0,2721.46831,450465.1845,263,698,AREA NOT INCLUDED, ,F,-9999, ,-9999, ,-9999, , ,-9999,-9999,STUDY1,0
263,3,264,0,2721.468967,450465.3712,264,421,X, ,F,-9999, ,-9999, ,-9999, , ,-9999,-9999,STUDY1,3
264,2,265,0,1380.313412,65623.74442,265,468,X, ,F,-9999, ,-9999, ,-9999, , ,-9999,-9999,STUDY1,3
265,1,266,0,2721.468967,450465.3712,266,698,AREA NOT INCLUDED, ,F,-9999, ,-9999, ,-9999, , ,-9999,-9999,STUDY1,0
266,1,267,0,2721.468967,450465.3712,267,726,X, ,F,-9999, ,-9999, ,-9999, , ,-9999,-9999,STUDY1,3
267,3,268,0,2721.46831,450465.1845,268,554,0.2 PCT ANNUAL CHANCE FLOOD HAZARD, ,F,-9999, ,-9999, ,-9999, , ,-9999,-9999,STUDY1,1
268,5,269,0,2544.730573,395798.941,269,376,VE, ,T,13,NAVD88,-9999,FEET,-9999, , ,-9999,-9999,STUDY1,5
269,1,270,0,2721.46831,450465.1845,270,698,AREA NOT INCLUDED, ,F,-9999, ,-9999, ,-9999, , ,-9999,-9999,STUDY1,0
270,1,271,0,2721.46831,450465.1845,271,726,X, ,F,-9999, ,-9999, ,-9999, , ,-9999,-9999,STUDY1,3
271,1,272,0,2721.46831,450465.1845,272,698,AREA NOT INCLUDED, ,F,-9999, ,-9999, ,-9999, , ,-9999,-9999,STUDY1,0
272,1,273,0,2721.468966,450465.4443,273,726,X, ,F,-9999, ,-9999, ,-9999, , ,-9999,-9999,STUDY1,3
273,1,274,0,947.2582625,36934.59066,274,698,AREA NOT INCLUDED, ,F,-9999, ,-9999, ,-9999, , ,-9999,-9999,STUDY1,0
274,2,275,0,2721.468967,450465.3712,275,698,AREA NOT INCLUDED, ,F,-9999, ,-9999, ,-9999, , ,-9999,-9999,STUDY1,0
275,2,276,0,2721.46831,450465.1845,276,423,0.2 PCT ANNUAL CHANCE FLOOD HAZARD, ,F,-9999, ,-9999, ,-9999, , ,-9999,-9999,STUDY1,1
276,1,277,0,2721.46831,450465.1845,277,726,X, ,F,-9999, ,-9999, ,-9999, , ,-9999,-9999,STUDY1,3
277,1,278,0,2721.46831,450465.1845,278,726,X, ,F,-9999, ,-9999, ,-9999, , ,-9999,-9999,STUDY1,3
278,1,279,0,2721.46831,450465.1845,279,649,OPEN WATER, ,F,-9999, ,-9999, ,-9999, , ,-9999,-9999,STUDY1,4
279,2,280,0,2544.605713,404335.2107,280,649,OPEN WATER, ,F,-9999, ,-9999, ,-9999, , ,-9999,-9999,STUDY1,4
280,1,281,0,1865.517065,158389.6847,281,649,OPEN WATER, ,F,-9999, ,-9999, ,-9999, , ,-9999,-9999,STUDY1,4
281,3,282,0,2721.46831,450465.1845,282,394,AE, ,T,12,NAVD88,-9999,FEET,-9999, , ,-9999,-9999,STUDY1,0
282,1,283,0,2721.468967,450465.3712,283,489,AE, ,T,11,NAVD88,-9999,FEET,-9999, , ,-9999,-9999,STUDY1,0
283,3,284,0,2721.46831,450465.1845,284,456,0.2 PCT ANNUAL CHANCE FLOOD HAZARD, ,F,-9999, ,-9999, ,-9999, , ,-9999,-9999,STUDY1,1
284,1,285,0,2721.46831,450465.1845,285,726,X, ,F,-9999, ,-9999, ,-9999, , ,-9999,-9999,STUDY1,3
285,7,286,0,2721.46831,450465.1845,286,381,AE, ,T,13,NAVD88,-9999,FEET,-9999, , ,-9999,-9999,STUDY1,0
286,1,287,0,2721.46831,450465.1845,287,726,X, ,F,-9999, ,-9999, ,-9999, , ,-9999,-9999,STUDY1,3
287,2,288,0,2721.46831,450465.1845,288,449,0.2 PCT ANNUAL CHANCE FLOOD HAZARD, ,F,-9999, ,-9999, ,-9999, , ,-9999,-9999,STUDY1,1
288,1,289,0,2721.468967,450465.3712,289,726,X, ,F,-9999, ,-9999, ,-9999, , ,-9999,-9999,STUDY1,3
289,1,290,0,2721.46831,450465.1845,290,726,X, ,F,-9999, ,-9999, ,-9999, , ,-9999,-9999,STUDY1,3
290,1,291,0,2721.468967,450465.3712,291,726,X, ,F,-9999, ,-9999, ,-9999, , ,-9999,-9999,STUDY1,3
291,4,292,0,2721.46831,450465.1845,292,398,X, ,F,-9999, ,-9999, ,-9999, , ,-9999,-9999,STUDY1,3
292,3,293,0,1661.322619,118371.5348,293,274,0.2 PCT ANNUAL CHANCE FLOOD HAZARD, ,F,-9999, ,-9999, ,-9999, , ,-9999,-9999,STUDY1,1
293,1,294,0,2092.905344,174958.8346,294,726,X, ,F,-9999, ,-9999, ,-9999, , ,-9999,-9999,STUDY1,3
294,3,295,0,1181.637404,44903.06851,295,333,AE, ,T,14,NAVD88,-9999,FEET,-9999, , ,-9999,-9999,STUDY1,0
295,1,296,0,2051.606812,72897.74095,296,698,AREA NOT INCLUDED, ,F,-9999, ,-9999, ,-9999, , ,-9999,-9999,STUDY1,0
296,3,297,0,2721.46831,450465.1845,297,340,AE, ,T,11,NAVD88,-9999,FEET,-9999, , ,-9999,-9999,STUDY1,0
297,1,298,0,2721.46831,450465.1845,298,726,X, ,F,-9999, ,-9999, ,-9999, , ,-9999,-9999,STUDY1,3
298,1,299,0,2721.468967,450465.3712,299,726,X, ,F,-9999, ,-9999, ,-9999, , ,-9999,-9999,STUDY1,3
299,4,300,0,2721.46831,450465.1845,300,489,AE, ,T,11,NAVD88,-9999,FEET,-9999, , ,-9999,-9999,STUDY1,0
300,1,301,0,2721.468967,450465.4443,301,698,AREA NOT INCLUDED, ,F,-9999, ,-9999, ,-9999, , ,-9999,-9999,STUDY1,0
301,3,302,0,2721.46831,450465.1845,302,437,0.2 PCT ANNUAL CHANCE FLOOD HAZARD, ,F,-9999, ,-9999, ,-9999, , ,-9999,-9999,STUDY1,1
302,1,303,0,2721.46831,450465.1845,303,698,AREA NOT INCLUDED, ,F,-9999, ,-9999, ,-9999, , ,-9999,-9999,STUDY1,0
303,4,304,0,2721.468967,450465.3712,304,411,0.2 PCT ANNUAL CHANCE FLOOD HAZARD, ,F,-9999, ,-9999, ,-9999, , ,-9999,-9999,STUDY1,1
304,2,305,0,2721.46831,450465.1845,305,381,AE, ,T,13,NAVD88,-9999,FEET,-9999, , ,-9999,-9999,STUDY1,0
305,1,306,0,2721.46831,450465.1845,306,726,X, ,F,-9999, ,-9999, ,-9999, , ,-9999,-9999,STUDY1,3
306,1,307,0,2721.46831,450465.1845,307,726,X, ,F,-9999, ,-9999, ,-9999, , ,-9999,-9999,STUDY1,3
307,2,308,0,1846.557438,100359.7419,308,411,0.2 PCT ANNUAL CHANCE FLOOD HAZARD, ,F,-9999, ,-9999, ,-9999, , ,-9999,-9999,STUDY1,1
308,3,309,0,1635.020778,113266.8768,309,283,0.2 PCT ANNUAL CHANCE FLOOD HAZARD, ,F,-9999, ,-9999, ,-9999, , ,-9999,-9999,STUDY1,1
309,1,310,0,2721.468967,450465.3712,310,726,X, ,F,-9999, ,-9999, ,-9999, , ,-9999,-9999,STUDY1,3
310,1,311,0,2721.46831,450465.1845,311,726,X, ,F,-9999, ,-9999, ,-9999, , ,-9999,-9999,STUDY1,3
311,3,312,0,2721.46831,450465.1845,312,477,0.2 PCT ANNUAL CHANCE FLOOD HAZARD, ,F,-9999, ,-9999, ,-9999, , ,-9999,-9999,STUDY1,1
312,4,313,0,2721.46831,450465.1845,313,307,0.2 PCT ANNUAL CHANCE FLOOD HAZARD, ,F,-9999, ,-9999, ,-9999, , ,-9999,-9999,STUDY1,1
313,1,314,0,2721.46831,450465.1845,314,726,X, ,F,-9999, ,-9999, ,-9999, , ,-9999,-9999,STUDY1,3
314,1,315,0,2721.46831,450465.1845,315,726,X, ,F,-9999, ,-9999, ,-9999, , ,-9999,-9999,STUDY1,3
315,4,316,0,2721.46831,450465.1845,316,370,AE, ,T,12,NAVD88,-9999,FEET,-9999, , ,-9999,-9999,STUDY1,0
316,1,317,0,2721.468967,450465.3712,317,698,AREA NOT INCLUDED, ,F,-9999, ,-9999, ,-9999, , ,-9999,-9999,STUDY1,0
317,1,318,0,842.0907795,30408.71456,318,726,X, ,F,-9999, ,-9999, ,-9999, , ,-9999,-9999,STUDY1,3
318,3,319,0,2721.46831,450465.1845,319,437,0.2 PCT ANNUAL CHANCE FLOOD HAZARD, ,F,-9999, ,-9999, ,-9999, , ,-9999,-9999,STUDY1,1
319,4,320,0,2721.468967,450465.3712,320,304,X, ,F,-9999, ,-9999, ,-9999, , ,-9999,-9999,STUDY1,3
320,1,321,0,2721.46831,450465.1845,321,726,X, ,F,-9999, ,-9999, ,-9999, , ,-9999,-9999,STUDY1,3
321,2,322,0,2721.46831,450465.1845,322,711,0.2 PCT ANNUAL CHANCE FLOOD HAZARD, ,F,-9999, ,-9999, ,-9999, , ,-9999,-9999,STUDY1,1
322,1,323,0,1019.940044,44309.07714,323,698,AREA NOT INCLUDED, ,F,-9999, ,-9999, ,-9999, , ,-9999,-9999,STUDY1,0
323,1,324,0,679.6433028,16264.49912,324,698,AREA NOT INCLUDED, ,F,-9999, ,-9999, ,-9999, , ,-9999,-9999,STUDY1,0
324,1,325,0,2721.46831,450465.1845,325,698,AREA NOT INCLUDED, ,F,-9999, ,-9999, ,-9999, , ,-9999,-9999,STUDY1,0
325,4,326,0,2721.46831,450465.1845,326,442,0.2 PCT ANNUAL CHANCE FLOOD HAZARD, ,F,-9999, ,-9999, ,-9999, , ,-9999,-9999,STUDY1,1
326,1,327,0,2721.468967,450465.3712,327,726,X, ,F,-9999, ,-9999, ,-9999, , ,-9999,-9999,STUDY1,3
327,2,328,0,2173.707393,246042.9067,328,649,OPEN WATER, ,F,-9999, ,-9999, ,-9999, , ,-9999,-9999,STUDY1,4
328,1,329,0,2130.81297,212445.6633,329,726,X, ,F,-9999, ,-9999, ,-9999, , ,-9999,-9999,STUDY1,3
329,1,330,0,946.8146245,10952.7356,330,489,AE, ,T,11,NAVD88,-9999,FEET,-9999, , ,-9999,-9999,STUDY1,0
330,5,331,0,2721.468967,450465.3712,331,299,X, ,F,-9999, ,-9999, ,-9999, , ,-9999,-9999,STUDY1,3
331,1,332,0,2721.46831,450465.1845,332,726,X, ,F,-9999, ,-9999, ,-9999, , ,-9999,-9999,STUDY1,3
332,1,333,0,2721.46831,450465.1845,333,726,X, ,F,-9999, ,-9999, ,-9999, , ,-9999,-9999,STUDY1,3
333,1,334,0,2721.46831,450465.1845,334,726,X, ,F,-9999, ,-9999, ,-9999, , ,-9999,-9999,STUDY1,3
334,7,335,0,2721.46831,450465.1845,335,283,0.2 PCT ANNUAL CHANCE FLOOD HAZARD, ,F,-9999, ,-9999, ,-9999, , ,-9999,-9999,STUDY1,1
335,2,336,0,2721.46831,450465.1845,336,423,0.2 PCT ANNUAL CHANCE FLOOD HAZARD, ,F,-9999, ,-9999, ,-9999, , ,-9999,-9999,STUDY1,1
336,1,337,0,2721.46831,450465.1845,337,726,X, ,F,-9999, ,-9999, ,-9999, , ,-9999,-9999,STUDY1,3
337,1,338,0,1947.988207,131906.7983,338,649,OPEN WATER, ,F,-9999, ,-9999, ,-9999, , ,-9999,-9999,STUDY1,4
338,6,339,0,2721.46831,450465.1845,339,456,0.2 PCT ANNUAL CHANCE FLOOD HAZARD, ,F,-9999, ,-9999, ,-9999, , ,-9999,-9999,STUDY1,1
339,1,340,0,2475.331289,355488.0766,340,726,X, ,F,-9999, ,-9999, ,-9999, , ,-9999,-9999,STUDY1,3
340,3,341,0,2723.387334,450452.2809,341,699,VE, ,T,14,NAVD88,-9999,FEET,-9999, , ,-9999,-9999,STUDY1,5
341,1,342,0,2721.468967,450465.3712,342,726,X, ,F,-9999, ,-9999, ,-9999, , ,-9999,-9999,STUDY1,3
342,1,343,0,2721.46831,450465.1845,343,726,X, ,F,-9999, ,-9999, ,-9999, , ,-9999,-9999,STUDY1,3
343,3,344,0,2721.46831,450465.1845,344,344,X, ,F,-9999, ,-9999, ,-9999, , ,-9999,-9999,STUDY1,3
344,1,345,0,2721.46831,450465.1845,345,726,X, ,F,-9999, ,-9999, ,-9999, , ,-9999,-9999,STUDY1,3
345,1,346,0,2721.468967,450465.4443,346,698,AREA NOT INCLUDED, ,F,-9999, ,-9999, ,-9999, , ,-9999,-9999,STUDY1,0
346,2,347,0,1665.247866,120725.4317,347,649,OPEN WATER, ,F,-9999, ,-9999, ,-9999, , ,-9999,-9999,STUDY1,4
347,4,348,0,2594.829637,419482.1119,348,421,X, ,F,-9999, ,-9999, ,-9999, , ,-9999,-9999,STUDY1,3
348,1,349,0,2721.46831,450465.1845,349,726,X, ,F,-9999, ,-9999, ,-9999, , ,-9999,-9999,STUDY1,3
349,3,350,0,2765.423259,218103.0916,350,699,VE, ,T,14,NAVD88,-9999,FEET,-9999, , ,-9999,-9999,STUDY1,5
350,1,351,0,220.1546935,1922.217347,351,726,X, ,F,-9999, ,-9999, ,-9999, , ,-9999,-9999,STUDY1,3
351,1,352,0,1263.435654,63218.62247,352,698,AREA NOT INCLUDED, ,F,-9999, ,-9999, ,-9999, , ,-9999,-9999,STUDY1,0
352,1,353,0,2721.46831,450465.1845,353,489,AE, ,T,11,NAVD88,-9999,FEET,-9999, , ,-9999,-9999,STUDY1,0
353,1,354,0,2721.46831,450465.1845,354,726,X, ,F,-9999, ,-9999, ,-9999, , ,-9999,-9999,STUDY1,3
354,1,355,0,2721.468967,450465.3712,355,726,X, ,F,-9999, ,-9999, ,-9999, , ,-9999,-9999,STUDY1,3
355,1,356,0,2721.46831,450465.1845,356,726,X, ,F,-9999, ,-9999, ,-9999, , ,-9999,-9999,STUDY1,3
356,1,357,0,2528.276376,396059.1478,357,726,X, ,F,-9999, ,-9999, ,-9999, , ,-9999,-9999,STUDY1,3
357,4,358,0,2721.46831,450465.1845,358,428,X, ,F,-9999, ,-9999, ,-9999, , ,-9999,-9999,STUDY1,3
358,1,359,0,2721.468967,450465.3712,359,649,OPEN WATER, ,F,-9999, ,-9999, ,-9999, , ,-9999,-9999,STUDY1,4
359,3,360,0,2721.46831,450465.1845,360,391,0.2 PCT ANNUAL CHANCE FLOOD HAZARD, ,F,-9999, ,-9999, ,-9999, , ,-9999,-9999,STUDY1,1
360,4,361,0,2721.468967,450465.3712,361,477,0.2 PCT ANNUAL CHANCE FLOOD HAZARD, ,F,-9999, ,-9999, ,-9999, , ,-9999,-9999,STUDY1,1
361,2,362,0,2721.46831,450465.1845,362,425,X, ,F,-9999, ,-9999, ,-9999, , ,-9999,-9999,STUDY1,3
362,2,363,0,2721.46831,450465.1845,363,387,0.2 PCT ANNUAL CHANCE FLOOD HAZARD, ,F,-9999, ,-9999, ,-9999, , ,-9999,-9999,STUDY1,1
363,1,364,0,2721.46831,450465.1845,364,726,X, ,F,-9999, ,-9999, ,-9999, , ,-9999,-9999,STUDY1,3
364,1,365,0,418.85163,7137.069967,365,542,AE, ,T,10,NAVD88,-9999,FEET,-9999, , ,-9999,-9999,STUDY1,0
365,1,366,0,2721.46831,450465.1845,366,726,X, ,F,-9999, ,-9999, ,-9999, , ,-9999,-9999,STUDY1,3
366,2,367,0,2721.46831,450465.1845,367,331,0.2 PCT ANNUAL CHANCE FLOOD HAZARD, ,F,-9999, ,-9999, ,-9999, , ,-9999,-9999,STUDY1,1
367,2,368,0,2721.468967,450465.3712,368,359,0.2 PCT ANNUAL CHANCE FLOOD HAZARD, ,F,-9999, ,-9999, ,-9999, , ,-9999,-9999,STUDY1,1
368,1,369,0,2721.468967,450465.3712,369,698,AREA NOT INCLUDED, ,F,-9999, ,-9999, ,-9999, , ,-9999,-9999,STUDY1,0
369,4,370,0,2643.013197,441388.0174,370,358,AE, ,T,12,NAVD88,-9999,FEET,-9999, , ,-9999,-9999,STUDY1,0
370,1,371,0,2721.46831,450465.1845,371,726,X, ,F,-9999, ,-9999, ,-9999, , ,-9999,-9999,STUDY1,3
371,1,372,0,2721.46831,450465.1845,372,489,AE, ,T,11,NAVD88,-9999,FEET,-9999, , ,-9999,-9999,STUDY1,0
372,1,373,0,2656.270468,438227.4291,373,726,X, ,F,-9999, ,-9999, ,-9999, , ,-9999,-9999,STUDY1,3
373,4,374,0,2677.88856,446473.8899,374,333,AE, ,T,14,NAVD88,-9999,FEET,-9999, , ,-9999,-9999,STUDY1,0
374,4,375,0,2721.46831,450465.1845,375,421,X, ,F,-9999, ,-9999, ,-9999, , ,-9999,-9999,STUDY1,3
375,1,376,0,2721.46831,450465.1845,376,698,AREA NOT INCLUDED, ,F,-9999, ,-9999, ,-9999, , ,-9999,-9999,STUDY1,0
376,1,377,0,2721.46831,450465.1845,377,726,X, ,F,-9999, ,-9999, ,-9999, , ,-9999,-9999,STUDY1,3
377,1,378,0,2721.46831,450465.1845,378,726,X, ,F,-9999, ,-9999, ,-9999, , ,-9999,-9999,STUDY1,3
378,1,379,0,2721.46831,450465.1845,379,726,X, ,F,-9999, ,-9999, ,-9999, , ,-9999,-9999,STUDY1,3
379,5,380,0,2721.46831,450465.1845,380,340,AE, ,T,11,NAVD88,-9999,FEET,-9999, , ,-9999,-9999,STUDY1,0
380,2,381,0,2650.443815,442789.0099,381,326,X, ,F,-9999, ,-9999, ,-9999, , ,-9999,-9999,STUDY1,3
381,1,382,0,2721.46831,450465.1845,382,726,X, ,F,-9999, ,-9999, ,-9999, , ,-9999,-9999,STUDY1,3
382,3,383,0,2721.46831,450465.1845,383,350,X, ,F,-9999, ,-9999, ,-9999, , ,-9999,-9999,STUDY1,3
383,1,384,0,2721.468967,450465.3712,384,698,AREA NOT INCLUDED, ,F,-9999, ,-9999, ,-9999, , ,-9999,-9999,STUDY1,0
384,1,385,0,2721.46831,450465.1845,385,726,X, ,F,-9999, ,-9999, ,-9999, , ,-9999,-9999,STUDY1,3
385,1,386,0,2721.469623,450465.631,386,726,X, ,F,-9999, ,-9999, ,-9999, , ,-9999,-9999,STUDY1,3
386,1,387,0,2721.46831,450465.1845,387,726,X, ,F,-9999, ,-9999, ,-9999, , ,-9999,-9999,STUDY1,3
387,5,388,0,2721.46831,450465.1845,388,504,0.2 PCT ANNUAL CHANCE FLOOD HAZARD, ,F,-9999, ,-9999, ,-9999, , ,-9999,-9999,STUDY1,1
388,1,389,0,2721.46831,450465.1845,389,726,X, ,F,-9999, ,-9999, ,-9999, , ,-9999,-9999,STUDY1,3
389,2,390,0,2721.46831,450465.1845,390,545,0.2 PCT ANNUAL CHANCE FLOOD HAZARD, ,F,-9999, ,-9999, ,-9999, , ,-9999,-9999,STUDY1,1
390,1,391,0,2721.46831,450465.1845,391,726,X, ,F,-9999, ,-9999, ,-9999, , ,-9999,-9999,STUDY1,3
391,1,392,0,2721.46831,450465.1845,392,726,X, ,F,-9999, ,-9999, ,-9999, , ,-9999,-9999,STUDY1,3
392,2,393,0,2721.468967,450465.3712,393,690,AE, ,T,10,NAVD88,-9999,FEET,-9999, , ,-9999,-9999,STUDY1,0
393,1,394,0,2023.773397,149959.9203,394,690,AE, ,T,10,NAVD88,-9999,FEET,-9999, , ,-9999,-9999,STUDY1,0
394,1,395,0,2721.468967,450465.3712,395,726,X, ,F,-9999, ,-9999, ,-9999, , ,-9999,-9999,STUDY1,3
395,1,396,0,2685.077474,440349.4936,396,698,AREA NOT INCLUDED, ,F,-9999, ,-9999, ,-9999, , ,-9999,-9999,STUDY1,0
396,3,397,0,2721.46831,450465.1845,397,285,AE, ,T,12,NAVD88,-9999,FEET,-9999, , ,-9999,-9999,STUDY1,0
397,1,398,0,2721.46831,450465.1845,398,726,X, ,F,-9999, ,-9999, ,-9999, , ,-9999,-9999,STUDY1,3
398,2,399,0,2721.468967,450465.3712,399,698,AREA NOT INCLUDED, ,F,-9999, ,-9999, ,-9999, , ,-9999,-9999,STUDY1,0
399,4,400,0,2721.46831,450465.1845,400,464,AE, ,T,12,NAVD88,-9999,FEET,-9999, , ,-9999,-9999,STUDY1,0
400,1,401,0,2721.46831,450465.1845,401,726,X, ,F,-9999, ,-9999, ,-9999, , ,-9999,-9999,STUDY1,3
401,3,402,0,2721.46831,450465.1845,402,330,0.2 PCT ANNUAL CHANCE FLOOD HAZARD, ,F,-9999, ,-9999, ,-9999, , ,-9999,-9999,STUDY1,1
402,1,403,0,2721.46831,450465.1845,403,726,X, ,F,-9999, ,-9999, ,-9999, , ,-9999,-9999,STUDY1,3
403,1,404,0,2721.46831,450465.1845,404,698,AREA NOT INCLUDED, ,F,-9999, ,-9999, ,-9999, , ,-9999,-9999,STUDY1,0
404,1,405,0,2721.46831,450465.1845,405,649,OPEN WATER, ,F,-9999, ,-9999, ,-9999, , ,-9999,-9999,STUDY1,4
405,1,406,0,671.9858334,16483.08484,406,726,X, ,F,-9999, ,-9999, ,-9999, , ,-9999,-9999,STUDY1,3
406,1,407,0,2721.46831,450465.1845,407,726,X, ,F,-9999, ,-9999, ,-9999, , ,-9999,-9999,STUDY1,3
407,1,408,0,2528.856595,420402.0578,408,698,AREA NOT INCLUDED, ,F,-9999, ,-9999, ,-9999, , ,-9999,-9999,STUDY1,0
408,5,409,0,2662.931928,368903.7233,409,488,X, ,F,-9999, ,-9999, ,-9999, , ,-9999,-9999,STUDY1,3
409,2,410,0,2721.46831,450465.1845,410,649,OPEN WATER, ,F,-9999, ,-9999, ,-9999, , ,-9999,-9999,STUDY1,4
410,2,411,0,2453.975617,356508.767,411,496,X, ,F,-9999, ,-9999, ,-9999, , ,-9999,-9999,STUDY1,3
411,1,412,0,2721.46831,450465.1845,412,698,AREA NOT INCLUDED, ,F,-9999, ,-9999, ,-9999, , ,-9999,-9999,STUDY1,0
412,1,413,0,2721.46831,450465.1845,413,726,X, ,F,-9999, ,-9999, ,-9999, , ,-9999,-9999,STUDY1,3
413,1,414,0,2721.468967,450465.3712,414,726,X, ,F,-9999, ,-9999, ,-9999, , ,-9999,-9999,STUDY1,3
414,5,415,0,2721.46831,450465.1845,415,359,0.2 PCT ANNUAL CHANCE FLOOD HAZARD, ,F,-9999, ,-9999, ,-9999, , ,-9999,-9999,STUDY1,1
415,4,416,0,2721.46831,450465.1845,416,424,AE, ,T,12,NAVD88,-9999,FEET,-9999, , ,-9999,-9999,STUDY1,0
416,1,417,0,2721.46831,450465.1845,417,726,X, ,F,-9999, ,-9999, ,-9999, , ,-9999,-9999,STUDY1,3
417,2,418,0,810.3636708,23452.5498,418,376,VE, ,T,13,NAVD88,-9999,FEET,-9999, , ,-9999,-9999,STUDY1,5
418,1,419,0,2721.46831,450465.1845,419,726,X, ,F,-9999, ,-9999, ,-9999, , ,-9999,-9999,STUDY1,3
419,2,420,0,2721.46831,450465.1845,420,387,0.2 PCT ANNUAL CHANCE FLOOD HAZARD, ,F,-9999, ,-9999, ,-9999, , ,-9999,-9999,STUDY1,1
420,1,421,0,2721.46831,450465.1845,421,726,X, ,F,-9999, ,-9999, ,-9999, , ,-9999,-9999,STUDY1,3
421,2,422,0,2721.46831,450465.1845,422,489,AE, ,T,11,NAVD88,-9999,FEET,-9999, , ,-9999,-9999,STUDY1,0
422,3,423,0,2718.009572,450441.3678,423,496,X, ,F,-9999, ,-9999, ,-9999, , ,-9999,-9999,STUDY1,3
423,4,424,0,3047.210314,256358.8469,424,333,AE, ,T,14,NAVD88,-9999,FEET,-9999, , ,-9999,-9999,STUDY1,0
424,4,425,0,2721.46831,450465.1845,425,392,0.2 PCT ANNUAL CHANCE FLOOD HAZARD, ,F,-9999, ,-9999, ,-9999, , ,-9999,-9999,STUDY1,1
425,1,426,0,2520.680159,364235.5729,426,698,AREA NOT INCLUDED, ,F,-9999, ,-9999, ,-9999, , ,-9999,-9999,STUDY1,0
426,1,427,0,2721.46831,450465.1845,427,726,X, ,F,-9999, ,-9999, ,-9999, , ,-9999,-9999,STUDY1,3
427,3,428,0,2721.468967,450465.3712,428,409,0.2 PCT ANNUAL CHANCE FLOOD HAZARD, ,F,-9999, ,-9999, ,-9999, , ,-9999,-9999,STUDY1,1
428,4,429,0,2721.46831,450465.1845,429,285,AE, ,T,12,NAVD88,-9999,FEET,-9999, , ,-9999,-9999,STUDY1,0
429,4,430,0,2721.46831,450465.1845,430,424,AE, ,T,12,NAVD88,-9999,FEET,-9999, , ,-9999,-9999,STUDY1,0
430,1,431,0,2721.46831,450465.1845,431,726,X, ,F,-9999, ,-9999, ,-9999, , ,-9999,-9999,STUDY1,3
431,1,432,0,2721.46831,450465.1845,432,726,X, ,F,-9999, ,-9999, ,-9999, , ,-9999,-9999,STUDY1,3
432,1,433,0,2721.46831,450465.1845,433,726,X, ,F,-9999, ,-9999, ,-9999, , ,-9999,-9999,STUDY1,3
433,1,434,0,2721.468967,450465.3712,434,726,X, ,F,-9999, ,-9999, ,-9999, , ,-9999,-9999,STUDY1,3
434,1,435,0,2721.469623,450465.631,435,726,X, ,F,-9999, ,-9999, ,-9999, , ,-9999,-9999,STUDY1,3
435,2,436,0,1828.471921,184952.0037,436,567,AE, ,T,11,NAVD88,-9999,FEET,-9999, , ,-9999,-9999,STUDY1,0
436,2,437,0,2324.415608,252558.6133,437,340,AE, ,T,11,NAVD88,-9999,FEET,-9999, , ,-9999,-9999,STUDY1,0
437,1,438,0,2721.468967,450465.3712,438,698,AREA NOT INCLUDED, ,F,-9999, ,-9999, ,-9999, , ,-9999,-9999,STUDY1,0
438,4,439,0,2721.468967,450465.4443,439,304,X, ,F,-9999, ,-9999, ,-9999, , ,-9999,-9999,STUDY1,3
439,3,440,0,2721.46831,450465.1845,440,408,0.2 PCT ANNUAL CHANCE FLOOD HAZARD, ,F,-9999, ,-9999, ,-9999, , ,-9999,-9999,STUDY1,1
440,1,441,0,1271.777272,45496.00739,441,726,X, ,F,-9999, ,-9999, ,-9999, , ,-9999,-9999,STUDY1,3
441,1,442,0,2721.46831,450465.1845,442,726,X, ,F,-9999, ,-9999, ,-9999, , ,-9999,-9999,STUDY1,3
442,1,443,0,2721.46831,450465.1845,443,726,X, ,F,-9999, ,-9999, ,-9999, , ,-9999,-9999,STUDY1,3
443,3,444,0,632.1025338,16680.71,444,290,0.2 PCT ANNUAL CHANCE FLOOD HAZARD, ,F,-9999, ,-9999, ,-9999, , ,-9999,-9999,STUDY1,1
444,1,445,0,2259.155088,264403.2178,445,726,X, ,F,-9999, ,-9999, ,-9999, , ,-9999,-9999,STUDY1,3
445,1,446,0,2721.46831,450465.1845,446,726,X, ,F,-9999, ,-9999, ,-9999, , ,-9999,-9999,STUDY1,3
446,5,447,0,2721.468967,450465.4443,447,303,0.2 PCT ANNUAL CHANCE FLOOD HAZARD, ,F,-9999, ,-9999, ,-9999, , ,-9999,-9999,STUDY1,1
447,6,448,0,2721.46831,450465.1845,448,304,X, ,F,-9999, ,-9999, ,-9999, , ,-9999,-9999,STUDY1,3
448,1,449,0,2721.468967,450465.3712,449,726,X, ,F,-9999, ,-9999, ,-9999, , ,-9999,-9999,STUDY1,3
449,1,450,0,2721.46831,450465.1845,450,726,X, ,F,-9999, ,-9999, ,-9999, , ,-9999,-9999,STUDY1,3
450,2,451,0,2378.526787,310259.876,451,364,X, ,F,-9999, ,-9999, ,-9999, , ,-9999,-9999,STUDY1,3
451,2,452,0,2721.46831,450465.1845,452,489,AE, ,T,11,NAVD88,-9999,FEET,-9999, , ,-9999,-9999,STUDY1,0
452,3,453,0,2721.46831,450465.1845,453,357,X, ,F,-9999, ,-9999, ,-9999, , ,-9999,-9999,STUDY1,3
453,1,454,0,2721.468967,450465.4443,454,698,AREA NOT INCLUDED, ,F,-9999, ,-9999, ,-9999, , ,-9999,-9999,STUDY1,0
454,3,455,0,2721.46831,450465.1845,455,489,AE, ,T,11,NAVD88,-9999,FEET,-9999, , ,-9999,-9999,STUDY1,0
455,3,456,0,2721.468967,450465.3712,456,344,X, ,F,-9999, ,-9999, ,-9999, , ,-9999,-9999,STUDY1,3
456,1,457,0,2721.46831,450465.1845,457,726,X, ,F,-9999, ,-9999, ,-9999, , ,-9999,-9999,STUDY1,3
457,1,458,0,2721.46831,450465.1845,458,726,X, ,F,-9999, ,-9999, ,-9999, , ,-9999,-9999,STUDY1,3
458,1,459,0,2721.46831,450465.1845,459,726,X, ,F,-9999, ,-9999, ,-9999, , ,-9999,-9999,STUDY1,3
459,4,460,0,2721.468967,450465.3712,460,347,0.2 PCT ANNUAL CHANCE FLOOD HAZARD, ,F,-9999, ,-9999, ,-9999, , ,-9999,-9999,STUDY1,1
460,2,461,0,2721.468967,450465.4443,461,344,X, ,F,-9999, ,-9999, ,-9999, , ,-9999,-9999,STUDY1,3
461,4,462,0,2721.46831,450465.1845,462,383,0.2 PCT ANNUAL CHANCE FLOOD HAZARD, ,F,-9999, ,-9999, ,-9999, , ,-9999,-9999,STUDY1,1
462,1,463,0,2369.532482,250385.6006,463,726,X, ,F,-9999, ,-9999, ,-9999, , ,-9999,-9999,STUDY1,3
463,5,464,0,2721.46831,450465.1845,464,456,0.2 PCT ANNUAL CHANCE FLOOD HAZARD, ,F,-9999, ,-9999, ,-9999, , ,-9999,-9999,STUDY1,1
464,1,465,0,2721.46831,450465.1845,465,726,X, ,F,-9999, ,-9999, ,-9999, , ,-9999,-9999,STUDY1,3
465,4,466,0,2721.46831,450465.1845,466,438,X, ,F,-9999, ,-9999, ,-9999, , ,-9999,-9999,STUDY1,3
466,1,467,0,2721.46831,450465.1845,467,726,X, ,F,-9999, ,-9999, ,-9999, , ,-9999,-9999,STUDY1,3
467,1,468,0,2721.46831,450465.1845,468,726,X, ,F,-9999, ,-9999, ,-9999, , ,-9999,-9999,STUDY1,3
468,4,469,0,2721.46831,450465.1845,469,315,0.2 PCT ANNUAL CHANCE FLOOD HAZARD, ,F,-9999, ,-9999, ,-9999, , ,-9999,-9999,STUDY1,1
469,4,470,0,2721.46831,450465.1845,470,340,AE, ,T,11,NAVD88,-9999,FEET,-9999, , ,-9999,-9999,STUDY1,0
470,1,471,0,738.3657148,23105.78618,471,649,OPEN WATER, ,F,-9999, ,-9999, ,-9999, , ,-9999,-9999,STUDY1,4
471,1,472,0,2721.46831,450465.1845,472,726,X, ,F,-9999, ,-9999, ,-9999, , ,-9999,-9999,STUDY1,3
472,2,473,0,2721.468967,450465.3712,473,358,AE, ,T,12,NAVD88,-9999,FEET,-9999, , ,-9999,-9999,STUDY1,0
473,2,474,0,2721.46831,450465.1845,474,649,OPEN WATER, ,F,-9999, ,-9999, ,-9999, , ,-9999,-9999,STUDY1,4
474,1,475,0,2424.315249,346922.666,475,726,X, ,F,-9999, ,-9999, ,-9999, , ,-9999,-9999,STUDY1,3
475,1,476,0,2576.048845,391452.0408,476,726,X, ,F,-9999, ,-9999, ,-9999, , ,-9999,-9999,STUDY1,3
476,1,477,0,2721.46831,450465.1845,477,726,X, ,F,-9999, ,-9999, ,-9999, , ,-9999,-9999,STUDY1,3
477,1,478,0,2721.46831,450465.1845,478,726,X, ,F,-9999, ,-9999, ,-9999, , ,-9999,-9999,STUDY1,3
478,1,479,0,2721.46831,450465.1845,479,726,X, ,F,-9999, ,-9999, ,-9999, , ,-9999,-9999,STUDY1,3
479,1,480,0,1542.487287,102030.454,480,726,X, ,F,-9999, ,-9999, ,-9999, , ,-9999,-9999,STUDY1,3
480,1,481,0,2721.46831,450465.1845,481,726,X, ,F,-9999, ,-9999, ,-9999, , ,-9999,-9999,STUDY1,3
481,2,482,0,2721.468967,450465.3712,482,504,0.2 PCT ANNUAL CHANCE FLOOD HAZARD, ,F,-9999, ,-9999, ,-9999, , ,-9999,-9999,STUDY1,1
482,2,483,0,2721.468967,450465.3712,483,344,X, ,F,-9999, ,-9999, ,-9999, , ,-9999,-9999,STUDY1,3
483,3,484,0,2721.468967,450465.3712,484,347,0.2 PCT ANNUAL CHANCE FLOOD HAZARD, ,F,-9999, ,-9999, ,-9999, , ,-9999,-9999,STUDY1,1
484,1,485,0,2721.46831,450465.1845,485,726,X, ,F,-9999, ,-9999, ,-9999, , ,-9999,-9999,STUDY1,3
485,5,486,0,2721.468967,450465.3712,486,480,0.2 PCT ANNUAL CHANCE FLOOD HAZARD, ,F,-9999, ,-9999, ,-9999, , ,-9999,-9999,STUDY1,1
486,2,487,0,2721.46831,450465.1845,487,489,AE, ,T,11,NAVD88,-9999,FEET,-9999, , ,-9999,-9999,STUDY1,0
487,1,488,0,2573.245757,408684.8144,488,489,AE, ,T,11,NAVD88,-9999,FEET,-9999, , ,-9999,-9999,STUDY1,0
488,1,489,0,2721.46831,450465.1845,489,726,X, ,F,-9999, ,-9999, ,-9999, , ,-9999,-9999,STUDY1,3
489,1,490,0,2721.46831,450465.1845,490,726,X, ,F,-9999, ,-9999, ,-9999, , ,-9999,-9999,STUDY1,3
490,4,491,0,2721.46831,450465.1845,491,359,0.2 PCT ANNUAL CHANCE FLOOD HAZARD, ,F,-9999, ,-9999, ,-9999, , ,-9999,-9999,STUDY1,1
491,1,492,0,2721.469623,450465.631,492,698,AREA NOT INCLUDED, ,F,-9999, ,-9999, ,-9999, , ,-9999,-9999,STUDY1,0
492,5,493,0,2721.46831,450465.1845,493,428,X, ,F,-9999, ,-9999, ,-9999, , ,-9999,-9999,STUDY1,3
493,7,494,0,2721.46831,450465.1845,494,321,0.2 PCT ANNUAL CHANCE FLOOD HAZARD, ,F,-9999, ,-9999, ,-9999, , ,-9999,-9999,STUDY1,1
494,2,495,0,2721.468967,450465.3712,495,424,AE, ,T,12,NAVD88,-9999,FEET,-9999, , ,-9999,-9999,STUDY1,0
495,1,496,0,2721.468967,450465.3712,496,726,X, ,F,-9999, ,-9999, ,-9999, , ,-9999,-9999,STUDY1,3
496,1,497,0,2721.46831,450465.1845,497,726,X, ,F,-9999, ,-9999, ,-9999, , ,-9999,-9999,STUDY1,3
497,3,498,0,2721.468967,450465.3712,498,338,VE, ,T,15,NAVD88,-9999,FEET,-9999, , ,-9999,-9999,STUDY1,5
498,2,499,0,2721.46831,450465.1845,499,434,X, ,F,-9999, ,-9999, ,-9999, , ,-9999,-9999,STUDY1,3
499,2,500,0,2721.468967,450465.3712,500,359,0.2 PCT ANNUAL CHANCE FLOOD HAZARD, ,F,-9999, ,-9999, ,-9999, , ,-9999,-9999,STUDY1,1
500,1,501,0,2721.46831,450465.1845,501,726,X, ,F,-9999, ,-9999, ,-9999, , ,-9999,-9999,STUDY1,3
501,1,502,0,2393.315658,341354.0032,502,726,X, ,F,-9999, ,-9999, ,-9999, , ,-9999,-9999,STUDY1,3
502,1,503,0,2721.46831,450465.1845,503,726,X, ,F,-9999, ,-9999, ,-9999, , ,-9999,-9999,STUDY1,3
503,6,504,0,2721.46831,450465.1845,504,545,0.2 PCT ANNUAL CHANCE FLOOD HAZARD, ,F,-9999, ,-9999, ,-9999, , ,-9999,-9999,STUDY1,1
504,1,505,0,935.4666655,26458.32153,505,649,OPEN WATER, ,F,-9999, ,-9999, ,-9999, , ,-9999,-9999,STUDY1,4
505,2,506,0,2721.46831,450465.1845,506,330,0.2 PCT ANNUAL CHANCE FLOOD HAZARD, ,F,-9999, ,-9999, ,-9999, , ,-9999,-9999,STUDY1,1
506,5,507,0,2721.469623,450465.631,507,299,X, ,F,-9999, ,-9999, ,-9999, , ,-9999,-9999,STUDY1,3
507,1,508,0,2721.46831,450465.1845,508,698,AREA NOT INCLUDED, ,F,-9999, ,-9999, ,-9999, , ,-9999,-9999,STUDY1,0
508,1,509,0,2721.46831,450465.1845,509,726,X, ,F,-9999, ,-9999, ,-9999, , ,-9999,-9999,STUDY1,3
509,1,510,0,2721.46831,450465.1845,510,726,X, ,F,-9999, ,-9999, ,-9999, , ,-9999,-9999,STUDY1,3
510,1,511,0,2721.46831,450465.1845,511,726,X, ,F,-9999, ,-9999, ,-9999, , ,-9999,-9999,STUDY1,3
511,1,512,0,2721.46831,450465.1845,512,726,X, ,F,-9999, ,-9999, ,-9999, , ,-9999,-9999,STUDY1,3
512,5,513,0,2721.46831,450465.1845,513,351,AE, ,T,11,NAVD88,-9999,FEET,-9999, , ,-9999,-9999,STUDY1,0
513,2,514,0,2721.46831,450465.1845,514,489,AE, ,T,11,NAVD88,-9999,FEET,-9999, , ,-9999,-9999,STUDY1,0
514,1,515,0,1986.781938,109213.9187,515,726,X, ,F,-9999, ,-9999, ,-9999, , ,-9999,-9999,STUDY1,3
515,1,516,0,2721.46831,450465.1845,516,726,X, ,F,-9999, ,-9999, ,-9999, , ,-9999,-9999,STUDY1,3
516,1,517,0,2721.46831,450465.1845,517,726,X, ,F,-9999, ,-9999, ,-9999, , ,-9999,-9999,STUDY1,3
517,4,518,0,2721.46831,450465.1845,518,350,X, ,F,-9999, ,-9999, ,-9999, , ,-9999,-9999,STUDY1,3
518,4,519,0,2721.46831,450465.1845,519,554,0.2 PCT ANNUAL CHANCE FLOOD HAZARD, ,F,-9999, ,-9999, ,-9999, , ,-9999,-9999,STUDY1,1
519,1,520,0,2721.46831,450465.1845,520,726,X, ,F,-9999, ,-9999, ,-9999, , ,-9999,-9999,STUDY1,3
520,5,521,0,2721.46831,450465.1845,521,492,0.2 PCT ANNUAL CHANCE FLOOD HAZARD, ,F,-9999, ,-9999, ,-9999, , ,-9999,-9999,STUDY1,1
521,1,522,0,2721.46831,450465.1845,522,726,X, ,F,-9999, ,-9999, ,-9999, , ,-9999,-9999,STUDY1,3
522,2,523,0,2721.468967,450465.3712,523,423,0.2 PCT ANNUAL CHANCE FLOOD HAZARD, ,F,-9999, ,-9999, ,-9999, , ,-9999,-9999,STUDY1,1
523,2,524,0,2721.46831,450465.1845,524,437,0.2 PCT ANNUAL CHANCE FLOOD HAZARD, ,F,-9999, ,-9999, ,-9999, , ,-9999,-9999,STUDY1,1
524,1,525,0,2721.468967,450465.4443,525,726,X, ,F,-9999, ,-9999, ,-9999, , ,-9999,-9999,STUDY1,3
525,8,526,0,2721.468967,450465.3712,526,341,AE, ,T,10,NAVD88,-9999,FEET,-9999, , ,-9999,-9999,STUDY1,0
526,3,527,0,2721.46831,450465.1845,527,447,AE, ,T,12,NAVD88,-9999,FEET,-9999, , ,-9999,-9999,STUDY1,0
527,5,528,0,2721.468967,450465.3712,528,356,X, ,F,-9999, ,-9999, ,-9999, , ,-9999,-9999,STUDY1,3
528,1,529,0,2721.468967,450465.4443,529,726,X, ,F,-9999, ,-9999, ,-9999, , ,-9999,-9999,STUDY1,3
529,1,530,0,2721.46831,450465.1845,530,726,X, ,F,-9999, ,-9999, ,-9999, , ,-9999,-9999,STUDY1,3
530,2,531,0,2721.468967,450465.3712,531,649,OPEN WATER, ,F,-9999, ,-9999, ,-9999, , ,-9999,-9999,STUDY1,4
531,1,532,0,2721.46831,450465.1845,532,726,X, ,F,-9999, ,-9999, ,-9999, , ,-9999,-9999,STUDY1,3
532,3,533,0,2721.46831,450465.1845,533,369,0.2 PCT ANNUAL CHANCE FLOOD HAZARD, ,F,-9999, ,-9999, ,-9999, , ,-9999,-9999,STUDY1,1
533,1,534,0,2721.46831,450465.1845,534,690,AE, ,T,10,NAVD88,-9999,FEET,-9999, , ,-9999,-9999,STUDY1,0
534,3,535,0,2721.46831,450465.1845,535,401,X, ,F,-9999, ,-9999, ,-9999, , ,-9999,-9999,STUDY1,3
535,4,536,0,2721.468967,450465.3712,536,296,0.2 PCT ANNUAL CHANCE FLOOD HAZARD, ,F,-9999, ,-9999, ,-9999, , ,-9999,-9999,STUDY1,1
536,1,537,0,2721.46831,450465.1845,537,726,X, ,F,-9999, ,-9999, ,-9999, , ,-9999,-9999,STUDY1,3
537,1,538,0,2721.46831,450465.1845,538,726,X, ,F,-9999, ,-9999, ,-9999, , ,-9999,-9999,STUDY1,3
538,1,539,0,2721.46831,450465.1845,539,726,X, ,F,-9999, ,-9999, ,-9999, , ,-9999,-9999,STUDY1,3
539,2,540,0,2721.46831,450465.1845,540,692,X, ,F,-9999, ,-9999, ,-9999, , ,-9999,-9999,STUDY1,3
540,4,541,0,2382.012839,313488.8557,541,430,0.2 PCT ANNUAL CHANCE FLOOD HAZARD, ,F,-9999, ,-9999, ,-9999, , ,-9999,-9999,STUDY1,1
541,4,542,0,2721.46831,450465.1845,542,502,0.2 PCT ANNUAL CHANCE FLOOD HAZARD, ,F,-9999, ,-9999, ,-9999, , ,-9999,-9999,STUDY1,1
542,1,543,0,2721.46831,450465.1845,543,726,X, ,F,-9999, ,-9999, ,-9999, , ,-9999,-9999,STUDY1,3
543,1,544,0,2721.46831,450465.1845,544,726,X, ,F,-9999, ,-9999, ,-9999, , ,-9999,-9999,STUDY1,3
544,1,545,0,2721.46831,450465.1845,545,726,X, ,F,-9999, ,-9999, ,-9999, , ,-9999,-9999,STUDY1,3
545,1,546,0,2721.46831,450465.1845,546,726,X, ,F,-9999, ,-9999, ,-9999, , ,-9999,-9999,STUDY1,3
546,3,547,0,2721.46831,450465.1845,547,442,0.2 PCT ANNUAL CHANCE FLOOD HAZARD, ,F,-9999, ,-9999, ,-9999, , ,-9999,-9999,STUDY1,1
547,1,548,0,2173.437615,253123.4593,548,698,AREA NOT INCLUDED, ,F,-9999, ,-9999, ,-9999, , ,-9999,-9999,STUDY1,0
548,2,549,0,919.9004432,36024.21373,549,257,0.2 PCT ANNUAL CHANCE FLOOD HAZARD, ,F,-9999, ,-9999, ,-9999, , ,-9999,-9999,STUDY1,1
549,1,550,0,2721.468967,450465.3712,550,726,X, ,F,-9999, ,-9999, ,-9999, , ,-9999,-9999,STUDY1,3
550,1,551,0,2721.468967,450465.3712,551,726,X, ,F,-9999, ,-9999, ,-9999, , ,-9999,-9999,STUDY1,3
551,1,552,0,2721.468967,450465.3712,552,726,X, ,F,-9999, ,-9999, ,-9999, , ,-9999,-9999,STUDY1,3
552,3,553,0,2721.46831,450465.1845,553,423,0.2 PCT ANNUAL CHANCE FLOOD HAZARD, ,F,-9999, ,-9999, ,-9999, , ,-9999,-9999,STUDY1,1
553,5,554,0,2721.468967,450465.3712,554,342,X, ,F,-9999, ,-9999, ,-9999, , ,-9999,-9999,STUDY1,3
554,1,555,0,2721.468967,450465.4443,555,726,X, ,F,-9999, ,-9999, ,-9999, , ,-9999,-9999,STUDY1,3
555,1,556,0,1719.936357,168599.3523,556,726,X, ,F,-9999, ,-9999, ,-9999, , ,-9999,-9999,STUDY1,3
556,2,557,0,2721.46831,450465.1845,557,449,0.2 PCT ANNUAL CHANCE FLOOD HAZARD, ,F,-9999, ,-9999, ,-9999, , ,-9999,-9999,STUDY1,1
557,1,558,0,2721.468967,450465.3712,558,726,X, ,F,-9999, ,-9999, ,-9999, , ,-9999,-9999,STUDY1,3
558,1,559,0,1444.963777,89081.2065,559,690,AE, ,T,10,NAVD88,-9999,FEET,-9999, , ,-9999,-9999,STUDY1,0
559,1,560,0,2634.869125,439246.3794,560,698,AREA NOT INCLUDED, ,F,-9999, ,-9999, ,-9999, , ,-9999,-9999,STUDY1,0
560,1,561,0,2721.46831,450465.1845,561,726,X, ,F,-9999, ,-9999, ,-9999, , ,-9999,-9999,STUDY1,3
561,1,562,0,2721.46831,450465.1845,562,726,X, ,F,-9999, ,-9999, ,-9999, , ,-9999,-9999,STUDY1,3
562,6,563,0,2721.46831,450465.1845,563,373,0.2 PCT ANNUAL CHANCE FLOOD HAZARD, ,F,-9999, ,-9999, ,-9999, , ,-9999,-9999,STUDY1,1
563,4,564,0,2721.46831,450465.1845,564,308,AE, ,T,12,NAVD88,-9999,FEET,-9999, , ,-9999,-9999,STUDY1,0
564,4,565,0,2721.46831,450465.1845,565,377,VE, ,T,18,NAVD88,-9999,FEET,-9999, , ,-9999,-9999,STUDY1,5
565,1,566,0,2721.46831,450465.1845,566,726,X, ,F,-9999, ,-9999, ,-9999, , ,-9999,-9999,STUDY1,3
566,4,567,0,2691.686661,449076.7758,567,267,AE, ,T,13,NAVD88,-9999,FEET,-9999, , ,-9999,-9999,STUDY1,0
567,1,568,0,2611.222737,369377.0451,568,698,AREA NOT INCLUDED, ,F,-9999, ,-9999, ,-9999, , ,-9999,-9999,STUDY1,0
568,4,569,0,2721.46831,450465.1845,569,361,X, ,F,-9999, ,-9999, ,-9999, , ,-9999,-9999,STUDY1,3
569,4,570,0,2721.46831,450465.1845,570,444,0.2 PCT ANNUAL CHANCE FLOOD HAZARD, ,F,-9999, ,-9999, ,-9999, , ,-9999,-9999,STUDY1,1
570,1,571,0,2721.46831,450465.1845,571,726,X, ,F,-9999, ,-9999, ,-9999, , ,-9999,-9999,STUDY1,3
571,1,572,0,2721.46831,450465.1845,572,489,AE, ,T,11,NAVD88,-9999,FEET,-9999, , ,-9999,-9999,STUDY1,0
572,1,573,0,2721.46831,450465.1845,573,726,X, ,F,-9999, ,-9999, ,-9999, , ,-9999,-9999,STUDY1,3
573,3,574,0,2721.468967,450465.3712,574,347,0.2 PCT ANNUAL CHANCE FLOOD HAZARD, ,F,-9999, ,-9999, ,-9999, , ,-9999,-9999,STUDY1,1
574,4,575,0,2721.46831,450465.1845,575,350,X, ,F,-9999, ,-9999, ,-9999, , ,-9999,-9999,STUDY1,3
575,2,576,0,2721.46831,450465.1845,576,690,AE, ,T,10,NAVD88,-9999,FEET,-9999, , ,-9999,-9999,STUDY1,0
576,2,577,0,2721.46831,450465.1845,577,649,OPEN WATER, ,F,-9999, ,-9999, ,-9999, , ,-9999,-9999,STUDY1,4
577,1,578,0,1852.092219,40771.56428,578,489,AE, ,T,11,NAVD88,-9999,FEET,-9999, , ,-9999,-9999,STUDY1,0
578,1,579,0,2721.468967,450465.3712,579,726,X, ,F,-9999, ,-9999, ,-9999, , ,-9999,-9999,STUDY1,3
579,3,580,0,2721.468967,450465.4443,580,285,AE, ,T,12,NAVD88,-9999,FEET,-9999, , ,-9999,-9999,STUDY1,0
580,1,581,0,2721.46831,450465.1845,581,726,X, ,F,-9999, ,-9999, ,-9999, , ,-9999,-9999,STUDY1,3
581,1,582,0,2721.468966,450465.4443,582,698,AREA NOT INCLUDED, ,F,-9999, ,-9999, ,-9999, , ,-9999,-9999,STUDY1,0
582,1,583,0,2721.46831,450465.1845,583,726,X, ,F,-9999, ,-9999, ,-9999, , ,-9999,-9999,STUDY1,3
583,1,584,0,2721.46831,450465.1845,584,726,X, ,F,-9999, ,-9999, ,-9999, , ,-9999,-9999,STUDY1,3
584,1,585,0,209.1212964,1864.644247,585,726,X, ,F,-9999, ,-9999, ,-9999, , ,-9999,-9999,STUDY1,3
585,1,586,0,2721.46831,450465.1845,586,726,X, ,F,-9999, ,-9999, ,-9999, , ,-9999,-9999,STUDY1,3
586,2,587,0,2721.46831,450465.1845,587,698,AREA NOT INCLUDED, ,F,-9999, ,-9999, ,-9999, , ,-9999,-9999,STUDY1,0
587,3,588,0,2721.468967,450465.3712,588,344,X, ,F,-9999, ,-9999, ,-9999, , ,-9999,-9999,STUDY1,3
588,1,589,0,2721.46831,450465.1845,589,726,X, ,F,-9999, ,-9999, ,-9999, , ,-9999,-9999,STUDY1,3
589,1,590,0,2721.468967,450465.3712,590,726,X, ,F,-9999, ,-9999, ,-9999, , ,-9999,-9999,STUDY1,3
590,4,591,0,1473.178748,93068.81165,591,267,AE, ,T,13,NAVD88,-9999,FEET,-9999, , ,-9999,-9999,STUDY1,0
591,3,592,0,2721.468967,450465.3712,592,416,0.2 PCT ANNUAL CHANCE FLOOD HAZARD, ,F,-9999, ,-9999, ,-9999, , ,-9999,-9999,STUDY1,1
592,2,593,0,2721.46831,450465.1845,593,649,OPEN WATER, ,F,-9999, ,-9999, ,-9999, , ,-9999,-9999,STUDY1,4
593,1,594,0,2721.46831,450465.1845,594,726,X, ,F,-9999, ,-9999, ,-9999, , ,-9999,-9999,STUDY1,3
594,5,595,0,2721.46831,450465.1845,595,380,VE, ,T,16,NAVD88,-9999,FEET,-9999, , ,-9999,-9999,STUDY1,5
595,1,596,0,2721.46831,450465.1845,596,726,X, ,F,-9999, ,-9999, ,-9999, , ,-9999,-9999,STUDY1,3
596,4,597,0,2721.46831,450465.1845,597,504,0.2 PCT ANNUAL CHANCE FLOOD HAZARD, ,F,-9999, ,-9999, ,-9999, , ,-9999,-9999,STUDY1,1
597,6,598,0,2721.46831,450465.1845,598,307,0.2 PCT ANNUAL CHANCE FLOOD HAZARD, ,F,-9999, ,-9999, ,-9999, , ,-9999,-9999,STUDY1,1
598,4,599,0,2721.46831,450465.1845,599,460,0.2 PCT ANNUAL CHANCE FLOOD HAZARD, ,F,-9999, ,-9999, ,-9999, , ,-9999,-9999,STUDY1,1
599,4,600,0,2353.399092,270825.9937,600,412,VE, ,T,13,NAVD88,-9999,FEET,-9999, , ,-9999,-9999,STUDY1,5
600,1,601,0,2721.468966,450465.4443,601,726,X, ,F,-9999, ,-9999, ,-9999, , ,-9999,-9999,STUDY1,3
601,2,602,0,2721.46831,450465.1845,602,549,0.2 PCT ANNUAL CHANCE FLOOD HAZARD, ,F,-9999, ,-9999, ,-9999, , ,-9999,-9999,STUDY1,1
602,2,603,0,2721.46831,450465.1845,603,649,OPEN WATER, ,F,-9999, ,-9999, ,-9999, , ,-9999,-9999,STUDY1,4
603,1,604,0,1900.968975,242633.3544,604,698,AREA NOT INCLUDED, ,F,-9999, ,-9999, ,-9999, , ,-9999,-9999,STUDY1,0
604,1,605,0,2239.637434,287288.2901,605,698,AREA NOT INCLUDED, ,F,-9999, ,-9999, ,-9999, , ,-9999,-9999,STUDY1,0
605,2,606,0,2382.397686,324299.8899,606,649,OPEN WATER, ,F,-9999, ,-9999, ,-9999, , ,-9999,-9999,STUDY1,4
606,1,607,0,881.7146543,17313.46027,607,726,X, ,F,-9999, ,-9999, ,-9999, , ,-9999,-9999,STUDY1,3
607,4,608,0,2721.46831,450465.1845,608,369,0.2 PCT ANNUAL CHANCE FLOOD HAZARD, ,F,-9999, ,-9999, ,-9999, , ,-9999,-9999,STUDY1,1
608,1,609,0,2721.46831,450465.1845,609,701,AE, ,T,12,NAVD88,-9999,FEET,-9999, , ,-9999,-9999,STUDY1,0
609,1,610,0,675.4359112,7197.673423,610,699,VE, ,T,14,NAVD88,-9999,FEET,-9999, , ,-9999,-9999,STUDY1,5
610,1,611,0,2721.46831,450465.1845,611,726,X, ,F,-9999, ,-9999, ,-9999, , ,-9999,-9999,STUDY1,3
611,2,612,0,2721.46831,450465.1845,612,344,X, ,F,-9999, ,-9999, ,-9999, , ,-9999,-9999,STUDY1,3
612,1,613,0,2721.46831,450465.1845,613,726,X, ,F,-9999, ,-9999, ,-9999, , ,-9999,-9999,STUDY1,3
613,1,614,0,2721.46831,450465.1845,614,726,X, ,F,-9999, ,-9999, ,-9999, , ,-9999,-9999,STUDY1,3
614,6,615,0,2721.468967,450465.3712,615,292,X, ,F,-9999, ,-9999, ,-9999, , ,-9999,-9999,STUDY1,3
615,1,616,0,2721.46831,450465.1845,616,726,X, ,F,-9999, ,-9999, ,-9999, , ,-9999,-9999,STUDY1,3
616,2,617,0,2713.059452,450358.3367,617,698,AREA NOT INCLUDED, ,F,-9999, ,-9999, ,-9999, , ,-9999,-9999,STUDY1,0
617,1,618,0,2721.46831,450465.1845,618,726,X, ,F,-9999, ,-9999, ,-9999, , ,-9999,-9999,STUDY1,3
618,1,619,0,2721.46831,450465.1845,619,698,AREA NOT INCLUDED, ,F,-9999, ,-9999, ,-9999, , ,-9999,-9999,STUDY1,0
619,1,620,0,2721.46831,450465.1845,620,726,X, ,F,-9999, ,-9999, ,-9999, , ,-9999,-9999,STUDY1,3
620,4,621,0,2721.46831,450465.1845,621,324,0.2 PCT ANNUAL CHANCE FLOOD HAZARD, ,F,-9999, ,-9999, ,-9999, , ,-9999,-9999,STUDY1,1
621,5,622,0,2721.46831,450465.1845,622,356,X, ,F,-9999, ,-9999, ,-9999, , ,-9999,-9999,STUDY1,3
622,3,623,0,2721.46831,450465.1845,623,401,X, ,F,-9999, ,-9999, ,-9999, , ,-9999,-9999,STUDY1,3
623,3,624,0,2721.46831,450465.1845,624,439,X, ,F,-9999, ,-9999, ,-9999, , ,-9999,-9999,STUDY1,3
624,3,625,0,2721.46831,450465.1845,625,311,AE, ,T,11,NAVD88,-9999,FEET,-9999, , ,-9999,-9999,STUDY1,0
625,4,626,0,2721.469623,450465.631,626,352,AE, ,T,11,NAVD88,-9999,FEET,-9999, , ,-9999,-9999,STUDY1,0
626,1,627,0,2721.468967,450465.3712,627,726,X, ,F,-9999, ,-9999, ,-9999, , ,-9999,-9999,STUDY1,3
627,4,628,0,2721.468967,450465.3712,628,477,0.2 PCT ANNUAL CHANCE FLOOD HAZARD, ,F,-9999, ,-9999, ,-9999, , ,-9999,-9999,STUDY1,1
628,2,629,0,2721.46831,450465.1845,629,423,0.2 PCT ANNUAL CHANCE FLOOD HAZARD, ,F,-9999, ,-9999, ,-9999, , ,-9999,-9999,STUDY1,1
629,1,630,0,2721.46831,450465.1845,630,726,X, ,F,-9999, ,-9999, ,-9999, , ,-9999,-9999,STUDY1,3
630,1,631,0,2721.468967,450465.3712,631,726,X, ,F,-9999, ,-9999, ,-9999, , ,-9999,-9999,STUDY1,3
631,1,632,0,2721.468967,450465.4443,632,726,X, ,F,-9999, ,-9999, ,-9999, , ,-9999,-9999,STUDY1,3
632,3,633,0,2721.46831,450465.1845,633,327,AE, ,T,11,NAVD88,-9999,FEET,-9999, , ,-9999,-9999,STUDY1,0
633,5,634,0,2721.46831,450465.1845,634,545,0.2 PCT ANNUAL CHANCE FLOOD HAZARD, ,F,-9999, ,-9999, ,-9999, , ,-9999,-9999,STUDY1,1
634,3,635,0,2209.453274,246622.2799,635,434,X, ,F,-9999, ,-9999, ,-9999, , ,-9999,-9999,STUDY1,3
635,1,636,0,2721.468967,450465.4443,636,698,AREA NOT INCLUDED, ,F,-9999, ,-9999, ,-9999, , ,-9999,-9999,STUDY1,0
636,4,637,0,2217.695027,201999.6628,637,533,AE, ,T,11,NAVD88,-9999,FEET,-9999, , ,-9999,-9999,STUDY1,0
637,1,638,0,2633.119955,436097.9274,638,698,AREA NOT INCLUDED, ,F,-9999, ,-9999, ,-9999, , ,-9999,-9999,STUDY1,0
638,2,639,0,2163.374736,290218.1409,639,364,X, ,F,-9999, ,-9999, ,-9999, , ,-9999,-9999,STUDY1,3
639,4,640,0,2721.46831,450465.1845,640,467,0.2 PCT ANNUAL CHANCE FLOOD HAZARD, ,F,-9999, ,-9999, ,-9999, , ,-9999,-9999,STUDY1,1
640,1,641,0,2721.46831,450465.1845,641,726,X, ,F,-9999, ,-9999, ,-9999, , ,-9999,-9999,STUDY1,3
641,2,642,0,2721.46831,450465.1845,642,698,AREA NOT INCLUDED, ,F,-9999, ,-9999, ,-9999, , ,-9999,-9999,STUDY1,0
642,1,643,0,2721.46831,450465.1845,643,698,AREA NOT INCLUDED, ,F,-9999, ,-9999, ,-9999, , ,-9999,-9999,STUDY1,0
643,1,644,0,565.0775107,14275.92188,644,698,AREA NOT INCLUDED, ,F,-9999, ,-9999, ,-9999, , ,-9999,-9999,STUDY1,0
644,7,645,0,2721.468967,450465.3712,645,340,AE, ,T,11,NAVD88,-9999,FEET,-9999, , ,-9999,-9999,STUDY1,0
645,1,646,0,2721.468967,450465.3712,646,726,X, ,F,-9999, ,-9999, ,-9999, , ,-9999,-9999,STUDY1,3
646,2,647,0,2721.46831,450465.1845,647,698,AREA NOT INCLUDED, ,F,-9999, ,-9999, ,-9999, , ,-9999,-9999,STUDY1,0
647,1,648,0,2721.46831,450465.1845,648,726,X, ,F,-9999, ,-9999, ,-9999, , ,-9999,-9999,STUDY1,3
648,1,649,0,2721.468967,450465.3712,649,726,X, ,F,-9999, ,-9999, ,-9999, , ,-9999,-9999,STUDY1,3
649,1,650,0,2721.46831,450465.1845,650,649,OPEN WATER, ,F,-9999, ,-9999, ,-9999, , ,-9999,-9999,STUDY1,4
650,4,651,0,2721.468967,450465.3712,651,345,0.2 PCT ANNUAL CHANCE FLOOD HAZARD, ,F,-9999, ,-9999, ,-9999, , ,-9999,-9999,STUDY1,1
651,2,652,0,2542.889397,403997.4771,652,257,0.2 PCT ANNUAL CHANCE FLOOD HAZARD, ,F,-9999, ,-9999, ,-9999, , ,-9999,-9999,STUDY1,1
652,4,653,0,2721.46831,450465.1845,653,438,X, ,F,-9999, ,-9999, ,-9999, , ,-9999,-9999,STUDY1,3
653,1,654,0,2721.468967,450465.3712,654,726,X, ,F,-9999, ,-9999, ,-9999, , ,-9999,-9999,STUDY1,3
654,3,655,0,2721.468967,450465.3712,655,423,0.2 PCT ANNUAL CHANCE FLOOD HAZARD, ,F,-9999, ,-9999, ,-9999, , ,-9999,-9999,STUDY1,1
655,6,656,0,2721.46831,450465.1845,656,438,X, ,F,-9999, ,-9999, ,-9999, , ,-9999,-9999,STUDY1,3
656,1,657,0,2721.46831,450465.1845,657,726,X, ,F,-9999, ,-9999, ,-9999, , ,-9999,-9999,STUDY1,3
657,1,658,0,2721.46831,450465.1845,658,726,X, ,F,-9999, ,-9999, ,-9999, , ,-9999,-9999,STUDY1,3
658,1,659,0,2721.46831,450465.1845,659,726,X, ,F,-9999, ,-9999, ,-9999, , ,-9999,-9999,STUDY1,3
659,2,660,0,2721.46831,450465.1845,660,649,OPEN WATER, ,F,-9999, ,-9999, ,-9999, , ,-9999,-9999,STUDY1,4
660,2,661,0,2721.468967,450465.3712,661,649,OPEN WATER, ,F,-9999, ,-9999, ,-9999, , ,-9999,-9999,STUDY1,4
661,1,662,0,2721.46831,450465.1845,662,726,X, ,F,-9999, ,-9999, ,-9999, , ,-9999,-9999,STUDY1,3
662,1,663,0,2721.46831,450465.1845,663,726,X, ,F,-9999, ,-9999, ,-9999, , ,-9999,-9999,STUDY1,3
663,1,664,0,2721.46831,450465.1845,664,726,X, ,F,-9999, ,-9999, ,-9999, , ,-9999,-9999,STUDY1,3
664,2,665,0,2721.46831,450465.1845,665,649,OPEN WATER, ,F,-9999, ,-9999, ,-9999, , ,-9999,-9999,STUDY1,4
665,2,666,0,2721.46831,450465.1845,666,489,AE, ,T,11,NAVD88,-9999,FEET,-9999, , ,-9999,-9999,STUDY1,0
666,1,667,0,2721.46831,450465.1845,667,726,X, ,F,-9999, ,-9999, ,-9999, , ,-9999,-9999,STUDY1,3
667,1,668,0,2721.468967,450465.4443,668,726,X, ,F,-9999, ,-9999, ,-9999, , ,-9999,-9999,STUDY1,3
668,4,669,0,2721.46831,450465.1845,669,549,0.2 PCT ANNUAL CHANCE FLOOD HAZARD, ,F,-9999, ,-9999, ,-9999, , ,-9999,-9999,STUDY1,1
669,1,670,0,1001.991352,21374.65761,670,726,X, ,F,-9999, ,-9999, ,-9999, , ,-9999,-9999,STUDY1,3
670,1,671,0,2721.46831,450465.1845,671,726,X, ,F,-9999, ,-9999, ,-9999, , ,-9999,-9999,STUDY1,3
671,1,672,0,985.4846038,35662.17065,672,698,AREA NOT INCLUDED, ,F,-9999, ,-9999, ,-9999, , ,-9999,-9999,STUDY1,0
672,1,673,0,2721.468967,450465.3712,673,726,X, ,F,-9999, ,-9999, ,-9999, , ,-9999,-9999,STUDY1,3
673,1,674,0,2721.46831,450465.1845,674,698,AREA NOT INCLUDED, ,F,-9999, ,-9999, ,-9999, , ,-9999,-9999,STUDY1,0
674,3,675,0,2721.46831,450465.1845,675,387,0.2 PCT ANNUAL CHANCE FLOOD HAZARD, ,F,-9999, ,-9999, ,-9999, , ,-9999,-9999,STUDY1,1
675,1,676,0,2721.46831,450465.1845,676,726,X, ,F,-9999, ,-9999, ,-9999, , ,-9999,-9999,STUDY1,3
676,1,677,0,2721.46831,450465.1845,677,726,X, ,F,-9999, ,-9999, ,-9999, , ,-9999,-9999,STUDY1,3
677,2,678,0,2721.46831,450465.1845,678,444,0.2 PCT ANNUAL CHANCE FLOOD HAZARD, ,F,-9999, ,-9999, ,-9999, , ,-9999,-9999,STUDY1,1
678,1,679,0,2721.46831,450465.1845,679,726,X, ,F,-9999, ,-9999, ,-9999, , ,-9999,-9999,STUDY1,3
679,1,680,0,2721.46831,450465.1845,680,726,X, ,F,-9999, ,-9999, ,-9999, , ,-9999,-9999,STUDY1,3
680,1,681,0,2721.46831,450465.1845,681,726,X, ,F,-9999, ,-9999, ,-9999, , ,-9999,-9999,STUDY1,3
681,1,682,0,2721.46831,450465.1845,682,698,AREA NOT INCLUDED, ,F,-9999, ,-9999, ,-9999, , ,-9999,-9999,STUDY1,0
682,3,683,0,2721.468967,450465.3712,683,344,X, ,F,-9999, ,-9999, ,-9999, , ,-9999,-9999,STUDY1,3
683,1,684,0,2721.46831,450465.1845,684,726,X, ,F,-9999, ,-9999, ,-9999, , ,-9999,-9999,STUDY1,3
684,1,685,0,2721.46831,450465.1845,685,726,X, ,F,-9999, ,-9999, ,-9999, , ,-9999,-9999,STUDY1,3
685,3,686,0,2721.468967,450465.3712,686,424,AE, ,T,12,NAVD88,-9999,FEET,-9999, , ,-9999,-9999,STUDY1,0
686,1,687,0,2721.468967,450465.3712,687,726,X, ,F,-9999, ,-9999, ,-9999, , ,-9999,-9999,STUDY1,3
687,4,688,0,2721.46831,450465.1845,688,398,X, ,F,-9999, ,-9999, ,-9999, , ,-9999,-9999,STUDY1,3
688,1,689,0,2601.535003,425956.4346,689,726,X, ,F,-9999, ,-9999, ,-9999, , ,-9999,-9999,STUDY1,3
689,1,690,0,2721.46831,450465.1845,690,698,AREA NOT INCLUDED, ,F,-9999, ,-9999, ,-9999, , ,-9999,-9999,STUDY1,0
690,1,691,0,2721.468967,450465.3712,691,701,AE, ,T,12,NAVD88,-9999,FEET,-9999, , ,-9999,-9999,STUDY1,0
691,1,692,0,2721.46831,450465.1845,692,726,X, ,F,-9999, ,-9999, ,-9999, , ,-9999,-9999,STUDY1,3
692,1,693,0,2721.46831,450465.1845,693,726,X, ,F,-9999, ,-9999, ,-9999, , ,-9999,-9999,STUDY1,3
693,1,694,0,2721.46831,450465.1845,694,726,X, ,F,-9999, ,-9999, ,-9999, , ,-9999,-9999,STUDY1,3
694,1,695,0,2721.468967,450465.3712,695,726,X, ,F,-9999, ,-9999, ,-9999, , ,-9999,-9999,STUDY1,3
695,1,696,0,2466.096019,218062.3394,696,726,X, ,F,-9999, ,-9999, ,-9999, , ,-9999,-9999,STUDY1,3
696,1,697,0,2446.250475,338761.1174,697,649,OPEN WATER, ,F,-9999, ,-9999, ,-9999, , ,-9999,-9999,STUDY1,4
697,2,698,0,2721.46831,450465.1845,698,542,AE, ,T,10,NAVD88,-9999,FEET,-9999, , ,-9999,-9999,STUDY1,0
698,1,699,0,2721.468967,450465.3712,699,726,X, ,F,-9999, ,-9999, ,-9999, , ,-9999,-9999,STUDY1,3
699,1,700,0,2721.46831,450465.1845,700,726,X, ,F,-9999, ,-9999, ,-9999, , ,-9999,-9999,STUDY1,3
700,1,701,0,2721.46831,450465.1845,701,726,X, ,F,-9999, ,-9999, ,-9999, , ,-9999,-9999,STUDY1,3
701,1,702,0,2721.46831,450465.1845,702,698,AREA NOT INCLUDED, ,F,-9999, ,-9999, ,-9999, , ,-9999,-9999,STUDY1,0
702,2,703,0,2721.46831,450465.1845,703,489,AE, ,T,11,NAVD88,-9999,FEET,-9999, , ,-9999,-9999,STUDY1,0
703,2,704,0,2721.46831,450465.1845,704,438,X, ,F,-9999, ,-9999, ,-9999, , ,-9999,-9999,STUDY1,3
704,4,705,0,2721.468967,450465.3712,705,420,0.2 PCT ANNUAL CHANCE FLOOD HAZARD, ,F,-9999, ,-9999, ,-9999, , ,-9999,-9999,STUDY1,1
705,1,706,0,2721.468967,450465.3712,706,698,AREA NOT INCLUDED, ,F,-9999, ,-9999, ,-9999, , ,-9999,-9999,STUDY1,0
706,4,707,0,2721.46831,450465.1845,707,335,AE, ,T,12,NAVD88,-9999,FEET,-9999, , ,-9999,-9999,STUDY1,0
707,3,708,0,2721.46831,450465.1845,708,381,AE, ,T,13,NAVD88,-9999,FEET,-9999, , ,-9999,-9999,STUDY1,0
708,1,709,0,2721.46831,450465.1845,709,726,X, ,F,-9999, ,-9999, ,-9999, , ,-9999,-9999,STUDY1,3
709,1,710,0,2721.46831,450465.1845,710,726,X, ,F,-9999, ,-9999, ,-9999, , ,-9999,-9999,STUDY1,3
710,1,711,0,2721.46831,450465.1845,711,698,AREA NOT INCLUDED, ,F,-9999, ,-9999, ,-9999, , ,-9999,-9999,STUDY1,0
711,2,712,0,1157.350519,53556.25619,712,317,0.2 PCT ANNUAL CHANCE FLOOD HAZARD, ,F,-9999, ,-9999, ,-9999, , ,-9999,-9999,STUDY1,1
712,1,713,0,2721.468967,450465.3712,713,726,X, ,F,-9999, ,-9999, ,-9999, , ,-9999,-9999,STUDY1,3
713,1,714,0,2721.468967,450465.3712,714,726,X, ,F,-9999, ,-9999, ,-9999, , ,-9999,-9999,STUDY1,3
714,3,715,0,2721.468966,450465.4443,715,344,X, ,F,-9999, ,-9999, ,-9999, , ,-9999,-9999,STUDY1,3
715,1,716,0,2721.46831,450465.1845,716,726,X, ,F,-9999, ,-9999, ,-9999, , ,-9999,-9999,STUDY1,3
716,3,717,0,2721.46831,450465.1845,717,447,AE, ,T,12,NAVD88,-9999,FEET,-9999, , ,-9999,-9999,STUDY1,0
717,1,718,0,2114.225663,129536.7965,718,698,AREA NOT INCLUDED, ,F,-9999, ,-9999, ,-9999, , ,-9999,-9999,STUDY1,0
718,3,719,0,2721.46831,450465.1845,719,410,0.2 PCT ANNUAL CHANCE FLOOD HAZARD, ,F,-9999, ,-9999, ,-9999, , ,-9999,-9999,STUDY1,1
719,1,720,0,2721.46831,450465.1845,720,726,X, ,F,-9999, ,-9999, ,-9999, , ,-9999,-9999,STUDY1,3
720,1,721,0,1790.422254,113168.5717,721,698,AREA NOT INCLUDED, ,F,-9999, ,-9999, ,-9999, , ,-9999,-9999,STUDY1,0
721,1,722,0,2721.46831,450465.1845,722,726,X, ,F,-9999, ,-9999, ,-9999, , ,-9999,-9999,STUDY1,3
722,3,723,0,2721.46831,450465.1845,723,344,X, ,F,-9999, ,-9999, ,-9999, , ,-9999,-9999,STUDY1,3
723,5,724,0,2721.46831,450465.1845,724,453,0.2 PCT ANNUAL CHANCE FLOOD HAZARD, ,F,-9999, ,-9999, ,-9999, , ,-9999,-9999,STUDY1,1
724,2,725,0,2721.468967,450465.3712,725,533,AE, ,T,11,NAVD88,-9999,FEET,-9999, , ,-9999,-9999,STUDY1,0
725,1,726,0,2721.46831,450465.1845,726,726,X, ,F,-9999, ,-9999, ,-9999, , ,-9999,-9999,STUDY1,3
726,1,727,0,2721.46831,450465.1845,727,726,X, ,F,-9999, ,-9999, ,-9999, , ,-9999,-9999,STUDY1,3
727,1,728,0,2721.46831,450465.1845,728,726,X, ,F,-9999, ,-9999, ,-9999, , ,-9999,-9999,STUDY1,3
728,4,729,0,2721.468967,450465.3712,729,419,X, ,F,-9999, ,-9999, ,-9999, , ,-9999,-9999,STUDY1,3
729,1,730,0,2721.46831,450465.1845,730,726,X, ,F,-9999, ,-9999, ,-9999, , ,-9999,-9999,STUDY1,3
730,4,731,0,2721.46831,450465.1845,731,494,X, ,F,-9999, ,-9999, ,-9999, , ,-9999,-9999,STUDY1,3
731,1,732,0,2721.46831,450465.1845,732,726,X, ,F,-9999, ,-9999, ,-9999, , ,-9999,-9999,STUDY1,3
732,1,733,0,2672.581477,446179.7577,733,726,X, ,F,-9999, ,-9999, ,-9999, , ,-9999,-9999,STUDY1,3
733,3,734,0,2721.46831,450465.1845,734,404,AE, ,T,13,NAVD88,-9999,FEET,-9999, , ,-9999,-9999,STUDY1,0
734,1,735,0,2721.46831,450465.1845,735,690,AE, ,T,10,NAVD88,-9999,FEET,-9999, , ,-9999,-9999,STUDY1,0
735,1,736,0,2721.46831,450465.1845,736,726,X, ,F,-9999, ,-9999, ,-9999, , ,-9999,-9999,STUDY1,3
736,3,737,0,2234.143997,274143.8663,737,317,0.2 PCT ANNUAL CHANCE FLOOD HAZARD, ,F,-9999, ,-9999, ,-9999, , ,-9999,-9999,STUDY1,1
737,1,738,0,2356.645426,188902.757,738,698,AREA NOT INCLUDED, ,F,-9999, ,-9999, ,-9999, , ,-9999,-9999,STUDY1,0
738,1,739,0,2721.46831,450465.1845,739,726,X, ,F,-9999, ,-9999, ,-9999, , ,-9999,-9999,STUDY1,3
739,1,740,0,2721.46831,450465.1845,740,726,X, ,F,-9999, ,-9999, ,-9999, , ,-9999,-9999,STUDY1,3
740,2,741,0,2721.469623,450465.631,741,387,0.2 PCT ANNUAL CHANCE FLOOD HAZARD, ,F,-9999, ,-9999, ,-9999, , ,-9999,-9999,STUDY1,1
741,1,742,0,2245.186443,246811.0332,742,649,OPEN WATER, ,F,-9999, ,-9999, ,-9999, , ,-9999,-9999,STUDY1,4
742,1,743,0,2721.468967,450465.3712,743,726,X, ,F,-9999, ,-9999, ,-9999, , ,-9999,-9999,STUDY1,3
743,1,744,0,406.0516143,7043.063483,744,291,X, ,F,-9999, ,-9999, ,-9999, , ,-9999,-9999,STUDY1,3
744,1,745,0,2721.468967,450465.3712,745,726,X, ,F,-9999, ,-9999, ,-9999, , ,-9999,-9999,STUDY1,3
745,4,746,0,2721.46831,450465.1845,746,303,0.2 PCT ANNUAL CHANCE FLOOD HAZARD, ,F,-9999, ,-9999, ,-9999, , ,-9999,-9999,STUDY1,1
746,2,747,0,2660.044353,443794.7801,747,567,AE, ,T,11,NAVD88,-9999,FEET,-9999, , ,-9999,-9999,STUDY1,0
747,1,748,0,2721.46831,450465.1845,748,690,AE, ,T,10,NAVD88,-9999,FEET,-9999, , ,-9999,-9999,STUDY1,0
748,2,749,0,2721.46831,450465.1845,749,330,0.2 PCT ANNUAL CHANCE FLOOD HAZARD, ,F,-9999, ,-9999, ,-9999, , ,-9999,-9999,STUDY1,1
749,6,750,0,2721.46831,450465.1845,750,393,0.2 PCT ANNUAL CHANCE FLOOD HAZARD, ,F,-9999, ,-9999, ,-9999, , ,-9999,-9999,STUDY1,1
750,1,751,0,1342.916105,101318.7064,751,649,OPEN WATER, ,F,-9999, ,-9999, ,-9999, , ,-9999,-9999,STUDY1,4
751,8,752,0,2721.46831,450465.1845,752,349,AE, ,T,10,NAVD88,-9999,FEET,-9999, , ,-9999,-9999,STUDY1,0
752,1,753,0,2425.678593,322879.4393,753,726,X, ,F,-9999, ,-9999, ,-9999, , ,-9999,-9999,STUDY1,3
753,1,754,0,2721.46831,450465.1845,754,726,X, ,F,-9999, ,-9999, ,-9999, , ,-9999,-9999,STUDY1,3
754,1,755,0,14.99104181,9.546585915,755,708,VE, ,T,17,NAVD88,-9999,FEET,-9999, , ,-9999,-9999,STUDY1,5
755,4,756,0,2721.46831,450465.1845,756,362,0.2 PCT ANNUAL CHANCE FLOOD HAZARD, ,F,-9999, ,-9999, ,-9999, , ,-9999,-9999,STUDY1,1
756,1,757,0,2721.468967,450465.3712,757,726,X, ,F,-9999, ,-9999, ,-9999, , ,-9999,-9999,STUDY1,3
757,1,758,0,2721.468967,450465.4443,758,726,X, ,F,-9999, ,-9999, ,-9999, , ,-9999,-9999,STUDY1,3
758,1,759,0,2721.46831,450465.1845,759,726,X, ,F,-9999, ,-9999, ,-9999, , ,-9999,-9999,STUDY1,3
759,1,760,0,2721.46831,450465.1845,760,726,X, ,F,-9999, ,-9999, ,-9999, , ,-9999,-9999,STUDY1,3
760,3,761,0,2423.06622,321333.8905,761,291,X, ,F,-9999, ,-9999, ,-9999, , ,-9999,-9999,STUDY1,3
761,3,762,0,2721.46831,450465.1845,762,344,X, ,F,-9999, ,-9999, ,-9999, , ,-9999,-9999,STUDY1,3
762,1,763,0,2721.46831,450465.1845,763,726,X, ,F,-9999, ,-9999, ,-9999, , ,-9999,-9999,STUDY1,3
763,1,764,0,2721.46831,450465.1845,764,726,X, ,F,-9999, ,-9999, ,-9999, , ,-9999,-9999,STUDY1,3
764,2,765,0,2721.46831,450465.1845,765,427,X, ,F,-9999, ,-9999, ,-9999, , ,-9999,-9999,STUDY1,3
765,1,766,0,132.5624293,350.1569232,766,726,X, ,F,-9999, ,-9999, ,-9999, , ,-9999,-9999,STUDY1,3
766,1,767,0,2721.469623,450465.631,767,698,AREA NOT INCLUDED, ,F,-9999, ,-9999, ,-9999, , ,-9999,-9999,STUDY1,0
767,2,768,0,483.6701281,10048.22779,768,274,0.2 PCT ANNUAL CHANCE FLOOD HAZARD, ,F,-9999, ,-9999, ,-9999, , ,-9999,-9999,STUDY1,1
768,1,769,0,2682.803465,447711.4848,769,698,AREA NOT INCLUDED, ,F,-9999, ,-9999, ,-9999, , ,-9999,-9999,STUDY1,0
769,1,770,0,2490.672428,366848.2823,770,649,OPEN WATER, ,F,-9999, ,-9999, ,-9999, , ,-9999,-9999,STUDY1,4
770,1,771,0,2721.46831,450465.1845,771,726,X, ,F,-9999, ,-9999, ,-9999, , ,-9999,-9999,STUDY1,3
771,3,772,0,2721.46831,450465.1845,772,398,X, ,F,-9999, ,-9999, ,-9999, , ,-9999,-9999,STUDY1,3
772,1,773,0,2721.46831,450465.1845,773,726,X, ,F,-9999, ,-9999, ,-9999, , ,-9999,-9999,STUDY1,3
773,5,774,0,2565.795292,404373.103,774,333,AE, ,T,14,NAVD88,-9999,FEET,-9999, , ,-9999,-9999,STUDY1,0
774,1,775,0,2784.208009,408477.0059,775,649,OPEN WATER, ,F,-9999, ,-9999, ,-9999, , ,-9999,-9999,STUDY1,4
775,3,776,0,2721.46831,450465.1845,776,425,X, ,F,-9999, ,-9999, ,-9999, , ,-9999,-9999,STUDY1,3
776,1,777,0,2721.46831,450465.1845,777,726,X, ,F,-9999, ,-9999, ,-9999, , ,-9999,-9999,STUDY1,3
777,1,778,0,2721.46831,450465.1845,778,726,X, ,F,-9999, ,-9999, ,-9999, , ,-9999,-9999,STUDY1,3
778,1,779,0,2721.46831,450465.1845,779,726,X, ,F,-9999, ,-9999, ,-9999, , ,-9999,-9999,STUDY1,3
779,1,780,0,2721.46831,450465.1845,780,726,X, ,F,-9999, ,-9999, ,-9999, , ,-9999,-9999,STUDY1,3
780,1,781,0,2721.468967,450465.3712,781,726,X, ,F,-9999, ,-9999, ,-9999, , ,-9999,-9999,STUDY1,3
781,1,782,0,2721.468967,450465.3712,782,726,X, ,F,-9999, ,-9999, ,-9999, , ,-9999,-9999,STUDY1,3
782,1,783,0,2721.46831,450465.1845,783,649,OPEN WATER, ,F,-9999, ,-9999, ,-9999, , ,-9999,-9999,STUDY1,4
783,1,784,0,2721.46831,450465.1845,784,726,X, ,F,-9999, ,-9999, ,-9999, , ,-9999,-9999,STUDY1,3
784,1,785,0,2721.468967,450465.3712,785,726,X, ,F,-9999, ,-9999, ,-9999, , ,-9999,-9999,STUDY1,3
785,4,786,0,2721.468967,450465.3712,786,410,0.2 PCT ANNUAL CHANCE FLOOD HAZARD, ,F,-9999, ,-9999, ,-9999, , ,-9999,-9999,STUDY1,1
786,3,787,0,2721.46831,450465.1845,787,364,X, ,F,-9999, ,-9999, ,-9999, , ,-9999,-9999,STUDY1,3
787,1,788,0,2721.46831,450465.1845,788,726,X, ,F,-9999, ,-9999, ,-9999, , ,-9999,-9999,STUDY1,3
788,1,789,0,2568.000726,413266.9015,789,698,AREA NOT INCLUDED, ,F,-9999, ,-9999, ,-9999, , ,-9999,-9999,STUDY1,0
789,1,790,0,2332.635677,306061.3713,790,340,AE, ,T,11,NAVD88,-9999,FEET,-9999, , ,-9999,-9999,STUDY1,0
790,5,791,0,2643.457448,441044.1949,791,317,0.2 PCT ANNUAL CHANCE FLOOD HAZARD, ,F,-9999, ,-9999, ,-9999, , ,-9999,-9999,STUDY1,1
791,1,792,0,2721.46831,450465.1845,792,726,X, ,F,-9999, ,-9999, ,-9999, , ,-9999,-9999,STUDY1,3
792,1,793,0,1294.973048,87398.55077,793,698,AREA NOT INCLUDED, ,F,-9999, ,-9999, ,-9999, , ,-9999,-9999,STUDY1,0
793,3,794,0,2721.46831,450465.1845,794,387,0.2 PCT ANNUAL CHANCE FLOOD HAZARD, ,F,-9999, ,-9999, ,-9999, , ,-9999,-9999,STUDY1,1
794,1,795,0,2721.46831,450465.1845,795,726,X, ,F,-9999, ,-9999, ,-9999, , ,-9999,-9999,STUDY1,3
795,1,796,0,2721.46831,450465.1845,796,726,X, ,F,-9999, ,-9999, ,-9999, , ,-9999,-9999,STUDY1,3
796,6,797,0,2721.46831,450465.1845,797,439,X, ,F,-9999, ,-9999, ,-9999, , ,-9999,-9999,STUDY1,3
797,3,798,0,2721.46831,450465.1845,798,330,0.2 PCT ANNUAL CHANCE FLOOD HAZARD, ,F,-9999, ,-9999, ,-9999, , ,-9999,-9999,STUDY1,1
798,3,799,0,2721.46831,450465.1845,799,394,AE, ,T,12,NAVD88,-9999,FEET,-9999, , ,-9999,-9999,STUDY1,0
799,1,800,0,2721.468967,450465.3712,800,726,X, ,F,-9999, ,-9999, ,-9999, , ,-9999,-9999,STUDY1,3
800,4,801,0,2721.46831,450465.1845,801,320,AE, ,T,10,NAVD88,-9999,FEET,-9999, , ,-9999,-9999,STUDY1,0
801,4,802,0,2721.46831,450465.1845,802,317,0.2 PCT ANNUAL CHANCE FLOOD HAZARD, ,F,-9999, ,-9999, ,-9999, , ,-9999,-9999,STUDY1,1
802,1,803,0,2721.46831,450465.1845,803,726,X, ,F,-9999, ,-9999, ,-9999, , ,-9999,-9999,STUDY1,3
803,1,804,0,264.1297411,2990.063349,804,726,X, ,F,-9999, ,-9999, ,-9999, , ,-9999,-9999,STUDY1,3
804,1,805,0,2721.46831,450465.1845,805,726,X, ,F,-9999, ,-9999, ,-9999, , ,-9999,-9999,STUDY1,3
805,6,806,0,2721.468967,450465.3712,806,340,AE, ,T,11,NAVD88,-9999,FEET,-9999, , ,-9999,-9999,STUDY1,0
806,3,807,0,2721.468967,450465.3712,807,412,VE, ,T,13,NAVD88,-9999,FEET,-9999, , ,-9999,-9999,STUDY1,5
807,1,808,0,2545.983866,395099.2299,808,649,OPEN WATER, ,F,-9999, ,-9999, ,-9999, , ,-9999,-9999,STUDY1,4
808,1,809,0,2721.46831,450465.1845,809,726,X, ,F,-9999, ,-9999, ,-9999, , ,-9999,-9999,STUDY1,3
809,1,810,0,2721.46831,450465.1845,810,698,AREA NOT INCLUDED, ,F,-9999, ,-9999, ,-9999, , ,-9999,-9999,STUDY1,0
810,4,811,0,2721.46831,450465.1845,811,549,0.2 PCT ANNUAL CHANCE FLOOD HAZARD, ,F,-9999, ,-9999, ,-9999, , ,-9999,-9999,STUDY1,1
811,1,812,0,2721.46831,450465.1845,812,726,X, ,F,-9999, ,-9999, ,-9999, , ,-9999,-9999,STUDY1,3
812,1,813,0,2721.46831,450465.1845,813,698,AREA NOT INCLUDED, ,F,-9999, ,-9999, ,-9999, , ,-9999,-9999,STUDY1,0
813,1,814,0,2721.468967,450465.3712,814,726,X, ,F,-9999, ,-9999, ,-9999, , ,-9999,-9999,STUDY1,3
814,3,815,0,2721.46831,450465.1845,815,381,AE, ,T,13,NAVD88,-9999,FEET,-9999, , ,-9999,-9999,STUDY1,0
815,1,816,0,2721.46831,450465.1845,816,698,AREA NOT INCLUDED, ,F,-9999, ,-9999, ,-9999, , ,-9999,-9999,STUDY1,0
816,1,817,0,2721.46831,450465.1845,817,726,X, ,F,-9999, ,-9999, ,-9999, , ,-9999,-9999,STUDY1,3
817,2,818,0,1807.033286,179395.9137,818,506,X, ,F,-9999, ,-9999, ,-9999, , ,-9999,-9999,STUDY1,3
818,1,819,0,2721.46831,450465.1845,819,726,X, ,F,-9999, ,-9999, ,-9999, , ,-9999,-9999,STUDY1,3
819,1,820,0,2721.46831,450465.1845,820,698,AREA NOT INCLUDED, ,F,-9999, ,-9999, ,-9999, , ,-9999,-9999,STUDY1,0
820,1,821,0,2721.46831,450465.1845,821,726,X, ,F,-9999, ,-9999, ,-9999, , ,-9999,-9999,STUDY1,3
821,4,822,0,2721.46831,450465.1845,822,393,0.2 PCT ANNUAL CHANCE FLOOD HAZARD, ,F,-9999, ,-9999, ,-9999, , ,-9999,-9999,STUDY1,1
822,1,823,0,2711.667172,450292.6566,823,649,OPEN WATER, ,F,-9999, ,-9999, ,-9999, , ,-9999,-9999,STUDY1,4
823,3,824,0,2721.46831,450465.1845,824,421,X, ,F,-9999, ,-9999, ,-9999, , ,-9999,-9999,STUDY1,3
824,1,825,0,2721.46831,450465.1845,825,726,X, ,F,-9999, ,-9999, ,-9999, , ,-9999,-9999,STUDY1,3
825,1,826,0,2721.46831,450465.1845,826,726,X, ,F,-9999, ,-9999, ,-9999, , ,-9999,-9999,STUDY1,3
826,2,827,0,2721.46831,450465.1845,827,330,0.2 PCT ANNUAL CHANCE FLOOD HAZARD, ,F,-9999, ,-9999, ,-9999, , ,-9999,-9999,STUDY1,1
827,2,828,0,2721.46831,450465.1845,828,330,0.2 PCT ANNUAL CHANCE FLOOD HAZARD, ,F,-9999, ,-9999, ,-9999, , ,-9999,-9999,STUDY1,1
828,2,829,0,2721.468967,450465.4443,829,698,AREA NOT INCLUDED, ,F,-9999, ,-9999, ,-9999, , ,-9999,-9999,STUDY1,0
829,1,830,0,2721.46831,450465.1845,830,726,X, ,F,-9999, ,-9999, ,-9999, , ,-9999,-9999,STUDY1,3
830,3,831,0,2721.46831,450465.1845,831,477,0.2 PCT ANNUAL CHANCE FLOOD HAZARD, ,F,-9999, ,-9999, ,-9999, , ,-9999,-9999,STUDY1,1
831,1,832,0,2721.46831,450465.1845,832,726,X, ,F,-9999, ,-9999, ,-9999, , ,-9999,-9999,STUDY1,3
832,1,833,0,1476.989386,84861.86907,833,698,AREA NOT INCLUDED, ,F,-9999, ,-9999, ,-9999, , ,-9999,-9999,STUDY1,0
833,1,834,0,2721.46831,450465.1845,834,726,X, ,F,-9999, ,-9999, ,-9999, , ,-9999,-9999,STUDY1,3
834,3,835,0,2721.46831,450465.1845,835,285,AE, ,T,12,NAVD88,-9999,FEET,-9999, , ,-9999,-9999,STUDY1,0
835,2,836,0,598.1381255,11677.66919,836,690,AE, ,T,10,NAVD88,-9999,FEET,-9999, , ,-9999,-9999,STUDY1,0
