grid_id,imp_percent,imp_score,flood_score,greenscore,greenview,treeestima,stormwater_managed,overall_score
1,43.00793632,4,0,5,33.04925481,305,231800,3
2,54.20534991,3,1,2,1.551666667,9,6840,2
3,54.06893778,3,1,0,0,0,0,1
4,79.20314775,2,1,4,15.68528562,403,306280,2
5,94.98525888,0,1,4,16.28162698,281,213560,2
6,93.08160274,0,1,2,9.408337862,222,168720,1
7,82.45613198,0,0,0,0,0,0,0
8,52.80578858,3,3,4,13.82583333,146,110960,3
9,,0,5,0,0,0,0,2
10,86.89702166,0,0,0,0,0,0,0
11,,0,4,0,0,0,0,1
12,89.48522369,0,3,2,9.310145089,252,191520,2
13,94.69985233,0,3,2,7.973388158,288,218880,2
14,99.87399737,0,0,0,0,0,0,0
15,30.86054399,4,0,2,4.401164216,84,63840,2
16,87.39234064,0,3,4,13.77882543,362,275120,2
17,78.95122817,2,3,5,21.29761054,810,615600,3
18,,0,0,0,0,0,0,0
19,79.64485372,2,3,4,16.606625,1117,848920,3
20,80.81944254,0,3,4,15.43275463,228,173280,2
21,87.65063636,0,1,3,12.52330309,350,266000,1
22,86.96169393,0,1,5,32.03648438,267,202920,2
23,98.8986995,0,0,0,0,0,0,0
24,91.15400566,0,3,4,16.3329349,531,403560,2
25,37.73465559,4,0,5,46.48699577,2051,1558760,3
26,89.9337695,0,1,4,17.44099206,300,228000,2
27,82.74187196,0,3,4,16.85901042,442,335920,2
28,83.71106906,0,0,5,27.09334201,240,182400,2
29,92.6569651,0,3,5,21.66527778,397,301720,3
30,68.8286068,2,0,0,0,0,0,1
31,93.52407132,0,3,2,6.289551841,239,181640,2
32,82.88380802,0,1,2,6.590674079,659,500840,1
33,79.83989197,2,1,5,38.54213983,1468,1115680,3
34,90.52442706,0,0,5,21.76385417,227,172520,2
35,94.40644645,0,3,3,11.77114149,501,380760,2
36,89.19212212,0,3,3,11.58377083,417,316920,2
37,80.71133417,0,0,4,14.6102039,586,445360,1
38,93.67190607,0,3,2,9.5371875,501,380760,2
39,88.3529701,0,3,4,14.2957148,348,264480,2
40,83.72624926,0,3,4,16.42301404,594,451440,2
41,96.48538206,0,3,4,13.39933424,546,414960,2
42,21.1889905,5,0,2,9.367157738,243,184680,2
43,64.18388438,3,1,2,9.713589015,234,177840,2
44,89.40845207,0,3,3,11.36942255,501,380760,2
45,96.34844588,0,1,4,16.44392992,138,104880,2
46,68.20575867,2,1,5,25.75072917,89,67640,3
47,79.03637147,2,3,4,14.61069892,386,293360,3
48,99.47187501,0,3,2,7.196009339,222,168720,2
49,89.10328869,0,1,2,3.51125,177,134520,1
50,92.19468379,0,3,3,9.827087418,459,348840,2
51,,0,5,0,0,0,0,2
52,69.58134653,2,3,5,26.0714625,484,367840,3
53,5.286219066,5,0,0,0,0,0,2
54,79.69226654,2,1,3,12.01973524,276,209760,2
55,78.76959249,2,0,0,0,0,0,1
56,49.44736899,4,0,0,0,0,0,1
57,90.58663608,0,0,5,19.41099583,385,292600,2
58,75.70137673,2,0,5,34.09711806,137,104120,2
59,95.80007482,0,3,2,8.720697338,315,239400,2
60,84.58440891,0,3,4,14.77672743,304,231040,2
61,88.82947196,0,3,4,17.92171569,248,188480,2
62,,0,5,0,0,0,0,2
63,67.89556285,2,0,2,8.3371875,30,22800,1
64,78.41862987,2,0,5,22.40434351,723,549480,2
65,78.61569903,2,0,0,0,0,0,1
66,,0,0,0,0,0,0,0
67,22.5942371,5,0,4,14.834375,84,63840,3
68,88.57199582,0,3,3,10.15102708,459,348840,2
69,92.08899858,0,3,2,7.382964015,78,59280,2
70,93.11488421,0,3,2,6.122021684,282,214320,2
71,81.12602916,0,3,4,16.36045406,504,383040,2
72,81.95934138,0,3,3,11.15558256,285,216600,2
73,41.57256746,4,0,5,18.43958946,236,179360,3
74,7.671556851,5,0,0,0,0,0,2
75,63.42208303,3,1,5,18.43267113,201,152760,3
76,,0,4,0,0,0,0,1
77,90.16741563,0,1,4,14.69499256,356,270560,2
78,4.256171756,5,1,5,23.79419271,69,52440,4
79,93.59668049,0,3,3,12.73445366,518,393680,2
80,99.13182878,0,0,3,11.505625,18,13680,1
81,86.65472728,0,3,2,9.35739805,408,310080,2
82,43.31741347,4,0,0,0,0,0,1
83,83.83456095,0,0,2,8.399261006,434,329840,1
84,55.70561851,3,3,4,16.6612125,331,251560,3
85,,0,0,0,0,0,0,0
86,,0,0,0,0,0,0,0
87,,0,4,0,0,0,0,1
88,56.24785812,3,0,0,0,0,0,1
89,90.93547158,0,0,5,25.56592803,835,634600,2
90,60.0830456,3,3,0,0,0,0,2
91,84.81289682,0,3,5,19.12016435,663,503880,3
92,86.56586981,0,3,5,19.43275849,421,319960,3
93,89.34796782,0,3,4,14.26395127,712,541120,2
94,90.56494295,0,3,2,7.044284188,282,214320,2
95,54.86965591,3,0,4,14.54654018,168,127680,2
96,94.64949415,0,0,4,13.78378968,252,191520,1
97,76.7785844,2,3,3,10.54666667,500,380000,3
98,96.02353048,0,0,5,19.8445,222,168720,2
99,100,0,0,0,0,0,0,0
100,,0,0,0,0,0,0,0
101,79.02262854,2,3,4,16.44699013,255,193800,3
102,63.93555901,3,0,2,7.092048611,24,18240,2
103,17.28554757,5,0,0,0,0,0,2
104,92.40456759,0,1,4,13.83646267,286,217360,2
105,92.50411836,0,1,3,11.25096065,96,72960,1
106,88.26171172,0,1,2,7.796008065,258,196080,1
107,76.10892724,2,1,5,22.55413043,376,285760,3
108,83.01197863,0,0,4,14.60082237,228,173280,1
109,36.64851089,4,0,0,0,0,0,1
110,61.58083736,3,0,3,10.57099702,339,257640,2
111,68.52402142,2,0,0,0,0,0,1
112,38.01392163,4,0,3,11.05508152,962,731120,2
113,73.14891691,2,0,0,0,0,0,1
114,7.850938558,5,0,5,31.86102679,160,121600,3
115,37.63877776,4,1,4,15.23389583,195,148200,3
116,94.53755883,0,3,2,6.428581178,186,141360,2
117,78.17128684,2,3,5,21.53072917,50,38000,3
118,99.63061365,0,0,0,0,0,0,0
119,86.31797964,0,3,4,16.38886048,426,323760,2
120,,0,4,0,0,0,0,1
121,96.98866792,0,1,2,7.817663043,171,129960,1
122,75.35323814,2,0,0,0,0,0,1
123,99.82168436,0,0,2,9.601354167,123,93480,1
124,50.71813815,3,0,2,1.137673611,9,6840,2
125,89.35910897,0,1,2,9.734013672,216,164160,1
126,42.95687836,4,0,0,0,0,0,1
127,50.99677974,3,0,4,16.23843119,420,319200,2
128,89.55705947,0,3,5,18.22150253,460,349600,3
129,75.92894236,2,0,5,21.19504808,402,305520,2
130,94.31098542,0,3,3,10.5375506,366,278160,2
131,93.55882943,0,3,2,9.35390129,358,272080,2
132,94.47537625,0,1,4,17.22876823,526,399760,2
133,72.76804581,2,0,5,41.22603693,597,453720,2
134,82.2739359,0,0,2,8.388148968,899,683240,1
135,83.47737466,0,3,5,18.27332849,616,468160,3
136,89.43293967,0,3,2,7.602847222,234,177840,2
137,95.98539742,0,3,4,14.2238432,222,168720,2
138,84.05216219,0,1,3,10.57747396,48,36480,1
139,91.14993191,0,3,3,9.815322581,300,228000,2
140,50.52735599,3,0,0,0,0,0,1
141,7.150703848,5,3,0,0,0,0,3
142,91.62243139,0,3,4,15.20476403,613,465880,2
143,71.52542203,2,1,3,12.39540417,1088,826880,2
144,85.85129763,0,3,4,14.72906492,537,408120,2
145,78.89217852,2,3,5,21.47434986,466,354160,3
146,37.9687452,4,1,2,1.941428571,9,6840,2
147,92.82303843,0,3,4,16.51968557,743,564680,2
148,83.42323274,0,3,4,17.53351449,322,244720,2
149,93.68913459,0,3,4,14.70090417,300,228000,2
150,100,0,0,0,0,0,0,0
151,63.74422212,3,0,5,25.16805208,546,414960,3
152,99.26894505,0,0,0,0,0,0,0
153,90.84450348,0,3,4,14.56334459,443,336680,2
154,88.65774062,0,3,3,13.10114583,213,161880,2
155,66.53841721,2,3,4,17.34359555,418,317680,3
156,88.84548907,0,3,4,15.46436384,345,262200,2
157,95.22918457,0,3,3,13.37508605,276,209760,2
158,92.76194539,0,3,4,13.78095703,348,264480,2
159,78.10947656,2,3,5,52.85545139,105,79800,3
160,,0,4,0,0,0,0,1
161,3.257529175,5,1,0,0,0,0,2
162,94.21542237,0,3,4,13.52505859,351,266760,2
163,97.05956422,0,1,3,11.51199346,533,405080,1
164,0.083010197,5,0,0,0,0,0,2
165,89.92534528,0,3,4,15.17469766,528,401280,2
166,93.53224036,0,3,3,13.3634592,282,214320,2
167,83.62756707,0,3,3,12.9433027,945,718200,2
168,90.16100042,0,3,4,13.72943229,231,175560,2
169,90.00780811,0,3,2,7.775154842,288,218880,2
170,91.23056731,0,3,3,11.32599306,315,239400,2
171,92.16999871,0,0,4,13.87264191,837,636120,1
172,99.46917292,0,0,5,20.063125,15,11400,2
173,62.5475882,3,1,0,0,0,0,1
174,93.98381219,0,1,5,26.03791413,771,585960,2
175,35.98930094,4,0,0,0,0,0,1
176,50.26083864,3,3,4,14.92924831,483,367080,3
177,79.65707397,2,1,5,24.59453125,514,390640,3
178,,0,4,0,0,0,0,1
179,91.99306917,0,3,3,11.96052928,393,298680,2
180,,0,4,0,0,0,0,1
181,42.61771815,4,0,0,0,0,0,1
182,36.3059885,4,0,0,0,0,0,1
183,,0,4,0,0,0,0,1
184,,0,0,0,0,0,0,0
185,86.18209954,0,1,4,14.51092188,514,390640,2
186,42.41797459,4,1,5,19.7646875,15,11400,3
187,87.04905092,0,3,2,8.237555339,265,201400,2
188,90.44868348,0,3,4,17.83016204,253,192280,2
189,85.14101474,0,3,3,11.71121875,331,251560,2
190,9.154250732,5,1,0,0,0,0,2
191,92.48677979,0,3,3,10.65269133,469,356440,2
192,,0,0,0,0,0,0,0
193,49.48008,4,0,3,11.85941406,96,72960,2
194,99.7218023,0,3,2,5.7403125,6,4560,2
195,93.30904554,0,3,3,10.87145573,423,321480,2
196,88.90817219,0,0,0,0,0,0,0
197,93.45500831,0,3,2,9.442214209,354,269040,2
198,3.606506543,5,0,2,7.738645833,6,4560,2
199,37.75250567,4,0,5,25.12461806,272,206720,3
200,73.80300009,2,1,4,14.02369167,297,225720,2
201,91.95401352,0,0,4,16.97922429,617,468920,1
202,,0,5,0,0,0,0,2
203,73.74412456,2,3,5,21.43466346,214,162640,3
204,65.23839218,2,3,4,17.75633102,120,91200,3
205,92.90437494,0,3,2,8.440049603,189,143640,2
206,68.39233851,2,1,5,38.98291667,155,117800,3
207,93.05666943,0,0,4,14.79729167,278,211280,1
208,86.74898854,0,3,4,15.4965625,427,324520,2
209,73.17412269,2,1,5,27.72413889,1176,893760,3
210,92.6979743,0,1,3,12.73801312,320,243200,1
211,58.82814937,3,1,2,4.789270833,6,4560,2
212,92.58136007,0,3,5,23.13132813,342,259920,3
213,95.78744925,0,3,3,11.7443076,377,286520,2
214,97.68422999,0,1,2,6.660759615,423,321480,1
215,99.79930546,0,1,0,0,0,0,0
216,46.72229063,4,0,2,6.972291667,174,132240,2
217,47.33433628,4,3,4,14.82921875,177,134520,4
218,100,0,0,0,0,0,0,0
219,,0,4,0,0,0,0,1
220,77.33322405,2,1,4,16.12844329,715,543400,2
221,20.50806938,5,0,0,0,0,0,2
222,46.83720024,4,0,0,0,0,0,1
223,93.29547998,0,0,3,10.40343297,234,177840,1
224,91.23905887,0,3,4,14.58773849,464,352640,2
225,81.27361294,0,1,2,8.622113971,135,102600,1
226,44.21921654,4,3,4,15.69672454,128,97280,4
227,93.29330653,0,0,0,0,0,0,0
228,16.17443919,5,0,0,0,0,0,2
229,74.75588432,2,1,5,21.57447338,888,674880,3
230,73.77633112,2,0,4,14.03797101,282,214320,2
231,27.60642597,5,3,5,19.3004078,674,512240,4
232,92.61115162,0,3,3,11.98185764,456,346560,2
233,42.03063422,4,3,4,16.85910417,283,215080,4
234,12.33494338,5,0,0,0,0,0,2
235,92.63213035,0,1,3,13.01592093,509,386840,1
236,73.5529144,2,3,3,11.70193975,417,316920,3
237,18.15041079,5,3,0,0,0,0,3
238,40.69608777,4,0,0,0,0,0,1
239,,0,5,0,0,0,0,2
240,85.51179171,0,3,4,16.46488715,307,233320,2
241,87.51530964,0,3,4,13.95391006,515,391400,2
242,98.6913477,0,0,2,6.117976409,405,307800,1
243,64.20754635,3,1,5,32.81952257,257,195320,3
244,92.79955772,0,0,5,23.20539141,571,433960,2
245,21.62798273,5,0,2,8.674847756,120,91200,2
246,88.66690105,0,1,5,19.73938881,1248,948480,2
247,54.59929617,3,3,0,0,0,0,2
248,85.48977443,0,3,3,10.28536458,500,380000,2
249,71.21004069,2,3,5,40.77981571,1033,785080,3
250,88.39328383,0,3,3,10.88854388,500,380000,2
251,48.5108076,4,0,2,5.119879808,72,54720,2
252,30.48041384,4,0,2,1.641992188,6,4560,2
253,84.26341241,0,0,4,17.00514719,634,481840,1
254,,0,5,0,0,0,0,2
255,62.64325729,3,3,5,24.80559896,70,53200,4
256,96.93752197,0,3,2,5.08594401,174,132240,2
257,93.01431731,0,0,3,11.61153509,399,303240,1
258,84.43438523,0,3,5,20.56493129,732,556320,3
259,91.0115119,0,3,4,17.6535506,1005,763800,2
260,99.77421915,0,0,0,0,0,0,0
261,86.81239716,0,3,3,11.95625,319,242440,2
262,70.64917949,2,0,4,16.85809812,434,329840,2
263,66.08576458,2,0,0,0,0,0,1
264,7.174315213,5,3,0,0,0,0,3
265,59.71940679,3,3,3,10.55166667,12,9120,3
266,27.20121768,5,0,0,0,0,0,2
267,95.50223075,0,3,2,8.582405754,339,257640,2
268,91.63934474,0,1,0,0,0,0,0
269,,0,5,0,0,0,0,2
270,17.108226,5,0,0,0,0,0,2
271,86.39520666,0,3,5,23.64161685,401,304760,3
272,32.03887099,4,0,5,26.13510417,20,15200,3
273,82.98626162,0,3,3,10.52238889,294,223440,2
274,,0,0,0,0,0,0,0
275,86.45577763,0,0,5,19.81466009,284,215840,2
276,78.00311693,2,1,4,15.36319853,425,323000,2
277,89.81376723,0,3,4,13.89744932,443,336680,2
278,85.6003289,0,3,4,16.51431548,589,447640,2
279,,0,4,0,0,0,0,1
280,,0,4,0,0,0,0,1
281,,0,4,0,0,0,0,1
282,94.62180107,0,0,4,14.11957955,671,509960,1
283,91.20104538,0,0,3,10.46657534,714,542640,1
284,33.84750768,4,1,2,6.467083333,6,4560,2
285,86.16681585,0,3,3,12.05276786,153,116280,2
286,75.75736856,2,0,4,15.1285535,537,408120,2
287,92.4123221,0,3,4,14.66661348,597,453720,2
288,84.50946296,0,1,5,20.1953105,817,620920,2
289,87.47074625,0,3,4,15.75452976,455,345800,2
290,81.53716081,0,3,2,6.850052083,81,61560,2
291,92.91988801,0,3,2,9.489424819,206,156560,2
292,95.21006247,0,3,2,9.468645833,479,364040,2
293,32.88897663,4,1,0,0,0,0,2
294,98.84952126,0,3,2,5.466321023,246,186960,2
295,37.34859859,4,0,5,44.4043316,364,276640,3
296,1.572238886,5,0,0,0,0,0,2
297,82.30433054,0,0,2,7.595400641,303,230280,1
298,92.61040931,0,3,3,12.67916266,295,224200,2
299,87.54112074,0,3,3,9.982206197,746,566960,2
300,40.60169089,4,0,5,45.00564583,465,353400,3
301,89.33228879,0,0,3,12.22375,72,54720,1
302,96.87461197,0,1,2,4.651891718,357,271320,1
303,98.19325489,0,0,0,0,0,0,0
304,78.6516727,2,1,5,21.78666393,623,473480,3
305,95.82405242,0,0,2,7.930560417,381,289560,1
306,92.91408378,0,3,3,12.11987202,384,291840,2
307,82.38799587,0,3,3,10.46494792,275,209000,2
308,95.02564714,0,1,4,15.89140625,78,59280,2
309,59.64777033,3,1,5,18.05520833,15,11400,3
310,95.62963654,0,3,2,6.698883102,230,174800,2
311,87.31363908,0,3,3,11.31636048,324,246240,2
312,28.45377143,5,1,5,24.68809896,583,443080,4
313,98.68326374,0,1,4,14.56538333,314,238640,2
314,90.40067467,0,3,3,12.07942345,451,342760,2
315,87.86906921,0,3,4,14.69510417,311,236360,2
316,95.96107563,0,0,2,9.099434896,354,269040,1
317,99.15084044,0,0,5,31.08364583,24,18240,2
318,74.32827672,2,3,0,0,0,0,2
319,81.45413028,0,1,5,25.49262751,1070,813200,2
320,59.45644996,3,3,0,0,0,0,2
321,89.68622019,0,3,5,21.4510617,856,650560,3
322,8.631267909,5,1,0,0,0,0,2
323,,0,0,0,0,0,0,0
324,38.69792577,4,0,5,35.74902778,75,57000,3
325,84.48285854,0,0,4,16.30516146,264,200640,1
326,73.03711471,2,1,4,16.14293478,588,446880,2
327,67.26907003,2,3,5,28.04465672,887,674120,3
328,,0,4,0,0,0,0,1
329,88.32952331,0,3,4,16.69877976,275,209000,2
330,79.82352475,2,0,0,0,0,0,1
331,46.59483237,4,3,0,0,0,0,2
332,94.4848654,0,3,2,6.291180556,138,104880,2
333,85.47972576,0,3,3,10.89338768,465,353400,2
334,90.09528048,0,3,4,17.87959583,354,269040,2
335,67.24794439,2,1,5,18.87743175,420,319200,3
336,52.3965787,3,1,5,22.48231707,671,509960,3
337,92.51089005,0,3,2,6.925200521,270,205200,2
338,,0,4,0,0,0,0,1
339,100,0,1,3,13.1963432,215,163400,1
340,82.76914851,0,3,4,15.7857197,289,219640,2
341,20.06425401,5,5,2,7.876190476,66,50160,4
342,92.86743701,0,3,5,19.81759154,506,384560,3
343,88.84353072,0,3,3,12.53704545,368,279680,2
344,82.41877738,0,3,4,17.89959787,609,462840,2
345,88.21211075,0,3,3,13.10545928,251,190760,2
346,99.8836201,0,0,0,0,0,0,0
347,,0,4,0,0,0,0,1
348,14.5323697,5,3,2,2.285719246,36,27360,3
349,90.74837753,0,3,3,12.21000744,291,221160,2
350,9.658352932,5,5,0,0,0,0,3
351,99.90047239,0,3,0,0,0,0,1
352,,0,0,0,0,0,0,0
353,96.78995508,0,0,2,9.355546035,507,385320,1
354,91.40051715,0,3,3,13.23281609,323,245480,2
355,82.71802039,0,3,5,23.44896322,1111,844360,3
356,90.24688165,0,3,5,18.440325,347,263720,3
357,86.09626896,0,3,3,12.08573925,331,251560,2
358,81.26385142,0,3,5,24.08148065,731,555560,3
359,,0,4,0,0,0,0,1
360,94.92019173,0,1,2,5.081278935,347,263720,1
361,96.75686762,0,1,5,20.24343006,225,171000,2
362,39.72591093,4,3,5,21.95867788,411,312360,4
363,93.63691481,0,1,2,9.551401721,439,333640,1
364,95.63761904,0,3,3,9.964475806,306,232560,2
365,87.75613722,0,0,0,0,0,0,0
366,93.06437165,0,3,2,7.100288978,222,168720,2
367,86.26793011,0,1,3,10.94629123,456,346560,1
368,87.92166565,0,1,3,13.19010417,234,177840,1
369,99.1912809,0,0,0,0,0,0,0
370,3.496831875,5,0,0,0,0,0,2
371,92.66011426,0,3,3,12.38262153,259,196840,2
372,94.99003142,0,0,3,11.22897263,528,401280,1
373,90.99327403,0,3,2,7.686450472,408,310080,2
374,9.299788182,5,0,5,31.213125,160,121600,3
375,22.27843675,5,3,2,8.052266204,348,264480,3
376,32.47472811,4,0,3,12.46571429,75,57000,2
377,87.31459497,0,3,2,4.493051802,150,114000,2
378,92.16046608,0,3,2,9.607923851,267,202920,2
379,93.61930377,0,3,3,10.13650752,348,264480,2
380,65.42126903,2,0,2,9.315022321,258,196080,1
381,85.85479059,0,3,3,12.01121528,66,50160,2
382,71.28380764,2,3,4,15.31514727,377,286520,3
383,91.2901587,0,3,3,11.13295139,386,293360,2
384,56.3149196,3,0,5,23.47345833,425,323000,3
385,93.60245196,0,3,2,6.881214431,261,198360,2
386,97.33042582,0,3,2,7.60220688,321,243960,2
387,92.93302782,0,3,3,10.747125,99,75240,2
388,93.44914467,0,1,4,15.80938387,638,484880,2
389,92.36170913,0,3,2,6.2014625,171,129960,2
390,95.5063605,0,1,2,9.642103545,606,460560,1
391,94.47752744,0,3,4,13.50159641,507,385320,2
392,82.97242357,0,3,4,14.48336111,531,403560,2
393,62.37350303,3,0,5,22.80690058,987,750120,3
394,,0,0,0,0,0,0,0
395,95.80360414,0,3,3,11.54728487,490,372400,2
396,57.19776146,3,0,0,0,0,0,1
397,34.04660498,4,0,4,14.49914773,540,410400,3
398,93.91096755,0,3,4,15.99529514,391,297160,2
399,93.99879964,0,0,0,0,0,0,0
400,73.24735706,2,0,5,19.20695023,249,189240,2
401,96.15049305,0,3,2,9.62166266,225,171000,2
402,93.68843605,0,1,5,18.31260417,648,492480,2
403,87.71063598,0,3,4,16.10076389,478,363280,2
404,86.71148533,0,0,0,0,0,0,0
405,,0,4,0,0,0,0,1
406,97.62782255,0,3,0,0,0,0,1
407,60.3763886,3,3,5,24.49330247,495,376200,4
408,2.505332325,5,0,0,0,0,0,2
409,72.44800416,2,3,4,16.73916667,93,70680,3
410,0.190063685,5,4,0,0,0,0,3
411,0.365368662,5,3,0,0,0,0,3
412,16.34527823,5,0,3,10.96772619,369,280440,3
413,93.03155896,0,3,3,12.34581207,542,411920,2
414,90.1451577,0,3,3,12.14878401,531,403560,2
415,93.38640021,0,1,2,5.028476563,81,61560,1
416,25.46060565,5,0,5,33.07954861,139,105640,3
417,73.07076122,2,3,5,36.06127264,577,438520,3
418,,0,5,0,0,0,0,2
419,13.52914939,5,3,0,0,0,0,3
420,78.83833894,2,1,4,13.39979167,482,366320,2
421,78.36691254,2,3,4,14.63604798,391,297160,3
422,91.31674838,0,0,4,15.30840278,138,104880,1
423,0.811330423,5,3,0,0,0,0,3
424,9.544906957,5,0,0,0,0,0,2
425,99.22724602,0,1,2,6.22719697,156,118560,1
426,4.879779452,5,0,0,0,0,0,2
427,91.12992661,0,3,5,20.48597098,437,332120,3
428,61.75829157,3,1,5,21.49484045,1241,943160,3
429,87.08963362,0,0,4,13.51842687,603,458280,1
430,85.71253129,0,0,5,20.72056008,1070,813200,2
431,85.81473109,0,3,4,16.4237687,529,402040,2
432,87.2707863,0,3,3,10.43461979,210,159600,2
433,81.31131417,0,3,3,12.10423828,490,372400,2
434,92.68878921,0,3,2,6.402647569,237,180120,2
435,94.38116498,0,3,2,9.304956897,250,190000,2
436,30.85810347,4,0,3,11.43317708,96,72960,2
437,84.72785777,0,0,4,13.6218287,336,255360,1
438,74.23343604,2,0,0,0,0,0,1
439,85.99701118,0,3,4,13.65545743,258,196080,2
440,89.23686496,0,1,5,17.98991587,353,268280,2
441,89.8805857,0,3,5,20.57007212,200,152000,3
442,92.12620351,0,3,3,12.90158701,192,145920,2
443,80.39897003,0,3,3,12.1160395,533,405080,2
444,97.10062579,0,1,2,9.470083333,54,41040,1
445,87.77633891,0,3,3,10.02795608,363,275880,2
446,90.26864107,0,3,3,11.20237917,240,182400,2
447,79.09886409,2,1,0,0,0,0,1
448,95.34744995,0,3,2,6.574627976,48,36480,2
449,84.18796503,0,3,4,15.72562789,436,331360,2
450,75.35585473,2,3,5,22.94461397,571,433960,3
451,91.02757754,0,3,5,26.09303686,236,179360,3
452,91.97531648,0,0,3,11.19415709,846,642960,1
453,67.33268982,2,3,2,7.804017361,252,191520,2
454,97.17834725,0,0,0,0,0,0,0
455,79.14784986,2,0,3,11.20315476,605,459800,2
456,68.48700759,2,3,5,20.14897159,844,641440,3
457,98.01231422,0,3,3,10.71021484,675,513000,2
458,92.22275632,0,3,3,11.43194097,309,234840,2
459,63.71330364,3,3,5,19.6791973,252,191520,4
460,85.95425433,0,1,3,12.19353104,537,408120,1
461,95.27124187,0,3,2,5.896166667,27,20520,2
462,85.59413707,0,1,5,20.23234848,336,255360,2
463,68.17680846,2,3,3,13.02163496,279,212040,3
464,99.70383253,0,1,5,25.93634191,308,234080,2
465,85.66371497,0,3,3,13.23069614,470,357200,2
466,49.21943125,4,3,5,20.1482923,505,383800,4
467,82.19969484,0,3,4,15.17958796,589,447640,2
468,90.92724023,0,3,4,15.18432151,442,335920,2
469,87.62151995,0,1,3,11.30493169,624,474240,1
470,93.73549377,0,0,3,10.41332292,1026,779760,1
471,,0,4,0,0,0,0,1
472,94.82684938,0,3,2,9.605719246,174,132240,2
473,24.72304092,5,0,0,0,0,0,2
474,,0,4,0,0,0,0,1
475,86.67740941,0,3,5,19.1735875,792,601920,3
476,70.67341004,2,3,4,16.91652462,765,581400,3
477,92.43181101,0,3,4,17.17203293,421,319960,2
478,89.13803044,0,3,3,11.0875372,147,111720,2
479,92.70377394,0,3,5,17.9753776,345,262200,3
480,79.45065349,2,3,5,19.63553571,106,80560,3
481,95.96693301,0,3,2,6.575531046,302,229520,2
482,93.80909986,0,1,3,10.747875,345,262200,1
483,80.891967,0,3,3,11.22942529,285,216600,2
484,66.0417777,2,1,2,5.702256944,39,29640,2
485,97.60256705,0,3,4,15.92809245,198,150480,2
486,73.45444285,2,1,2,9.209018429,255,193800,2
487,90.89133925,0,0,5,20.82854968,422,320720,2
488,92.93597451,0,0,5,21.20699306,249,189240,2
489,83.80358436,0,3,5,22.9542402,1191,905160,3
490,82.94713459,0,3,5,18.3930152,536,407360,3
491,78.68786851,2,1,4,15.27082813,949,721240,2
492,99.99955615,0,0,0,0,0,0,0
493,81.22247403,0,3,5,25.13171977,951,722760,3
494,61.94256657,3,1,0,0,0,0,1
495,81.48795859,0,0,4,14.35893495,606,460560,1
496,89.47464184,0,3,5,18.21621197,898,682480,3
497,93.93756814,0,3,3,11.60394965,264,200640,2
498,50.25264805,3,5,5,36.31623512,165,125400,4
499,83.19285432,0,3,5,21.65844637,766,582160,3
500,90.58621108,0,1,2,4.568349905,210,159600,1
501,93.94359338,0,3,2,7.58250947,150,114000,2
502,97.30199161,0,3,3,10.56327331,571,433960,2
503,90.80000578,0,3,3,11.9832648,409,310840,2
504,90.50145701,0,1,2,9.792916667,150,114000,1
505,,0,4,0,0,0,0,1
506,94.59294743,0,1,4,14.0108734,629,478040,2
507,54.95270582,3,3,0,0,0,0,2
508,79.39492115,2,0,5,18.85244792,27,20520,2
509,60.41849166,3,3,4,16.35937674,821,623960,3
510,89.2207309,0,3,3,9.82468414,291,221160,2
511,79.41158347,2,3,3,11.78533654,781,593560,3
512,86.1027573,0,3,3,10.99500604,644,489440,2
513,85.81549115,0,0,0,0,0,0,0
514,85.17135315,0,0,3,11.30330729,123,93480,1
515,51.65511226,3,3,0,0,0,0,2
516,91.96234817,0,3,2,5.404440104,102,77520,2
517,28.05488974,5,3,5,21.95760417,15,11400,4
518,94.166975,0,3,4,14.15459052,362,275120,2
519,83.28336656,0,1,3,10.20279514,66,50160,1
520,90.60703464,0,3,4,14.67514985,694,527440,2
521,44.39335418,4,1,0,0,0,0,2
522,24.01009947,5,3,5,51.13289063,258,196080,4
523,38.16299078,4,1,5,23.89239583,848,644480,3
524,91.72261866,0,1,2,4.47349026,318,241680,1
525,92.91022734,0,3,5,19.61229167,463,351880,3
526,89.32701805,0,0,3,11.56028153,432,328320,1
527,70.68230246,2,0,4,14.7799697,629,478040,2
528,53.62113955,3,3,4,14.66092566,553,420280,3
529,96.33339314,0,3,2,5.767532552,210,159600,2
530,94.77894917,0,3,3,10.93033514,664,504640,2
531,,0,4,0,0,0,0,1
532,77.19009493,2,3,5,23.33024212,639,485640,3
533,81.58997112,0,1,5,29.84045956,1429,1086040,2
534,40.79089044,4,0,5,19.40217172,478,363280,3
535,88.99265868,0,3,5,18.30326326,812,617120,3
536,62.86472381,3,1,3,12.63130208,24,18240,2
537,64.00609066,3,3,3,10.79725,407,309320,3
538,93.66385306,0,3,2,6.697982337,315,239400,2
539,84.0030474,0,3,3,10.19683689,405,307800,2
540,31.70926247,4,3,3,10.64875631,315,239400,3
541,79.94939894,2,1,5,24.69133213,953,724280,3
542,97.41860403,0,1,3,11.3268239,543,412680,1
543,95.06102248,0,3,3,12.09369531,434,329840,2
544,90.13785759,0,3,4,15.4570011,489,371640,2
545,95.12894163,0,3,2,8.249997736,364,276640,2
546,88.5449771,0,3,4,13.89416667,179,136040,2
547,32.17544264,4,1,5,27.40446839,575,437000,3
548,0.748653309,5,0,0,0,0,0,2
549,44.13263504,4,1,5,18.98645833,15,11400,3
550,87.52019346,0,3,2,8.6915,427,324520,2
551,88.47756293,0,3,3,10.43945901,307,233320,2
552,83.12063139,0,3,5,22.42897246,980,744800,3
553,89.88935337,0,1,4,13.49662879,404,307040,2
554,61.74804637,3,3,3,10.88540365,192,145920,3
555,91.06547003,0,3,4,17.53240942,323,245480,2
556,96.09993653,0,3,2,8.413344595,348,264480,2
557,98.76173432,0,1,2,4.521318824,261,198360,1
558,93.21152552,0,3,4,13.68329728,308,234080,2
559,,0,0,0,0,0,0,0
560,40.87012102,4,0,0,0,0,0,1
561,91.77002918,0,3,3,11.88612083,537,408120,2
562,73.41152392,2,3,5,23.49860656,1073,815480,3
563,84.19929838,0,1,0,0,0,0,0
564,81.43782696,0,0,0,0,0,0,0
565,,0,5,0,0,0,0,2
566,94.89134514,0,3,4,15.00318419,555,421800,2
567,24.04158421,5,0,4,15.72858696,583,443080,3
568,,0,0,0,0,0,0,0
569,45.55432995,4,3,0,0,0,0,2
570,6.486300191,5,1,0,0,0,0,2
571,53.79469074,3,3,5,29.59184722,1520,1155200,4
572,93.44472288,0,0,2,8.040290948,225,171000,1
573,90.62954707,0,3,4,14.03937047,544,413440,2
574,50.46711196,3,1,0,0,0,0,1
575,90.93593304,0,3,4,13.86528819,355,269800,2
576,96.5204406,0,0,3,11.52121212,324,246240,1
577,,0,4,0,0,0,0,1
578,100,0,0,2,6.57828125,15,11400,1
579,90.70950104,0,3,2,9.138299242,435,330600,2
580,85.30951629,0,0,3,12.08405646,743,564680,1
581,95.62001328,0,3,2,7.611714221,347,263720,2
582,58.61622854,3,0,3,11.40298611,339,257640,2
583,89.0799844,0,3,4,13.55068452,411,312360,2
584,93.19523339,0,3,2,9.667212838,321,243960,2
585,100,0,3,0,0,0,0,1
586,95.58482747,0,3,3,12.31687996,245,186200,2
587,56.86043429,3,0,4,15.91034375,805,611800,2
588,88.02118504,0,3,5,24.52351376,1023,777480,3
589,68.04638189,2,3,4,16.95514633,1147,871720,3
590,93.02404677,0,3,3,10.0067455,361,274360,2
591,68.56003181,2,0,5,17.9428125,275,209000,2
592,71.50733045,2,1,5,21.926875,672,510720,3
593,,0,4,0,0,0,0,1
594,91.77908655,0,3,2,9.147432065,207,157320,2
595,28.13485742,5,5,0,0,0,0,3
596,91.0898373,0,3,2,9.673498563,273,207480,2
597,92.63363929,0,1,3,9.81703125,198,150480,1
598,92.93389491,0,1,2,9.121160714,495,376200,1
599,87.63814306,0,1,4,13.75652778,144,109440,2
600,,0,5,0,0,0,0,2
601,94.07008301,0,3,4,13.52243659,273,207480,2
602,87.0172384,0,1,4,16.88334936,343,260680,2
603,,0,4,0,0,0,0,1
604,,0,0,0,0,0,0,0
605,99.11537479,0,0,5,27.15661458,39,29640,2
606,2.630672076,5,4,4,13.48041667,54,41040,4
607,90.4576734,0,3,5,18.04643229,59,44840,3
608,89.14914651,0,1,5,23.29624783,835,634600,2
609,93.06823692,0,0,2,8.239391121,711,540360,1
610,,0,5,0,0,0,0,2
611,80.35758156,0,3,5,27.37326823,313,237880,3
612,86.12079774,0,3,3,9.987056548,308,234080,2
613,64.28298262,3,3,4,13.92288434,311,236360,3
614,92.73511271,0,3,3,13.25561343,427,324520,2
615,84.29291604,0,3,3,11.46274926,282,214320,2
616,91.39003383,0,3,3,10.21270196,459,348840,2
617,74.56397084,2,0,5,26.26514178,684,519840,2
618,84.32587973,0,3,2,9.492566288,224,170240,2
619,43.58220268,4,0,2,8.080988372,378,287280,2
620,90.46658874,0,3,4,16.52388095,480,364800,2
621,96.94534093,0,1,2,5.751622596,159,120840,1
622,76.10869952,2,3,4,17.05786343,608,462080,3
623,97.61656648,0,3,2,7.884700255,405,307800,2
624,0.640621408,5,3,0,0,0,0,3
625,98.81621087,0,0,2,8.380801282,114,86640,1
626,68.83700457,2,0,0,0,0,0,1
627,95.69842166,0,3,2,9.761051587,411,312360,2
628,72.67337251,2,1,3,11.01194196,150,114000,2
629,93.40011136,0,1,3,10.34070383,378,287280,1
630,87.90531253,0,3,3,10.77464892,276,209760,2
631,82.48378367,0,3,2,8.495729167,345,262200,2
632,91.47225921,0,3,3,9.961841755,398,302480,2
633,89.02652103,0,0,4,16.58638997,435,330600,1
634,87.36016928,0,1,5,24.98932566,354,269040,2
635,65.18578288,2,3,5,18.25774306,80,60800,3
636,40.63622182,4,0,2,4.943844004,222,168720,2
637,44.99295503,4,0,5,39.2331901,222,168720,3
638,89.72241732,0,0,4,17.16113715,167,126920,1
639,91.33507534,0,3,5,20.09034314,264,200640,3
640,71.03598687,2,1,5,24.15084978,671,509960,3
641,81.86352153,0,3,5,21.94846014,379,288040,3
642,59.93027258,3,0,2,9.610641957,800,608000,2
643,76.53432172,2,0,0,0,0,0,1
644,42.15305738,4,0,3,12.69663194,36,27360,2
645,75.16197848,2,0,0,0,0,0,1
646,87.10773614,0,3,3,11.94359623,239,181640,2
647,88.11337544,0,0,0,0,0,0,0
648,90.80298707,0,3,4,15.36028646,306,232560,2
649,86.5751219,0,3,2,8.319548611,132,100320,2
650,,0,4,0,0,0,0,1
651,83.59658012,0,1,2,9.123070355,534,405840,1
652,18.97903961,5,1,5,49.60320313,140,106400,4
653,65.65759217,2,3,2,4.501902282,195,148200,2
654,87.42849058,0,3,2,8.998973765,234,177840,2
655,17.89141071,5,1,5,31.75598958,466,354160,4
656,63.9156499,3,3,3,12.20673295,534,405840,3
657,94.40510633,0,3,3,11.83179801,517,392920,2
658,93.97965668,0,3,3,12.25661095,488,370880,2
659,95.3429071,0,3,4,15.03494643,441,335160,2
660,,0,4,0,0,0,0,1
661,,0,4,0,0,0,0,1
662,64.99112566,3,3,4,15.0166438,490,372400,3
663,92.42828974,0,3,2,7.029239341,303,230280,2
664,94.63962683,0,3,3,10.78067014,290,220400,2
665,,0,4,0,0,0,0,1
666,87.39657283,0,0,3,10.46586905,319,242440,1
667,90.36566945,0,3,3,9.903148522,278,211280,2
668,85.79239122,0,3,4,16.43984954,339,257640,2
669,86.31806811,0,1,3,13.3553869,84,63840,1
670,72.21819288,2,3,2,5.519583333,6,4560,2
671,82.48205879,0,3,2,8.62892094,366,278160,2
672,,0,0,0,0,0,0,0
673,96.03613158,0,3,2,8.77815,413,313880,2
674,59.13386608,3,0,0,0,0,0,1
675,88.60684429,0,1,4,14.98201389,354,269040,2
676,92.27938796,0,3,4,17.77810957,763,579880,2
677,91.93584931,0,3,2,9.470134181,539,409640,2
678,5.057327341,5,1,0,0,0,0,2
679,93.48010054,0,3,2,9.178835784,312,237120,2
680,95.69868768,0,3,2,8.523380208,168,127680,2
681,90.25681081,0,3,4,14.64033144,802,609520,2
682,60.74600434,3,0,0,0,0,0,1
683,86.12838384,0,3,2,6.745135417,69,52440,2
684,62.02541015,3,3,5,18.50886416,1067,810920,4
685,91.90059018,0,3,4,16.23497396,392,297920,2
686,80.32063373,0,0,3,13.26358428,257,195320,1
687,90.75469899,0,3,5,19.29228009,545,414200,3
688,91.56188611,0,3,5,18.64954215,632,480320,3
689,92.7609489,0,3,4,16.63158088,704,535040,2
690,84.82722681,0,0,2,8.3656125,209,158840,1
691,92.11738452,0,0,5,20.90107329,901,684760,2
692,14.27490848,5,3,0,0,0,0,3
693,87.65600223,0,3,3,10.6972822,231,175560,2
694,87.73898089,0,3,3,12.91687767,441,335160,2
695,94.03317774,0,3,2,7.707821181,261,198360,2
696,59.24670359,3,3,5,23.91537791,742,563920,4
697,,0,4,0,0,0,0,1
698,78.6448656,2,0,5,19.21407782,506,384560,2
699,87.13921947,0,3,5,19.42303686,576,437760,3
700,94.96702309,0,3,3,12.41615885,438,332880,2
701,68.60584659,2,3,5,17.99878788,451,342760,3
702,99.8720376,0,0,3,11.19947917,159,120840,1
703,76.87775187,2,0,3,12.08927083,245,186200,2
704,81.79524171,0,3,4,16.39997222,592,449920,2
705,26.78808952,5,1,5,23.45428571,125,95000,4
706,93.12583985,0,0,0,0,0,0,0
707,61.71926756,3,0,4,17.13923394,647,491720,2
708,62.50681095,3,0,3,13.05277423,552,419520,2
709,54.57065269,3,3,5,25.20961174,204,155040,4
710,88.64041815,0,3,3,11.29483854,203,154280,2
711,73.38268788,2,0,3,11.02125,12,9120,2
712,90.86885957,0,1,4,15.36402574,207,157320,2
713,96.79981987,0,3,3,11.25350379,432,328320,2
714,89.87976772,0,3,3,10.02310547,150,114000,2
715,80.43605577,0,3,4,14.53642361,144,109440,2
716,91.98001727,0,3,2,8.704213542,152,115520,2
717,57.99204926,3,0,4,15.7623099,522,396720,2
718,14.24744856,5,0,0,0,0,0,2
719,98.65327034,0,1,2,8.055510204,405,307800,1
720,77.5642298,2,3,5,21.46655,397,301720,3
721,39.79247432,4,0,0,0,0,0,1
722,92.71433678,0,3,3,10.65928333,226,171760,2
723,82.54880902,0,3,4,15.25217226,519,394440,2
724,71.15719943,2,1,2,7.382541667,42,31920,2
725,82.8373608,0,0,5,29.97325249,1401,1064760,2
726,87.6920888,0,3,3,12.54944444,503,382280,2
727,22.73434773,5,3,4,17.5258044,249,189240,4
728,92.2262383,0,3,4,16.57282552,204,155040,2
729,60.45575043,3,3,5,28.62757891,668,507680,4
730,92.13084919,0,3,2,7.881868873,129,98040,2
731,90.2090826,0,3,2,2.033472222,12,9120,2
732,83.88358916,0,3,3,11.38661706,210,159600,2
733,92.79135438,0,3,3,11.79018392,699,531240,2
734,,0,0,0,0,0,0,0
735,10.29386504,5,0,5,31.05635938,460,349600,3
736,83.38192341,0,3,5,18.293379,1025,779000,3
737,85.10824231,0,1,3,11.36805833,294,223440,1
738,19.48385145,5,0,4,17.20071429,93,70680,3
739,92.11294076,0,3,5,19.60776647,637,484120,3
740,95.15009316,0,3,2,6.827832825,282,214320,2
741,84.56414992,0,1,5,20.81448191,618,469680,2
742,,0,4,0,0,0,0,1
743,97.62483337,0,3,2,5.752341486,135,102600,2
744,99.33724043,0,3,3,10.24583333,24,18240,2
745,92.19694585,0,3,3,11.67248512,599,455240,2
746,69.42567711,2,1,4,15.08140625,54,41040,2
747,77.02594896,2,0,4,15.48507563,908,690080,2
748,19.1097293,5,0,5,26.32432765,209,158840,3
749,82.36403343,0,1,3,12.25291952,793,602680,1
750,90.63911713,0,1,5,19.2619875,369,280440,2
751,,0,4,0,0,0,0,1
752,64.14866618,3,0,0,0,0,0,1
753,21.19064115,5,3,0,0,0,0,3
754,24.47098774,5,3,4,16.0300625,68,51680,4
755,,0,5,0,0,0,0,2
756,65.29071468,2,1,5,31.58631771,889,675640,3
757,60.50751873,3,3,5,21.93722222,487,370120,4
758,92.72611346,0,3,4,13.47651882,714,542640,2
759,94.47943876,0,3,3,12.08767072,383,291080,2
760,91.59518178,0,3,3,11.40972739,465,353400,2
761,38.87974927,4,3,5,21.21407738,813,617880,4
762,96.77288898,0,3,4,16.13580729,54,41040,2
763,87.55329309,0,3,4,17.22805276,869,660440,2
764,86.93341604,0,3,5,18.43295732,593,450680,3
765,15.18851257,5,3,5,28.01146234,528,401280,4
766,43.06042795,4,3,0,0,0,0,2
767,76.58295495,2,0,0,0,0,0,1
768,65.24438457,2,1,0,0,0,0,1
769,12.54998474,5,0,0,0,0,0,2
770,,0,4,0,0,0,0,1
771,91.07240258,0,3,3,11.41875473,219,166440,2
772,93.643241,0,3,4,16.30754442,908,690080,2
773,93.12867145,0,3,3,12.88418311,437,332120,2
774,28.72035958,5,0,2,9.535520833,12,9120,2
775,,0,4,0,0,0,0,1
776,68.30866256,2,3,5,31.0670375,1073,815480,3
777,85.27872875,0,3,4,16.01924395,400,304000,2
778,94.1408677,0,3,3,12.23439852,314,238640,2
779,81.08391353,0,3,5,19.28479167,964,732640,3
780,88.13231022,0,3,4,14.09096354,441,335160,2
781,87.04259561,0,3,2,8.897757469,465,353400,2
782,89.97507578,0,3,5,18.52245581,476,361760,3
783,,0,4,0,0,0,0,1
784,98.81018063,0,3,3,12.29320685,302,229520,2
785,88.48569678,0,3,5,23.43087384,299,227240,3
786,59.847727,3,1,4,14.35942708,388,294880,3
787,92.60003673,0,3,5,25.28406622,527,400520,3
788,93.54159874,0,3,3,11.05273438,198,150480,2
789,63.18601893,3,0,0,0,0,0,1
790,84.78137395,0,0,4,15.36361458,246,186960,1
791,84.84959087,0,1,4,16.39973958,200,152000,2
792,91.92741706,0,3,2,9.786905637,304,231040,2
793,5.313732707,5,0,0,0,0,0,2
794,83.779717,0,1,3,13.28003472,102,77520,1
795,92.99631642,0,3,2,9.54512037,435,330600,2
796,89.84042209,0,3,3,12.64723279,245,186200,2
797,6.482112296,5,3,0,0,0,0,3
798,84.09875098,0,1,4,15.051875,580,440800,2
799,91.50434836,0,0,5,19.98022917,468,355680,2
800,60.74831256,3,3,5,26.53712838,711,540360,4
801,97.93859013,0,0,2,5.381475694,33,25080,1
802,79.63333006,2,1,3,12.16633401,306,232560,2
803,91.60518837,0,3,2,7.231690476,240,182400,2
804,100,0,3,0,0,0,0,1
805,84.2954585,0,3,3,13.14738225,285,216600,2
806,62.58471094,3,0,0,0,0,0,1
807,,0,5,0,0,0,0,2
808,,0,4,0,0,0,0,1
809,88.39411096,0,3,5,22.4646062,701,532760,3
810,97.79890028,0,0,0,0,0,0,0
811,93.58006181,0,1,4,16.66773611,198,150480,2
812,95.0933065,0,3,3,10.88646528,299,227240,2
813,57.8073227,3,0,0,0,0,0,1
814,92.79083598,0,3,4,13.65538542,478,363280,2
815,89.5971146,0,0,5,20.38603554,271,205960,2
816,56.46421067,3,0,4,17.1216862,440,334400,2
817,88.90039919,0,3,5,23.97402778,778,591280,3
818,0.441415196,5,3,0,0,0,0,3
819,94.42899556,0,3,2,5.79010723,204,155040,2
820,85.49309679,0,0,5,26.23094329,350,266000,2
821,95.78685814,0,3,2,9.468690476,446,338960,2
822,83.51187608,0,1,5,25.82289133,695,528200,2
823,,0,4,0,0,0,0,1
824,9.597020353,5,3,5,19.4590625,27,20520,4
825,92.68833856,0,3,2,7.465188301,204,155040,2
826,85.03043637,0,3,4,16.38090774,384,291840,2
827,84.4160132,0,1,4,14.5665997,348,264480,2
828,93.26272226,0,1,3,12.98165865,288,218880,1
829,71.0067313,2,0,2,7.62460779,765,581400,1
830,90.67201331,0,3,3,13.37436492,735,558600,2
831,36.12599381,4,1,0,0,0,0,2
832,93.72145395,0,3,3,12.24914286,393,298680,2
833,,0,0,0,0,0,0,0
834,91.37765908,0,3,3,10.63638194,294,223440,2
835,86.33903288,0,0,4,15.12092936,811,616360,1
836,,0,0,0,0,0,0,0
